Time,Metric Function,Energy Density
1.0,1.0,1.0
1.1998399679935987,1.0000000018650204,0.8331018918536304
1.3996799359871974,1.000000003730041,0.7137084382283714
1.5995199039807961,1.0000000055950613,0.6251019954225266
1.7993598719743948,1.0000000074600819,0.5560771720062265
1.9991998399679936,1.0000000093251022,0.5002177812246977
2.1990398079615923,1.0000000111901228,0.4546224229710624
2.3988797759551908,1.0000000130551434,0.41657842019742397
2.5987197439487897,1.0000000149201638,0.38453607748398727
2.7985597119423886,1.0000000167851844,0.3572127668930495
2.998399679935987,1.0000000186502047,0.33356822305747735
3.1982396479295856,1.0000000205152253,0.3128045431807076
3.3980796159231845,1.0000000223802457,0.2943661870367469
3.5979195839167835,1.000000024245266,0.2779399769701715
3.797759551910382,1.0000000261102866,0.26328371265870004
3.9975995199039804,1.0000000279753072,0.2500564410754811
4.197439487897579,1.0000000298403275,0.23809229633073803
4.397279455891178,1.000000031705348,0.22724097869481485
4.597119423884777,1.0000000335703685,0.21736546388600597
4.796959391878375,1.0000000354353888,0.2083420030705564
4.996799359871974,1.0000000373004092,0.20006012286266156
5.196639327865573,1.0000000391654298,0.19242262532446772
5.396479295859171,1.0000000410304501,0.18534558796607148
5.59631926385277,1.0000000428954705,0.17875836374552012
5.796159231846369,1.0000000447604909,0.1726035810688114
5.995999199839968,1.0000000466255115,0.16683714378989373
6.195839167833567,1.0000000484905318,0.16142823121066602
6.395679135827165,1.0000000503555522,0.15635929808097793
6.595519103820764,1.0000000522205725,0.15161558766295838
6.795359071814363,1.000000054085593,0.14714319388771493
6.995199039807961,1.0000000559506135,0.14291960889697938
7.19503900780156,1.0000000578156338,0.13892861063911222
7.394878975795159,1.0000000596806542,0.1351546989862211
7.594718943788758,1.0000000615456746,0.1315830957341606
7.794558911782357,1.000000063410695,0.1281997446025325
7.994398879775955,1.0000000652757153,0.12499131123468551
8.194238847769554,1.0000000671407356,0.12194518319771537
8.394078815763152,1.000000069005756,0.11904946998246496
8.59391878375675,1.0000000708707764,0.1162930030035241
8.79375875175035,1.0000000727357967,0.1136653355992297
8.993598719743948,1.000000074600817,0.11115674303166576
9.193438687737547,1.0000000764658374,0.10875822248666324
9.393278655731146,1.0000000783308578,0.1064614930738002
9.593118623724745,1.0000000801958782,0.10425899582640172
9.792958591718342,1.0000000820608985,0.10214389370153996
9.992798559711941,1.0000000839259189,0.10011007158003407
10.19263852770554,1.0000000857909392,0.09815213626645028
10.39247849569914,1.0000000876559596,0.0962654164891018
10.592318463692738,1.00000008952098,0.09444596290004903
10.792158431686337,1.0000000913860003,0.09269054807509927
10.991998399679936,1.0000000932510207,0.09099666651380692
11.191838367673535,1.000000095116041,0.08936253463947343
11.391678335667134,1.0000000969810612,0.08778709079914727
11.591518303660731,1.0000000988460815,0.08626999526362401
11.79135827165433,1.000000100711102,0.08480667011204208
11.991198239647929,1.0000001025761223,0.0833898194810583
12.191038207641528,1.0000001044411426,0.08201774747102665
12.390878175635127,1.000000106306163,0.08068882527839213
12.590718143628726,1.0000001081711831,0.07940146334297596
12.790558111622325,1.0000001100362035,0.07815411134797551
12.990398079615922,1.0000001119012238,0.0769452582199644
13.19023804760952,1.0000001137662442,0.07577343212889243
13.39007801560312,1.0000001156312643,0.07463720048808556
13.589917983596719,1.0000001174962847,0.07353516995424603
13.789757951590317,1.000000119361305,0.0724659864274522
13.989597919583916,1.0000001212263252,0.07142833505115868
14.189437887577515,1.0000001230913456,0.07042094021219625
14.389277855571114,1.0000001249563657,0.06944256554077191
14.589117823564713,1.000000126821386,0.06849201391046883
14.78895779155831,1.0000001286864064,0.06756812743824642
14.98879775955191,1.0000001305514266,0.06666978748444026
15.188637727545508,1.000000132416447,0.0657959146527621
15.388477695539107,1.000000134281467,0.06494546879029997
15.588317663532706,1.0000001361464874,0.064117448987518
15.788157631526305,1.0000001380115076,0.06331089357825662
15.987997599519904,1.000000139876528,0.06252488013973238
16.1878375675135,1.000000141741548,0.06175852549253807
16.387677535507102,1.0000001436065684,0.06101098570064263
16.5875175035007,1.0000001454715886,0.06028145607139129
16.787357471494296,1.000000147336609,0.05956917115550538
16.987197439487897,1.000000149201629,0.058873404747082476
17.187037407481494,1.0000001510666494,0.058193469883596374
17.386877375475095,1.0000001529316696,0.057528718845897
17.586717343468692,1.0000001547966897,0.05687854315821056
17.786557311462293,1.00000015666171,0.0562423735881394
17.98639727945589,1.0000001585267302,0.055619680146662104
18.18623724744949,1.0000001603917503,0.05500997208813341
18.386077215443088,1.0000001622567707,0.05441279791028428
18.585917183436685,1.0000001641217908,0.05382774535422189
18.785757151430285,1.000000165986811,0.053254441404429594
18.985597119423883,1.0000001678518313,0.05269255228876695
19.185437087417483,1.0000001697168515,0.05214178347846972
19.38527705541108,1.0000001715818716,0.05160187968814984
19.58511702340468,1.0000001734468917,0.05107262487579547
19.78495699139828,1.000000175311912,0.05055384224277097
19.98479695939188,1.0000001771769322,0.05004539423381688
20.184636927385476,1.0000001790419524,0.049547182537049976
20.384476895379073,1.0000001809069725,0.049059148083963194
20.584316863372674,1.0000001827719927,0.04858127104942564
20.78415683136627,1.0000001846370128,0.04811357069675846
20.983996799359872,1.000000186502033,0.04765510441260728
21.18383676735347,1.000000188367053,0.04720483401138025
21.38367673534707,1.0000001902320734,0.046762595087153774
21.583516703340667,1.0000001920970936,0.04632822536349283
21.783356671334268,1.0000001939621137,0.04590156469345092
21.983196639327865,1.0000001958271338,0.04548245505957016
22.183036607321462,1.000000197692154,0.045070740573881204
22.382876575315063,1.0000001995571741,0.04466626747790324
22.58271654330866,1.0000002014221943,0.04426888414264407
22.78255651130226,1.0000002032872144,0.04387844106860002
22.982396479295858,1.0000002051522345,0.04349479088575599
23.18223644728946,1.0000002070172547,0.043117788353585415
23.382076415283056,1.0000002088822748,0.04274729036105035
23.581916383276653,1.000000210747295,0.042383155926601364
23.781756351270253,1.000000212612315,0.04202524619817758
23.98159631926385,1.0000002144773352,0.04167342445320672
24.18143628725745,1.0000002163423554,0.041327556098605035
24.38127625525105,1.0000002182073753,0.04098750867077736
24.58111622324465,1.0000002200723954,0.040653151835617074
24.780956191238246,1.0000002219374156,0.040324357388506135
24.980796159231843,1.0000002238024357,0.040000999254315044
25.180636127225444,1.0000002256674558,0.03968295348740286
25.38047609521904,1.000000227532476,0.03937009827161723
25.580316063212642,1.000000229397496,0.039062313920294335
25.78015603120624,1.000000231262516,0.03875948287625894
25.97999599919984,1.0000002331275362,0.03846148971182434
26.179835967193437,1.0000002349925563,0.03816822112879242
26.379675935187038,1.0000002368575764,0.037879565958453626
26.579515903180635,1.0000002387225964,0.03759541516158694
26.779355871174232,1.0000002405876165,0.037315661828459926
26.979195839167833,1.0000002424526366,0.037040201178828704
27.17903580716143,1.0000002443176566,0.03676893056193795
27.37887577515503,1.0000002461826767,0.03650174945652091
27.578715743148628,1.0000002480476968,0.036238559470799396
27.77855571114223,1.0000002499127167,0.03597926434248376
27.978395679135826,1.0000002517777369,0.03572376993877292
28.178235647129426,1.000000253642757,0.03547198425635438
28.378075615123024,1.000000255507777,0.03522381742140418
28.57791558311662,1.000000257372797,0.03497918168958693
28.77775555111022,1.000000259237817,0.03473799144605579
28.97759551910382,1.0000002611028371,0.03450016320545251
29.17743548709742,1.000000262967857,0.034265615611907364
29.377275455091016,1.0000002648328772,0.03403426943903921
29.577115423084617,1.000000266697897,0.033806047589955465
29.776955391078214,1.0000002685629172,0.0335808750972521
29.97679535907181,1.0000002704279372,0.033358679123013664
30.176635327065412,1.0000002722929573,0.033139388958813236
30.37647529505901,1.0000002741579772,0.03292293602571249
30.57631526305261,1.0000002760229973,0.03270925387426163
30.776155231046207,1.0000002778880173,0.03249827818449945
30.975995199039808,1.0000002797530374,0.032289946765953294
31.175835167033405,1.0000002816180573,0.03208419955763906
31.375675135027002,1.0000002834830772,0.031880978628061205
31.575515103020603,1.0000002853480974,0.031680228175212766
31.7753550710142,1.0000002872131173,0.03148189452657533
31.9751950390078,1.0000002890781374,0.03128592613911903
32.1750350070014,1.0000002909431573,0.03109227359930259
32.374874974994995,1.0000002928081773,0.030900889623073274
32.57471494298859,1.0000002946731972,0.030711729055866915
32.7745549109822,1.0000002965382173,0.030524748872607897
32.974394878975794,1.0000002984032372,0.030339908177709186
33.17423484696939,1.0000003002682571,0.030157168205072294
33.37407481496299,1.000000302133277,0.029976492318087293
33.57391478295659,1.0000003039982972,0.029797846009632804
33.77375475095019,1.0000003058633171,0.029621196902076066
33.97359471894379,1.000000307728337,0.029446514747272803
34.173434686937384,1.000000309593357,0.029273771426567344
34.37327465493099,1.0000003114583769,0.02910294095079257
34.573114622924585,1.000000313323397,0.028933999460269925
34.77295459091818,1.000000315188417,0.02876692522480942
34.97279455891178,1.0000003170534368,0.028601698643709608
35.17263452690538,1.0000003189184568,0.02843830224575761
35.37247449489898,1.0000003207834767,0.028276720689229127
35.57231446289258,1.0000003226484966,0.028116940761888413
35.772154430886175,1.0000003245135165,0.02795895138098826
35.97199439887977,1.0000003263785364,0.027802743593270042
36.17183436687337,1.0000003282435563,0.02764831057496369
36.371674334866974,1.0000003301085763,0.0274956476317877
36.57151430286057,1.0000003319735962,0.02734475219894913
36.77135427085417,1.000000333838616,0.027195623841143598
36.971194238847765,1.000000335703636,0.027048264252555257
37.17103420684137,1.000000337568656,0.02690267725685686
37.37087417483497,1.0000003394336758,0.02675878315161158
37.570714142828564,1.0000003412986957,0.026616344959069435
37.77055411082216,1.0000003431637157,0.026475333781425827
37.97039407881576,1.0000003450287356,0.02633573361057959
38.17023404680936,1.0000003468937555,0.026197528553631534
38.37007401480296,1.0000003487587754,0.026060702832884464
38.56991398279656,1.0000003506237953,0.025925240785843143
38.769753950790154,1.000000352488815,0.025791126865214325
38.96959391878376,1.000000354353835,0.025658345638906732
39.169433886777355,1.0000003562188549,0.025526881790031073
39.36927385477095,1.0000003580838748,0.025396720116900036
39.56911382276455,1.0000003599488947,0.02526784553302828
39.76895379075815,1.0000003618139144,0.025140243067132438
39.96879375875175,1.0000003636789343,0.025013897863131136
40.16863372674535,1.0000003655439542,0.02488879518014497
40.368473694738945,1.0000003674089741,0.024764920392496514
40.56831366273254,1.0000003692739938,0.024642258989710317
40.76815363072615,1.0000003711390137,0.02452079657651291
40.967993598719744,1.0000003730040337,0.02440051887283281
41.16783356671334,1.0000003748690534,0.024281411713800497
41.36767353470694,1.0000003767340733,0.024163461049748435
41.567513502700535,1.0000003785990932,0.02404665294621107
41.76735347069414,1.0000003804641129,0.02393097358392482
41.96719343868774,1.0000003823291328,0.023816409258828088
42.167033406681334,1.0000003841941525,0.023702946382061253
42.36687337467493,1.0000003860591724,0.023590571479966668
42.566713342668535,1.0000003879241923,0.02347927119408866
42.76655331066213,1.000000389789212,0.023369032281173555
42.96639327865573,1.000000391654232,0.023259841613169633
43.16623324664933,1.0000003935192516,0.023151686177227165
43.366073214642924,1.0000003953842715,0.023044553075698394
43.56591318263653,1.0000003972492912,0.02293842952613755
43.765753150630125,1.0000003991143112,0.022833302861300833
43.96559311862372,1.0000004009793309,0.022729160529146423
44.16543308661732,1.0000004028443508,0.022625990092834482
44.36527305461092,1.0000004047093705,0.02252377923072714
44.56511302260452,1.0000004065743904,0.022422515736388513
44.76495299059812,1.00000040843941,0.022322187518584703
44.964792958591715,1.0000004103044298,0.02222278260128377
45.16463292658531,1.0000004121694497,0.02212428912365577
45.36447289457892,1.0000004140344694,0.02202669534007273
45.564312862572514,1.000000415899489,0.021929989620108656
45.76415283056611,1.000000417764509,0.021834160448539527
45.96399279855971,1.0000004196295287,0.02173919642534331
46.163832766553305,1.0000004214945484,0.021645086265699942
46.36367273454691,1.0000004233595683,0.021551818799991337
46.56351270254051,1.000000425224588,0.021459382973801403
46.763352670534104,1.0000004270896077,0.021367767847916004
46.9631926385277,1.0000004289546274,0.021276962598322995
47.163032606521305,1.0000004308196473,0.021186956516212205
47.3628725745149,1.000000432684667,0.021097739007975447
47.5627125425085,1.0000004345496867,0.021009299595206508
47.7625525105021,1.0000004364147064,0.020921627914701146
47.962392478495694,1.000000438279726,0.02083471371845711
48.1622324464893,1.000000440144746,0.02074854687367412
48.362072414482896,1.0000004420097657,0.02066311736275387
48.56191238247649,1.0000004438747854,0.020578415283300046
48.76175235047009,1.000000445739805,0.0204944308481183
48.96159231846369,1.0000004476048248,0.020411154385216262
49.16143228645729,1.0000004494698445,0.020328576337803543
49.36127225445089,1.0000004513348641,0.020246687264291744
49.561112222444486,1.0000004531998838,0.02016547783829442
49.76095219043808,1.0000004550649035,0.020084938848627127
49.96079215843169,1.0000004569299232,0.020005061199307377
50.160632126425284,1.000000458794943,0.019925835909554688
50.36047209441888,1.0000004606599626,0.019847254113790527
50.56031206241248,1.0000004625249823,0.01976930706163836
50.760152030406076,1.000000464390002,0.019691986117923617
50.95999199839968,1.0000004662550217,0.01961528276267372
51.15983196639328,1.0000004681200414,0.01953918859111806
51.359671934386874,1.000000469985061,0.019463695313688006
51.55951190238047,1.0000004718500808,0.019388794756016906
51.759351870374076,1.0000004737151005,0.019314478858940092
51.95919183836767,1.0000004755801202,0.019240739678494864
52.15903180636127,1.0000004774451399,0.01916756938592051
52.35887177435487,1.0000004793101596,0.019094960267658292
52.558711742348464,1.000000481175179,0.019022904725351442
52.75855171034207,1.0000004830401987,0.018951395275845183
52.958391678335666,1.0000004849052184,0.018880424551186714
53.15823164632926,1.0000004867702381,0.01880998529862521
53.35807161432286,1.0000004886352578,0.018740070380611814
53.557911582316464,1.0000004905002773,0.01867067277479966
53.75775155031006,1.000000492365297,0.018601785574043864
53.95759151830366,1.0000004942303167,0.018533401986401504
54.157431486297256,1.0000004960953364,0.018465515335131646
54.35727145429085,1.0000004979603558,0.018398119058695338
54.55711142228446,1.0000004998253755,0.018331206710755592
54.756951390278054,1.0000005016903952,0.018264771960177416
54.95679135827165,1.0000005035554147,0.018198808591027783
55.15663132626525,1.0000005054204344,0.018133310502575647
55.35647129425885,1.000000507285454,0.01806827170929194
55.55631126225245,1.0000005091504736,0.018003686340849583
55.75615123024605,1.0000005110154933,0.017939548642123455
55.955991198239644,1.0000005128805127,0.01787585297319043
56.15583116623324,1.0000005147455324,0.017812593809329348
56.355671134226846,1.0000005166105521,0.017749765741021037
56.55551110222044,1.0000005184755716,0.017687363473948302
56.75535107021404,1.0000005203405913,0.01762538182899592
56.95519103820764,1.0000005222056108,0.017563815742250646
57.155031006201234,1.0000005240706304,0.01750266026500122
57.35487097419484,1.00000052593565,0.01744191056373836
57.554710942188436,1.0000005278006696,0.017381561920154748
57.75455091018203,1.000000529665689,0.01732160973114507
57.95439087817563,1.0000005315307088,0.01726204950880596
58.154230846169234,1.0000005333957283,0.017202876880436056
58.35407081416283,1.0000005352607477,0.01714408758853596
58.55391078215643,1.0000005371257674,0.01708567749080825
58.753750750150026,1.000000538990787,0.017027642560157492
58.95359071814362,1.0000005408558066,0.016969978884690227
59.15343068613723,1.000000542720826,0.016912682667714965
59.353270654130824,1.0000005445858455,0.016855750227742217
59.55311062212442,1.0000005464508652,0.016799177998484443
59.75295059011802,1.0000005483158847,0.016742962528856098
59.95279055811162,1.0000005501809042,0.016687100482973616
60.15263052610522,1.0000005520459239,0.016631588640155404
60.35247049409882,1.0000005539109433,0.016576423894921845
60.552310462092414,1.0000005557759628,0.016521603256995303
60.75215043008601,1.0000005576409823,0.016467123851300128
60.951990398079616,1.000000559506002,0.016412982917962636
61.15183036607321,1.0000005613710214,0.016359177812311124
61.35167033406681,1.000000563236041,0.016305706004875867
61.55151030206041,1.0000005651010604,0.016252565081389128
61.751350270054004,1.0000005669660799,0.016199752742785137
61.95119023804761,1.0000005688310993,0.0161472668052001
62.151030206041206,1.000000570696119,0.016095105199972218
62.3508701740348,1.0000005725611385,0.016043265973641644
62.5507101420284,1.000000574426158,0.015991747287950536
62.750550110022004,1.0000005762911774,0.015940547419843007
62.9503900780156,1.000000578156197,0.01588966476146517
63.1502300460092,1.0000005800212164,0.0158390978201651
63.350070014002796,1.0000005818862359,0.01578884521849286
63.54990998199639,1.0000005837512553,0.01573890569420047
63.74974994999,1.0000005856162748,0.015689278100241955
63.949589917983594,1.0000005874812943,0.015639961404773313
64.14942988597718,1.0000005893463138,0.015590954691152514
64.34926985397078,1.0000005912113332,0.015542257157939499
64.5491098219644,1.0000005930763527,0.015493868118896196
64.74894978995799,1.0000005949413722,0.015445787002986516
64.94878975795159,1.0000005968063916,0.015398013354376332
65.14862972594518,1.0000005986714111,0.01535054683243352
65.34846969393878,1.0000006005364306,0.015303387211727908
65.54830966193238,1.00000060240145,0.015256534382031315
65.74814962992598,1.0000006042664695,0.01520998834831754
65.94798959791959,1.0000006061314888,0.01516374923076235
66.14782956591318,1.0000006079965083,0.015117817264743505
66.34766953390678,1.0000006098615277,0.015072192800840732
66.54750950190038,1.0000006117265472,0.015026876304835738
66.74734946989398,1.0000006135915664,0.014981868295049213
66.94718943788757,1.000000615456586,0.014937138081356707
67.14702940588117,1.0000006173216054,0.01489265863508175
67.34686937387477,1.0000006191866249,0.014848428393773466
67.54670934186836,1.0000006210516441,0.014804445801179532
67.74654930986198,1.0000006229166636,0.014760709307246198
67.94638927785557,1.000000624781683,0.014717217368118277
68.14622924584917,1.0000006266467025,0.01467396844613914
68.34606921384277,1.0000006285117218,0.014630961009850726
68.54590918183636,1.0000006303767413,0.014588193533993533
68.74574914982996,1.0000006322417607,0.014545664499506625
68.94558911782356,1.00000063410678,0.014503372393527633
69.14542908581716,1.0000006359717994,0.014461315709392745
69.34526905381075,1.0000006378368187,0.014419492946636716
69.54510902180436,1.0000006397018382,0.014377902610992862
69.74494898979796,1.0000006415668576,0.014336543214393071
69.94478895779156,1.000000643431877,0.014295413274967783
70.14462892578516,1.0000006452968964,0.014254511317046008
70.34446889377875,1.0000006471619156,0.014213835871155317
70.54430886177235,1.000000649026935,0.014173385474021848
70.74414882976595,1.0000006508919543,0.014133158668570296
70.94398879775954,1.0000006527569738,0.014093154003923927
71.14382876575314,1.000000654621993,0.014053370035404565
71.34366873374674,1.0000006564870125,0.0140138053245326
71.54350870174035,1.0000006583520318,0.013974458439026982
71.74334866973395,1.0000006602170513,0.013935327952805231
71.94318863772754,1.0000006620820705,0.013896412445983428
72.14302860572114,1.00000066394709,0.013857710504876214
72.34286857371474,1.0000006658121092,0.013819220721996796
72.54270854170834,1.0000006676771285,0.013780941696056944
72.74254850970193,1.000000669542148,0.013742872031966993
72.94238847769553,1.0000006714071672,0.01370501034083584
73.14222844568913,1.0000006732721864,0.013667355239970945
73.34206841368274,1.000000675137206,0.013629905352878328
73.54190838167634,1.0000006770022252,0.013592659309262586
73.74174834966993,1.0000006788672444,0.013555615745026865
73.94158831766353,1.000000680732264,0.01351877330227288
74.14142828565713,1.0000006825972831,0.01348213062930091
74.34126825365072,1.0000006844623024,0.013445686380609796
74.54110822164432,1.0000006863273216,0.013409439216896944
74.74094818963792,1.0000006881923411,0.013373387805058319
74.94078815763152,1.0000006900573604,0.013337530818188458
75.14062812562513,1.0000006919223796,0.013301866935580452
75.34046809361872,1.0000006937873989,0.013266394842725964
75.54030806161232,1.0000006956524181,0.013231113231315216
75.74014802960592,1.0000006975174376,0.013196020799236994
75.93998799759952,1.0000006993824568,0.013161116250578645
76.13982796559311,1.000000701247476,0.013126398295626085
76.33966793358671,1.0000007031124953,0.01309186565086379
76.53950790158031,1.0000007049775146,0.013057517038974797
76.7393478695739,1.0000007068425338,0.013023351188840713
76.93918783756752,1.000000708707553,0.0129893668355417
77.13902780556111,1.0000007105725723,0.012955562720356497
77.33886777355471,1.0000007124375916,0.012921937590762392
77.53870774154831,1.0000007143026108,0.012888490200435244
77.7385477095419,1.00000071616763,0.012855219309249473
77.9383876775355,1.0000007180326493,0.012822123683278062
78.1382276455291,1.0000007198976686,0.012789202094792562
78.3380676135227,1.0000007217626878,0.012756453322263082
78.5379075815163,1.000000723627707,0.012723876150358299
78.7377475495099,1.0000007254927263,0.012691469369945446
78.9375875175035,1.0000007273577456,0.012659231778090333
79.1374274854971,1.0000007292227648,0.01262716217805732
79.3372674534907,1.000000731087784,0.012595259379309338
79.5371074214843,1.0000007329528033,0.012563522197507877
79.73694738947789,1.0000007348178226,0.012531949454512994
79.93678735747149,1.0000007366828416,0.012500539978383308
80.13662732546508,1.0000007385478609,0.012469292603376002
80.33646729345868,1.0000007404128801,0.01243820616994682
80.5363072614523,1.0000007422778994,0.012407279524750073
80.73614722944589,1.0000007441429186,0.012376511520638638
80.93598719743949,1.0000007460079376,0.012345901016663946
81.13582716543308,1.000000747872957,0.012315446878076
81.33566713342668,1.0000007497379761,0.012285147976323362
81.53550710142028,1.0000007516029954,0.012255003189053162
81.73534706941388,1.0000007534680144,0.012225011400111088
81.93518703740747,1.0000007553330337,0.012195171499541394
82.13502700540107,1.000000757198053,0.0121654823835869
82.33486697339468,1.000000759063072,0.012135942954688981
82.53470694138828,1.0000007609280912,0.012106552121487589
82.73454690938188,1.0000007627931105,0.012077308798821226
82.93438687737547,1.0000007646581295,0.01204821190772697
83.13422684536907,1.0000007665231487,0.01201926037544045
83.33406681336267,1.000000768388168,0.011990453135395866
83.53390678135627,1.000000770253187,0.011961789127225982
83.73374674934986,1.0000007721182063,0.011933267296762121
83.93358671734346,1.0000007739832253,0.011904886596034172
84.13342668533707,1.0000007758482445,0.011876645983270585
84.33326665333067,1.0000007777132636,0.011848544422898384
84.53310662132427,1.0000007795782828,0.011820580885543141
84.73294658931786,1.0000007814433018,0.011792754348029
84.93278655731146,1.000000783308321,0.011765063793378671
85.13262652530506,1.0000007851733401,0.01173750821081342
85.33246649329865,1.0000007870383594,0.01171008659575308
85.53230646129225,1.0000007889033784,0.01168279794981605
85.73214642928585,1.0000007907683977,0.011655641280819291
85.93198639727945,1.0000007926334167,0.011628615602778322
86.13182636527306,1.0000007944984357,0.011601719935907234
86.33166633326665,1.000000796363455,0.011574953306618677
86.53150630126025,1.000000798228474,0.011548314747523866
86.73134626925385,1.0000008000934932,0.011521803297432577
86.93118623724745,1.0000008019585123,0.011495418001353152
87.13102620524104,1.0000008038235313,0.011469157910492495
87.33086617323464,1.0000008056885503,0.011443022082256076
87.53070614122824,1.0000008075535696,0.011417009580247925
87.73054610922183,1.0000008094185886,0.011391119474270635
87.93038607721545,1.0000008112836076,0.011365350840325368
88.13022604520904,1.0000008131486269,0.011339702760611844
88.33006601320264,1.000000815013646,0.011314174323528351
88.52990598119624,1.000000816878665,0.011288764623671736
88.72974594918983,1.000000818743684,0.011263472761837413
88.92958591718343,1.000000820608703,0.011238297845019354
89.12942588517703,1.0000008224737222,0.011213238986410102
89.32926585317063,1.0000008243387413,0.01118829530540076
89.52910582116422,1.0000008262037603,0.011163465927580994
89.72894578915783,1.0000008280687793,0.01113874998473903
89.92878575715143,1.0000008299337984,0.011114146614861667
90.12862572514503,1.0000008317988174,0.011089654962134259
90.32846569313863,1.0000008336638364,0.01106527417694073
90.52830566113222,1.0000008355288554,0.011041003415863556
90.72814562912582,1.0000008373938747,0.011016841841683793
90.92798559711942,1.0000008392588937,0.010992788623381048
91.12782556511301,1.0000008411239127,0.010968842936133495
91.32766553310661,1.0000008429889318,0.01094500396131787
91.52750550110022,1.0000008448539508,0.010921270886509477
91.72734546909382,1.0000008467189698,0.010897642905482181
91.92718543708742,1.0000008485839889,0.010874119218208411
92.12702540508101,1.0000008504490079,0.010850699030859154
92.32686537307461,1.0000008523140267,0.01082738155580397
92.52670534106821,1.0000008541790457,0.010804166011610975
92.7265453090618,1.0000008560440647,0.010781051623046852
92.9263852770554,1.0000008579090838,0.010758037621076848
93.126225245049,1.0000008597741028,0.01073512324286477
93.32606521304261,1.0000008616391218,0.010712307731772988
93.52590518103621,1.0000008635041409,0.010689590337362446
93.7257451490298,1.0000008653691599,0.010666970315392637
93.9255851170234,1.000000867234179,0.010644446927821627
94.125425085017,1.0000008690991977,0.010622019442806042
94.3252650530106,1.0000008709642167,0.01059968713470107
94.5251050210042,1.0000008728292358,0.010577449284060469
94.72494498899779,1.0000008746942548,0.010555305177636552
94.92478495699139,1.0000008765592736,0.0105332541083802
95.124624924985,1.0000008784242926,0.010511295375440856
95.3244648929786,1.0000008802893117,0.01048942828416653
95.5243048609722,1.0000008821543307,0.010467652146103793
95.72414482896579,1.0000008840193495,0.010445966278997777
95.92398479695939,1.0000008858843685,0.01042437000679218
96.12382476495299,1.0000008877493876,0.01040286265962927
96.32366473294658,1.0000008896144064,0.010381443573849862
96.52350470094018,1.0000008914794254,0.010360112091993352
96.72334466893378,1.0000008933444444,0.010338867562797689
96.92318463692737,1.0000008952094632,0.010317709341199383
97.12302460492099,1.0000008970744823,0.010296636788333521
97.32286457291458,1.000000898939501,0.010275649271533741
97.52270454090818,1.00000090080452,0.010254746164332251
97.72254450890178,1.000000902669539,0.010233926846459818
97.92238447689537,1.000000904534558,0.010213190703845777
98.12222444488897,1.000000906399577,0.010192537128618024
98.32206441288257,1.0000009082645958,0.010171965519103016
98.52190438087617,1.0000009101296148,0.010151475279825777
98.72174434886976,1.0000009119946336,0.010131065821509896
98.92158431686337,1.0000009138596524,0.01011073656107752
99.12142428485697,1.0000009157246714,0.010090486921649367
99.32126425285057,1.0000009175896902,0.01007031633254471
99.52110422084417,1.0000009194547093,0.010050224229281392
99.72094418883776,1.000000921319728,0.010030210053575813
99.92078415683136,1.000000923184747,0.010010273253342947
100.12062412482496,1.000000925049766,0.009990413282696321
100.32046409281855,1.0000009269147847,0.009970629601948031
100.52030406081215,1.0000009287798037,0.009950921677608734
100.72014402880576,1.0000009306448225,0.00993128898238765
100.91998399679936,1.0000009325098413,0.009911730995192568
101.11982396479296,1.0000009343748604,0.009892247201129831
101.31966393278655,1.0000009362398792,0.009872837091504359
101.51950390078015,1.000000938104898,0.009853500163819619
101.71934386877375,1.0000009399699168,0.009834235921777654
101.91918383676735,1.0000009418349358,0.009815043875279067
102.11902380476094,1.0000009436999546,0.009795923540423024
102.31886377275454,1.0000009455649734,0.009776874439507251
102.51870374074815,1.0000009474299922,0.009757896101028042
102.71854370874175,1.0000009492950113,0.009738988059680258
102.91838367673535,1.00000095116003,0.009720149856357312
103.11822364472894,1.0000009530250489,0.009701381038151193
103.31806361272254,1.0000009548900677,0.009682681158352444
103.51790358071614,1.0000009567550865,0.009664049776450176
103.71774354870973,1.0000009586201053,0.009645486458132065
103.91758351670333,1.000000960485124,0.009626990775284346
104.11742348469693,1.000000962350143,0.00960856230599182
104.31726345269054,1.000000964215162,0.00959020063453785
104.51710342068414,1.0000009660801807,0.009571905351404366
104.71694338867773,1.0000009679451995,0.009553676053271861
104.91678335667133,1.0000009698102184,0.009535512343019383
105.11662332466493,1.0000009716752372,0.009517413829724557
105.31646329265853,1.000000973540256,0.00949938012866356
105.51630326065212,1.0000009754052748,0.009481410861311141
105.71614322864572,1.0000009772702936,0.009463505655340605
105.91598319663932,1.0000009791353124,0.009445664144623826
106.11582316463293,1.0000009810003312,0.009427885969231239
106.31566313262653,1.0000009828653498,0.009410170775431843
106.51550310062012,1.0000009847303686,0.009392518215693202
106.71534306861372,1.0000009865953874,0.009374927948681437
106.91518303660732,1.0000009884604062,0.009357399639261244
107.11502300460091,1.000000990325425,0.009339932958495875
107.31486297259451,1.0000009921904438,0.009322527583647142
107.51470294058811,1.0000009940554626,0.009305183198175427
107.7145429085817,1.0000009959204814,0.009287899491739676
107.91438287657532,1.0000009977855,0.00927067616019739
108.11422284456891,1.0000009996505188,0.009253512905604647
108.31406281256251,1.0000010015155376,0.009236409436216078
108.51390278055611,1.0000010033805564,0.009219365466484877
108.7137427485497,1.000001005245575,0.009202380717062808
108.9135827165433,1.0000010071105938,0.009185454914800193
109.1134226845369,1.0000010089756126,0.009168587792745923
109.3132626525305,1.0000010108406314,0.00915177909014745
109.5131026205241,1.00000101270565,0.009135028552450785
109.7129425885177,1.0000010145706688,0.009118335931300505
109.9127825565113,1.0000010164356876,0.009101700984539758
110.1126225245049,1.0000010183007062,0.009085123476210245
110.3124624924985,1.000001020165725,0.009068603176552234
110.5123024604921,1.0000010220307438,0.009052139862004562
110.71214242848569,1.0000010238957624,0.00903573331520462
110.91198239647929,1.0000010257607812,0.009019383324988368
111.11182236447289,1.0000010276257998,0.009003089686390329
111.31166233246648,1.0000010294908186,0.008986852200643589
111.51150230046008,1.0000010313558372,0.008970670675179798
111.71134226845369,1.000001033220856,0.008954544923629168
111.91118223644729,1.0000010350858746,0.008938474765820478
112.11102220444089,1.0000010369508934,0.00892246002778107
112.31086217243448,1.000001038815912,0.00890650054173684
112.51070214042808,1.0000010406809308,0.00889059614611226
112.71054210842168,1.0000010425459493,0.008874746685530358
112.91038207641527,1.0000010444109682,0.008858952010812732
113.11022204440887,1.0000010462759867,0.00884321197897954
113.31006201240247,1.0000010481410055,0.008827526453249497
113.50990198039608,1.0000010500060241,0.008811895303039892
113.70974194838968,1.000001051871043,0.00879631840396657
113.90958191638327,1.0000010537360615,0.008780795637843945
114.10942188437687,1.00000105560108,0.008765326892684989
114.30926185237047,1.000001057466099,0.008749912062701246
114.50910182036407,1.0000010593311175,0.008734551048302812
114.70894178835766,1.000001061196136,0.008719243756098356
114.90878175635126,1.0000010630611549,0.008703990098895106
115.10862172434486,1.0000010649261735,0.008688789995698849
115.30846169233847,1.000001066791192,0.008673643371713948
115.50830166033207,1.0000010686562106,0.008658550158343319
115.70814162832566,1.0000010705212294,0.00864351029318845
115.90798159631926,1.000001072386248,0.008628523720049377
116.10782156431286,1.0000010742512666,0.008613590388924721
116.30766153230645,1.0000010761162852,0.008598710256011645
116.50750150030005,1.0000010779813038,0.008583883283705893
116.70734146829365,1.0000010798463226,0.008569109440601762
116.90718143628725,1.0000010817113412,0.008554388701492117
117.10702140428086,1.0000010835763598,0.008539721047368384
117.30686137227445,1.0000010854413783,0.008525106465420554
117.50670134026805,1.000001087306397,0.008510544949037182
117.70654130826165,1.0000010891714155,0.008496036497805386
117.90638127625525,1.000001091036434,0.008481581117510843
118.10622124424884,1.0000010929014527,0.008467178820137802
118.30606121224244,1.0000010947664713,0.00845282962386907
118.50590118023604,1.0000010966314898,0.008438533553086016
118.70574114822963,1.0000010984965084,0.00842429063836858
118.90558111622325,1.000001100361527,0.008410100916495257
119.10542108421684,1.0000011022265456,0.008395964430443107
119.30526105221044,1.0000011040915642,0.008381881229387761
119.50510102020404,1.0000011059565828,0.008367851368703404
119.70494098819763,1.0000011078216013,0.00835387490996279
119.90478095619123,1.00000110968662,0.008339950658325308
120.10462092418483,1.0000011115516385,0.008326071148148413
120.30446089217843,1.000001113416657,0.008312235015858604
120.50430086017202,1.0000011152816757,0.008298442111170728
120.70414082816563,1.0000011171466943,0.008284692284129983
120.90398079615923,1.0000011190117128,0.008270985385111914
121.10382076415283,1.0000011208767312,0.008257321264822417
121.30366073214643,1.0000011227417498,0.008243699774297735
121.50350070014002,1.0000011246067684,0.00823012076490446
121.70334066813362,1.000001126471787,0.008216584088339534
121.90318063612722,1.0000011283368055,0.008203089596630249
122.10302060412081,1.000001130201824,0.008189637142134241
122.30286057211441,1.0000011320668425,0.008176226577539502
122.50270054010801,1.000001133931861,0.008162857755864367
122.70254050810162,1.0000011357968797,0.00814953053045752
122.90238047609522,1.000001137661898,0.008136244754997999
123.10222044408881,1.0000011395269166,0.00812300028349519
123.30206041208241,1.0000011413919352,0.00810979697028882
123.50190038007601,1.0000011432569536,0.008096634670048976
123.7017403480696,1.0000011451219721,0.008083513237776086
123.9015803160632,1.0000011469869907,0.008070432528800929
124.1014202840568,1.000001148852009,0.008057392398784636
124.3012602520504,1.0000011507170277,0.008044392703718681
124.50110022004401,1.0000011525820462,0.008031433299924891
124.7009401880376,1.0000011544470646,0.008018514044055444
124.9007801560312,1.0000011563120832,0.008005634793092863
125.1006201240248,1.0000011581771016,0.00799279540435002
125.3004600920184,1.0000011600421201,0.007979995735470136
125.500300060012,1.0000011619071385,0.007967235644426784
125.70014002800559,1.000001163772157,0.007954514989523882
125.89997999599919,1.0000011656371754,0.007941833629395701
126.09981996399279,1.000001167502194,0.007929191423006856
126.2996599319864,1.0000011693672124,0.007916588229652313
126.49949989998,1.000001171232231,0.00790402390895739
126.69933986797359,1.0000011730972493,0.00789149832087775
126.89917983596719,1.000001174962268,0.007879011325699407
127.09901980396079,1.0000011768272863,0.00786656278403872
127.29885977195438,1.0000011786923049,0.007854152556842405
127.49869973994798,1.0000011805573232,0.007841780505387518
127.69853970794158,1.0000011824223416,0.007829446491281469
127.89837967593517,1.0000011842873602,0.007817150376462016
128.0982196439288,1.0000011861523785,0.007804892023197264
128.29805961192238,1.000001188017397,0.007792671294085672
128.49789957991598,1.0000011898824155,0.007780488052056042
128.69773954790958,1.0000011917474338,0.007768342160367528
128.89757951590317,1.0000011936124522,0.007756233482609632
129.09741948389677,1.0000011954774706,0.007744161882702206
129.29725945189037,1.0000011973424892,0.007732127224895449
129.49709941988397,1.0000011992075075,0.00772012937376991
129.69693938787756,1.0000012010725259,0.0077081681942364885
129.89677935587116,1.0000012029375442,0.0076962435515364296
130.09661932386476,1.0000012048025628,0.00768435531124133
130.29645929185835,1.0000012066675812,0.007672503339253134
130.49629925985195,1.0000012085325996,0.007660687501804136
130.69613922784555,1.000001210397618,0.007648907665456977
130.89597919583917,1.0000012122626363,0.007637163697104647
131.09581916383277,1.0000012141276546,0.007625455463970491
131.29565913182637,1.000001215992673,0.007613782833608196
131.49549909981997,1.0000012178576916,0.007602145673901798
131.69533906781356,1.00000121972271,0.0075905438530656875
131.89517903580716,1.0000012215877283,0.007578977239644599
132.09501900380076,1.0000012234527467,0.007567445702513616
132.29485897179435,1.000001225317765,0.007555949110878174
132.49469893978795,1.0000012271827834,0.007544487334274055
132.69453890778155,1.0000012290478018,0.007533060242567391
132.89437887577515,1.0000012309128201,0.007521667705954661
133.09421884376874,1.0000012327778385,0.007510309594962697
133.29405881176234,1.0000012346428568,0.007498985780448675
133.49389877975594,1.0000012365078752,0.0074876961336001234
133.69373874774953,1.0000012383728936,0.007476440525934918
133.89357871574313,1.000001240237912,0.007465218829301284
134.09341868373673,1.00000124210293,0.007454030915877795
134.29325865173033,1.0000012439679484,0.0074428766581733745
134.49309861972395,1.0000012458329668,0.007431755929027292
134.69293858771755,1.0000012476979852,0.007420668601609172
134.89277855571115,1.0000012495630035,0.007409614549418982
135.09261852370474,1.0000012514280219,0.0073985936462870406
135.29245849169834,1.0000012532930402,0.007387605766374015
135.49229845969194,1.0000012551580584,0.007376650784170923
135.69213842768553,1.0000012570230767,0.007365728574499127
135.89197839567913,1.000001258888095,0.007354839012510344
136.09181836367273,1.0000012607531135,0.007343981973686636
136.29165833166633,1.0000012626181316,0.0073331573338404135
136.49149829965992,1.00000126448315,0.00732236496911444
136.69133826765352,1.0000012663481683,0.007311604755981823
136.89117823564712,1.0000012682131867,0.007300876571246024
137.09101820364072,1.0000012700782048,0.007290180292040847
137.2908581716343,1.0000012719432232,0.007279515795830451
137.4906981396279,1.0000012738082416,0.007268882960409341
137.6905381076215,1.0000012756732597,0.007258281663902371
137.8903780756151,1.000001277538278,0.007247711784764745
138.09021804360873,1.0000012794032962,0.0072371732017820125
138.29005801160233,1.0000012812683146,0.007226665794070077
138.48989797959592,1.000001283133333,0.00721618944107519
138.68973794758952,1.000001284998351,0.007205744022573947
138.88957791558312,1.0000012868633694,0.007195329418673298
139.08941788357671,1.0000012887283876,0.007184945509810538
139.2892578515703,1.000001290593406,0.007174592176753316
139.4890978195639,1.000001292458424,0.007164269300599622
139.6889377875575,1.0000012943234424,0.007153976762777802
139.8887777555511,1.0000012961884606,0.007143714445046548
140.0886177235447,1.000001298053479,0.007133482229494901
140.2884576915383,1.000001299918497,0.007123279998542252
140.4882976595319,1.0000013017835154,0.007113107634938339
140.6881376275255,1.0000013036485336,0.00710296502176325
140.8879775955191,1.000001305513552,0.007092852042427424
141.0878175635127,1.00000130737857,0.007082768580671644
141.28765753150628,1.0000013092435882,0.007072714520567046
141.48749749949988,1.0000013111086066,0.007062689746515114
141.68733746749348,1.0000013129736247,0.007052694143247679
141.8871774354871,1.0000013148386429,0.007042727595826923
142.0870174034807,1.0000013167036612,0.007032789989645379
142.2868573714743,1.0000013185686794,0.007022881210425922
142.4866973394679,1.0000013204336975,0.007013001144221784
142.6865373074615,1.0000013222987159,0.007003149677416541
142.8863772754551,1.000001324163734,0.006993326696724117
143.0862172434487,1.0000013260287521,0.006983532089188789
143.28605721144228,1.0000013278937703,0.00697376574218518
143.48589717943588,1.0000013297587886,0.006964027543418263
143.68573714742948,1.0000013316238068,0.00695431738092336
143.88557711542308,1.000001333488825,0.006944635143066142
144.08541708341667,1.000001335353843,0.006934980718542626
144.28525705141027,1.0000013372188612,0.006925353996379182
144.48509701940387,1.0000013390838793,0.006915754865932528
144.68493698739746,1.0000013409488977,0.006906183216889729
144.88477695539106,1.0000013428139158,0.006896638939268201
145.08461692338466,1.000001344678934,0.006887121923415707
145.28445689137826,1.0000013465439521,0.006877632060010361
145.48429685937188,1.0000013484089703,0.006868169240060623
145.68413682736548,1.0000013502739884,0.006858733354905307
145.88397679535908,1.0000013521390065,0.00684932429621357
146.08381676335267,1.0000013540040247,0.006839941955984922
146.28365673134627,1.0000013558690428,0.006830586226549219
146.48349669933987,1.000001357734061,0.006821257000566669
146.68333666733346,1.000001359599079,0.006811954171027826
146.88317663532706,1.0000013614640972,0.0068026776312535946
147.08301660332066,1.0000013633291154,0.006793427274895228
147.28285657131426,1.0000013651941335,0.006784202995934329
147.48269653930785,1.0000013670591517,0.006775004688682848
147.68253650730145,1.0000013689241698,0.006765832247783084
147.88237647529505,1.000001370789188,0.006756685568207687
148.08221644328864,1.000001372654206,0.006747564545259654
148.28205641128224,1.000001374519224,0.0067384690745723305
148.48189637927584,1.0000013763842421,0.006729399052109414
148.68173634726944,1.0000013782492603,0.006720354374164949
148.88157631526303,1.0000013801142784,0.006711334937363326
149.08141628325666,1.0000013819792966,0.006702340638659289
149.28125625125026,1.0000013838443147,0.00669337137533793
149.48109621924385,1.0000013857093326,0.006684427045014689
149.68093618723745,1.0000013875743508,0.0066755075456353535
149.88077615523105,1.000001389439369,0.006666612775476063
150.08061612322464,1.000001391304387,0.006657742633143303
150.28045609121824,1.000001393169405,0.006648897017573909
150.48029605921184,1.000001395034423,0.006640075828035066
150.68013602720544,1.0000013968994412,0.006631278964124309
150.87997599519903,1.0000013987644594,0.006622506325769519
151.07981596319263,1.0000014006294773,0.0066137578132289265
151.27965593118623,1.0000014024944954,0.006605033327091113
151.47949589917982,1.0000014043595133,0.006596332768275007
151.67933586717342,1.0000014062245315,0.006587656038029887
151.87917583516702,1.0000014080895496,0.0065790030379353805
152.07901580316062,1.0000014099545675,0.006570373669901462
152.2788557711542,1.0000014118195857,0.006561767836168457
152.4786957391478,1.0000014136846036,0.006553185439307038
152.67853570714144,1.0000014155496217,0.006544626382218229
152.87837567513503,1.0000014174146399,0.006536090568133402
153.07821564312863,1.0000014192796578,0.006527577900614277
153.27805561112223,1.000001421144676,0.0065190882835529235
153.47789557911582,1.0000014230096939,0.006510621621171758
153.67773554710942,1.000001424874712,0.00650217781802355
153.87757551510302,1.00000142673973,0.006493756778991415
154.07741548309662,1.0000014286047478,0.0064853584092888165
154.2772554510902,1.000001430469766,0.006476982614459569
154.4770954190838,1.000001432334784,0.006468629300377836
154.6769353870774,1.000001434199802,0.00646029837324813
154.876775355071,1.00000143606482,0.006451989739605309
155.0766153230646,1.0000014379298379,0.006443703306314585
155.2764552910582,1.000001439794856,0.006435438980571515
155.4762952590518,1.000001441659874,0.006427196669902008
155.6761352270454,1.000001443524892,0.006418976282162318
155.875975195039,1.00000144538991,0.006410777725539051
156.0758151630326,1.000001447254928,0.006402600908549162
156.27565513102618,1.0000014491199458,0.006394445740039952
156.4754950990198,1.000001450984964,0.006386312129189074
156.6753350670134,1.0000014528499819,0.0063781999855045315
156.875175035007,1.0000014547149998,0.006370109218824671
157.0750150030006,1.0000014565800177,0.006362039739318191
157.2748549709942,1.0000014584450359,0.006353991457484141
157.4746949389878,1.0000014603100538,0.006345964284151915
157.6745349069814,1.0000014621750717,0.006337958130481261
157.874374874975,1.0000014640400896,0.00632997290796227
158.0742148429686,1.0000014659051075,0.006322008528415389
158.27405481096218,1.0000014677701257,0.006314064903991407
158.47389477895578,1.0000014696351436,0.006306141947171468
158.67373474694938,1.0000014715001615,0.006298239570767059
158.87357471494298,1.0000014733651794,0.006290357687920021
159.07341468293657,1.0000014752301973,0.006282496212102541
159.27325465093017,1.0000014770952153,0.0062746550571171535
159.47309461892377,1.0000014789602332,0.006266834137096748
159.67293458691736,1.000001480825251,0.006259033366504555
159.87277455491096,1.000001482690269,0.006251252660134161
160.0726145229046,1.000001484555287,0.006243491933109496
160.27245449089818,1.0000014864203048,0.006235751100884843
160.47229445889178,1.0000014882853228,0.006228030079244832
160.67213442688538,1.0000014901503407,0.006220328784304441
160.87197439487898,1.0000014920153586,0.006212647132508998
161.07181436287257,1.0000014938803765,0.00620498504063418
161.27165433086617,1.0000014957453944,0.006197342425786013
161.47149429885977,1.0000014976104123,0.0061897192054008714
161.67133426685336,1.0000014994754303,0.006182115297245479
161.87117423484696,1.0000015013404482,0.006174530619416908
162.07101420284056,1.000001503205466,0.0061669650903425815
162.27085417083416,1.0000015050704838,0.006159418628780267
162.47069413882775,1.0000015069355017,0.006151891153818085
162.67053410682135,1.0000015088005196,0.006144382584874504
162.87037407481495,1.0000015106655376,0.00613689284169834
163.07021404280854,1.0000015125305555,0.00612942184436876
163.27005401080214,1.0000015143955732,0.006121969513295278
163.46989397879574,1.000001516260591,0.006114535769217759
163.66973394678936,1.000001518125609,0.006107120533206414
163.86957391478296,1.000001519990627,0.006099723726661805
164.06941388277656,1.0000015218556446,0.006092345271314843
164.26925385077016,1.0000015237206625,0.0060849850892267885
164.46909381876375,1.0000015255856805,0.006077643102789248
164.66893378675735,1.0000015274506984,0.006070319234724179
164.86877375475095,1.000001529315716,0.006063013408083888
165.06861372274454,1.000001531180734,0.00605572554625103
165.26845369073814,1.0000015330457517,0.006048455572938609
165.46829365873174,1.0000015349107696,0.0060412034121899785
165.66813362672534,1.0000015367757875,0.006033968988378839
165.86797359471893,1.0000015386408052,0.00602675222620924
166.06781356271253,1.0000015405058231,0.006019553050715587
166.26765353070613,1.0000015423708408,0.00601237138726262
166.46749349869972,1.0000015442358587,0.006005207161545444
166.66733346669332,1.0000015461008767,0.005998060299589499
166.86717343468692,1.0000015479658944,0.005990930727750586
167.06701340268052,1.0000015498309123,0.005983818372714845
167.26685337067414,1.00000155169593,0.005976723161498771
167.46669333866774,1.0000015535609479,0.005969645021449204
167.66653330666134,1.0000015554259656,0.005962583880243339
167.86637327465493,1.0000015572909833,0.0059555396658887115
168.06621324264853,1.0000015591560012,0.0059485123067232115
168.26605321064213,1.000001561021019,0.005941501731415077
168.46589317863572,1.0000015628860368,0.005934507868962895
168.66573314662932,1.0000015647510545,0.005927530648695601
168.86557311462292,1.0000015666160722,0.005920570000272477
169.06541308261652,1.0000015684810901,0.005913625853683159
169.2652530506101,1.0000015703461078,0.005906698139247628
169.4650930186037,1.0000015722111255,0.005899786787616215
169.6649329865973,1.0000015740761434,0.0058928917297696
169.8647729545909,1.0000015759411611,0.005886012897018812
170.0646129225845,1.0000015778061788,0.0058791502210052285
170.2644528905781,1.0000015796711967,0.005872303633700576
170.4642928585717,1.0000015815362144,0.005865473067406932
170.6641328265653,1.0000015834012321,0.005858658454756719
170.8639727945589,1.0000015852662498,0.005851859728712711
171.06381276255252,1.0000015871312677,0.00584507682256803
171.2636527305461,1.0000015889962854,0.005838309669946147
171.4634926985397,1.0000015908613031,0.005831558204800884
171.6633326665333,1.0000015927263208,0.005824822361416409
171.8631726345269,1.0000015945913385,0.005818102074407239
172.0630126025205,1.0000015964563562,0.005811397278718243
172.2628525705141,1.0000015983213741,0.005804707909624635
172.4626925385077,1.0000016001863918,0.0057980339027319805
172.6625325065013,1.0000016020514095,0.005791375193976192
172.8623724744949,1.0000016039164272,0.005784731719623536
173.0622124424885,1.000001605781445,0.0057781034162706175
173.26205241048208,1.0000016076464626,0.005771490220844401
173.46189237847568,1.0000016095114803,0.005764892070602196
173.66173234646928,1.000001611376498,0.005758308903131659
173.86157231446288,1.0000016132415157,0.0057517406563507975
174.06141228245647,1.0000016151065334,0.005745187268507968
174.26125225045007,1.000001616971551,0.005738648678181876
174.46109221844367,1.0000016188365688,0.0057321248242815735
174.6609321864373,1.0000016207015865,0.0057256156460464645
174.8607721544309,1.0000016225666042,0.0057191210830463005
175.0606121224245,1.0000016244316219,0.005712641075181182
175.26045209041808,1.0000016262966396,0.005706175562681558
175.46029205841168,1.0000016281616573,0.005699724486108228
175.66013202640528,1.0000016300266747,0.005693287786352339
175.85997199439888,1.0000016318916924,0.005686865404635385
176.05981196239247,1.0000016337567101,0.005680457282509215
176.25965193038607,1.0000016356217278,0.005674063361856019
176.45949189837967,1.0000016374867455,0.005667683584888342
176.65933186637326,1.0000016393517632,0.005661317894149077
176.85917183436686,1.0000016412167807,0.005654966232511462
177.05901180236046,1.0000016430817984,0.005648628543179088
177.25885177035406,1.000001644946816,0.005642304769685894
177.45869173834765,1.0000016468118338,0.0056359948558961665
177.65853170634125,1.0000016486768513,0.0056296987460045435
177.85837167433485,1.000001650541869,0.005623416384536009
178.05821164232844,1.0000016524068867,0.005617147716345897
178.25805161032207,1.0000016542719043,0.0056108926866198896
178.45789157831567,1.0000016561369218,0.0056046512408740225
178.65773154630926,1.0000016580019395,0.005598423324954673
178.85757151430286,1.0000016598669572,0.005592208885038573
179.05741148229646,1.0000016617319747,0.005586007867632801
179.25725145029006,1.0000016635969924,0.005579820219574783
179.45709141828365,1.0000016654620099,0.005573645888032297
179.65693138627725,1.0000016673270276,0.00556748482050347
179.85677135427085,1.0000016691920453,0.005561336964816773
180.05661132226444,1.0000016710570627,0.005555202269131031
180.25645129025804,1.0000016729220804,0.0055490806819354175
180.45629125825164,1.000001674787098,0.005542972152049451
180.65613122624524,1.0000016766521156,0.005536876628623004
180.85597119423883,1.000001678517133,0.005530794061136293
181.05581116223243,1.0000016803821508,0.005524724399399889
181.25565113022603,1.0000016822471682,0.005518667593554705
181.45549109821962,1.000001684112186,0.00551262359407201
181.65533106621322,1.0000016859772034,0.005506592351753416
181.85517103420682,1.000001687842221,0.005500573817730888
182.05501100220044,1.0000016897072386,0.0054945679434667384
182.25485097019404,1.000001691572256,0.0054885746807536275
182.45469093818764,1.0000016934372737,0.005482593981714567
182.65453090618124,1.0000016953022912,0.005476625798802915
182.85437087417483,1.0000016971673087,0.005470670084802381
183.05421084216843,1.0000016990323264,0.00546472679282702
183.25405081016203,1.0000017008973439,0.005458795876321238
183.45389077815562,1.0000017027623613,0.00545287728905979
183.65373074614922,1.000001704627379,0.005446970985147782
183.85357071414282,1.0000017064923965,0.005441076919020663
184.05341068213642,1.000001708357414,0.005435195045444237
184.25325065013,1.0000017102224317,0.005429325319514654
184.4530906181236,1.0000017120874491,0.005423467696658413
184.6529305861172,1.0000017139524666,0.00541762213263236
184.8527705541108,1.000001715817484,0.005411788583523697
185.0526105221044,1.0000017176825016,0.005405967005749968
185.252450490098,1.0000017195475193,0.005400157356059065
185.4522904580916,1.0000017214125367,0.005394359591529235
185.65213042608522,1.0000017232775542,0.005388573669569069
185.85197039407882,1.0000017251425717,0.005382799547917512
186.05181036207242,1.0000017270075892,0.005377037184643852
186.251650330066,1.0000017288726066,0.005371286538147727
186.4514902980596,1.000001730737624,0.005365547567159129
186.6513302660532,1.0000017326026416,0.005359820230738393
186.8511702340468,1.0000017344676593,0.005354104488276206
187.0510102020404,1.0000017363326767,0.005348400299493603
187.250850170034,1.0000017381976942,0.005342707624441969
187.4506901380276,1.0000017400627117,0.005337026423503036
187.6505301060212,1.0000017419277292,0.005331356657388885
187.8503700740148,1.0000017437927466,0.005325698287141948
188.0502100420084,1.0000017456577641,0.005320051274135006
188.25005001000198,1.0000017475227816,0.005314415580071184
188.44988997799558,1.000001749387799,0.005308791166983963
188.64972994598918,1.0000017512528163,0.005303177997237168
188.84956991398278,1.0000017531178338,0.0052975760335249745
189.04940988197637,1.0000017549828513,0.0052919852388719065
189.24924984997,1.0000017568478687,0.005286405576632836
189.4490898179636,1.0000017587128862,0.0052808370104929885
189.6489297859572,1.0000017605779037,0.005275279504467933
189.8487697539508,1.0000017624429212,0.005269733022903589
190.0486097219444,1.0000017643079386,0.005264197530476225
190.24844968993798,1.0000017661729559,0.00525867299219246
190.44828965793158,1.0000017680379734,0.005253159373389261
190.64812962592518,1.0000017699029908,0.005247656639733941
190.84796959391878,1.0000017717680083,0.005242164757224168
191.04780956191237,1.0000017736330258,0.005236683692187952
191.24764952990597,1.000001775498043,0.0052312134112836575
191.44748949789957,1.0000017773630605,0.005225753881499994
191.64732946589316,1.000001779228078,0.005220305070156022
191.84716943388676,1.0000017810930952,0.005214866944901154
192.04700940188036,1.0000017829581127,0.0052094394737151415
192.24684936987396,1.0000017848231302,0.005204022624908097
192.44668933786755,1.0000017866881474,0.005198616367120473
192.64652930586115,1.000001788553165,0.005193220669323075
192.84636927385475,1.0000017904181824,0.005187835500817058
193.04620924184837,1.0000017922831996,0.005182460831233922
193.24604920984197,1.000001794148217,0.005177096630535518
193.44588917783557,1.0000017960132346,0.005171742869014051
193.64572914582916,1.0000017978782518,0.005166399517292065
193.84556911382276,1.0000017997432693,0.00516106654632246
194.04540908181636,1.0000018016082866,0.0051557439273884845
194.24524904980996,1.000001803473304,0.005150431632103733
194.44508901780355,1.0000018053383213,0.0051451296324121504
194.64492898579715,1.0000018072033388,0.005139837900588029
194.84476895379075,1.000001809068356,0.005134556409236014
195.04460892178435,1.0000018109333735,0.005129285131291096
195.24444888977794,1.0000018127983907,0.005124024040018615
195.44428885777154,1.0000018146634082,0.005118773109014261
195.64412882576514,1.0000018165284255,0.005113532312204072
195.84396879375873,1.0000018183934427,0.005108301623844435
196.04380876175233,1.0000018202584602,0.005103081018522087
196.24364872974593,1.0000018221234774,0.005097870471154113
196.44348869773953,1.000001823988495,0.005092669956987946
196.64332866573315,1.0000018258535122,0.005087479451601368
196.84316863372675,1.0000018277185294,0.005082298930902512
197.04300860172035,1.0000018295835469,0.00507712837112986
197.24284856971394,1.0000018314485641,0.00507196774885224
197.44268853770754,1.0000018333135814,0.00506681704096883
197.64252850570114,1.0000018351785986,0.005061676224709159
197.84236847369473,1.0000018370436161,0.005056545277633102
198.04220844168833,1.0000018389086334,0.0050514241776308845
198.24204840968193,1.0000018407736506,0.005046312902923081
198.44188837767553,1.0000018426386679,0.005041211432060615
198.64172834566912,1.0000018445036853,0.005036119743924757
198.84156831366272,1.0000018463687026,0.005031037817727129
199.04140828165632,1.0000018482337198,0.0050259656330097005
199.2412482496499,1.000001850098737,0.0050209031696447914
199.4410882176435,1.0000018519637544,0.005015850407835067
199.6409281856371,1.0000018538287716,0.005010807328113542
199.8407681536307,1.000001855693789,0.005005773911343588
200.0406081216243,1.0000018575588063,0.0050007501387189165
200.24044808961793,1.0000018594238236,0.004995735991763587
200.44028805761153,1.0000018612888408,0.0049907314523320164
200.64012802560512,1.000001863153858,0.004985736502608964
200.83996799359872,1.0000018650188753,0.004980751125109541
201.03980796159232,1.0000018668838926,0.0049757753026792055
201.2396479295859,1.0000018687489098,0.0049708090184937635
201.4394878975795,1.000001870613927,0.004965852256059373
201.6393278655731,1.0000018724789443,0.004960904999212541
201.8391678335667,1.0000018743439616,0.004955967232120122
202.0390078015603,1.0000018762089788,0.004951038939279315
202.2388477695539,1.000001878073996,0.004946120105517678
202.4386877375475,1.0000018799390133,0.00494121071599311
202.6385277055411,1.0000018818040306,0.00493631075619386
202.8383676735347,1.0000018836690479,0.004931420211938529
203.0382076415283,1.000001885534065,0.004926539069376063
203.23804760952189,1.0000018873990821,0.004921667314985761
203.43788757751548,1.0000018892640994,0.004916804935577267
203.63772754550908,1.0000018911291166,0.004911951918290577
203.8375675135027,1.000001892994134,0.004907108250596033
204.0374074814963,1.0000018948591511,0.004902273920294329
204.2372474494899,1.0000018967241684,0.004897448915516507
204.4370874174835,1.0000018985891854,0.004892633224723956
204.6369273854771,1.0000019004542027,0.004887826836708416
204.8367673534707,1.00000190231922,0.004883029740591974
205.0366073214643,1.0000019041842372,0.004878241925827068
205.23644728945789,1.0000019060492542,0.004873463382196484
205.43628725745148,1.0000019079142715,0.004868694099813357
205.63612722544508,1.0000019097792887,0.004863934069121171
205.83596719343868,1.0000019116443057,0.0048591832808937575
206.03580716143227,1.000001913509323,0.004854441726235299
206.23564712942587,1.0000019153743402,0.0048497093965803265
206.43548709741947,1.0000019172393573,0.00484498628369372
206.63532706541307,1.0000019191043745,0.004840272379670705
206.83516703340666,1.0000019209693918,0.004835567676936861
207.03500700140026,1.0000019228344088,0.004830872168248115
207.23484696939386,1.000001924699426,0.0048261858466907386
207.43468693738745,1.000001926564443,0.004821508705681359
207.63452690538108,1.0000019284294603,0.0048168407389669494
207.83436687337468,1.0000019302944774,0.0048121819406248285
208.03420684136827,1.0000019321594946,0.004807532305062671
208.23404680936187,1.0000019340245117,0.004802891827018492
208.43388677735547,1.000001935889529,0.004798260501560665
208.63372674534907,1.000001937754546,0.0047936383240879035
208.83356671334266,1.0000019396195632,0.004789025290329277
209.03340668133626,1.0000019414845802,0.0047844213963441976
209.23324664932986,1.0000019433495975,0.00477982663852243
209.43308661732345,1.0000019452146145,0.00477524101358409
209.63292658531705,1.0000019470796317,0.004770664518579638
209.83276655331065,1.0000019489446488,0.004766097150889885
210.03260652130425,1.0000019508096658,0.004761538908225992
210.23244648929784,1.000001952674683,0.0047569897886294635
210.43228645729144,1.0000019545397,0.0047524497904721606
210.63212642528504,1.0000019564047171,0.0047479189124562905
210.83196639327863,1.0000019582697344,0.0047433971536144075
211.03180636127223,1.0000019601347514,0.004738884513309416
211.23164632926586,1.0000019619997684,0.004734380991234568
211.43148629725945,1.0000019638647857,0.004729886587413469
211.63132626525305,1.0000019657298027,0.004725401302200068
211.83116623324665,1.0000019675948197,0.0047209251362786645
212.03100620124025,1.0000019694598368,0.004716458090663909
212.23084616923384,1.000001971324854,0.004712000166700798
212.43068613722744,1.000001973189871,0.0047075513660646785
212.63052610522104,1.000001975054888,0.004703111690761246
212.83036607321463,1.0000019769199051,0.004698681143126547
213.03020604120823,1.0000019787849221,0.0046942597258269715
213.23004600920183,1.0000019806499392,0.004689847441859265
213.42988597719543,1.0000019825149564,0.004685444294550518
213.62972594518902,1.0000019843799735,0.00468105028755817
213.82956591318262,1.0000019862449905,0.004676665424870011
214.02940588117622,1.0000019881100075,0.004672289710804177
214.2292458491698,1.0000019899750245,0.004667923150009157
214.4290858171634,1.0000019918400416,0.0046635657474637885
214.628925785157,1.0000019937050586,0.004659217508477252
214.82876575315063,1.0000019955700756,0.004654878438689084
215.02860572114423,1.0000019974350927,0.004650548544069166
215.22844568913783,1.0000019993001097,0.00464622783091773
215.42828565713143,1.0000020011651267,0.004641916305865357
215.62812562512502,1.0000020030301437,0.004637613917372716
215.82796559311862,1.0000020048951608,0.004633319471268734
216.02780556111222,1.0000020067601778,0.004629032482915351
216.2276455291058,1.0000020086251948,0.004624752938016498
216.4274854970994,1.0000020104902119,0.0046204808222934275
216.627325465093,1.000002012355229,0.004616216121484704
216.8271654330866,1.0000020142202457,0.0046119588213462065
217.0270054010802,1.0000020160852627,0.004607708907651131
217.2268453690738,1.0000020179502798,0.004603466366189986
217.4266853370674,1.0000020198152968,0.004599231182770597
217.626525305061,1.0000020216803138,0.004595003343218103
217.8263652730546,1.0000020235453309,0.004590782833374957
218.0262052410482,1.0000020254103477,0.004586569639100931
218.22604520904179,1.0000020272753647,0.004582363746273105
218.4258851770354,1.0000020291403817,0.00457816514078588
218.625725145029,1.0000020310053988,0.0045739738085509695
218.8255651130226,1.0000020328704156,0.004569789735497402
219.0254050810162,1.0000020347354326,0.00456561290757152
219.2252450490098,1.0000020366004496,0.004561443310736982
219.4250850170034,1.0000020384654666,0.004557280930974762
219.624924984997,1.0000020403304835,0.004553125754283146
219.8247649529906,1.0000020421955005,0.004548977766677739
220.0246049209842,1.0000020440605175,0.004544836954191457
220.22444488897779,1.0000020459255343,0.004540703302874533
220.42428485697138,1.0000020477905514,0.0045365767987945145
220.62412482496498,1.0000020496555682,0.004532457428036264
220.82396479295858,1.0000020515205852,0.0045283451767019565
221.02380476095217,1.0000020533856022,0.004524240030911087
221.22364472894577,1.000002055250619,0.00452014197680046
221.42348469693937,1.000002057115636,0.004516051000524198
221.62332466493297,1.0000020589806529,0.004511967088253737
221.82316463292656,1.00000206084567,0.00450789022617783
222.02300460092016,1.0000020627106867,0.00450382040050254
222.22284456891379,1.0000020645757037,0.004499757597451251
222.42268453690738,1.0000020664407205,0.004495701803264657
222.62252450490098,1.0000020683057376,0.004491653004200772
222.82236447289458,1.0000020701707544,0.004487611186534918
223.02220444088817,1.0000020720357714,0.004483576336559736
223.22204440888177,1.0000020739007882,0.004479548440585184
223.42188437687537,1.000002075765805,0.0044755274849385285
223.62172434486897,1.000002077630822,0.004471513455964358
223.82156431286256,1.0000020794958389,0.0044675063400245706
224.02140428085616,1.0000020813608559,0.0044635061234983816
224.22124424884976,1.0000020832258727,0.00445951279278232
224.42108421684335,1.0000020850908895,0.004455526334290232
224.62092418483695,1.0000020869559065,0.004451546734453276
224.82076415283055,1.0000020888209233,0.004447573979719925
225.02060412082415,1.0000020906859401,0.00444360805655597
225.22044408881774,1.000002092550957,0.0044396489514445135
225.42028405681134,1.000002094415974,0.004435696650885976
225.62012402480494,1.0000020962809908,0.004431751141398089
225.81996399279856,1.0000020981460076,0.004427812409515902
226.01980396079216,1.0000021000110244,0.004423880441791779
226.21964392878576,1.0000021018760414,0.004419955224795399
226.41948389677935,1.0000021037410582,0.004416036745113753
226.61932386477295,1.000002105606075,0.00441212498935115
226.81916383276655,1.0000021074710919,0.004408219944129214
227.01900380076015,1.0000021093361087,0.00440432159608688
227.21884376875374,1.0000021112011255,0.004400429931880403
227.41868373674734,1.0000021130661423,0.004396544938183349
227.61852370474094,1.0000021149311593,0.004392666601686601
227.81836367273453,1.0000021167961761,0.004388794909098355
228.01820364072813,1.000002118661193,0.004384929847144126
228.21804360872173,1.0000021205262097,0.004381071402566737
228.41788357671533,1.0000021223912265,0.0043772195621263315
228.61772354470892,1.0000021242562434,0.004373374312600367
228.81756351270252,1.0000021261212602,0.004369535640783613
229.01740348069612,1.000002127986277,0.004365703533488158
229.21724344868971,1.0000021298512938,0.0043618779775434005
229.41708341668334,1.0000021317163106,0.004358058959796058
229.61692338467694,1.0000021335813274,0.004354246467110161
229.81676335267053,1.0000021354463442,0.0043504404863670566
230.01660332066413,1.000002137311361,0.004346641004465405
230.21644328865773,1.0000021391763778,0.0043428480083211795
230.41628325665133,1.0000021410413944,0.004339061484867672
230.61612322464492,1.0000021429064112,0.004335281421055488
230.81596319263852,1.000002144771428,0.004331507803852547
231.01580316063212,1.0000021466364448,0.004327740620244084
231.21564312862571,1.0000021485014616,0.004323979857232648
231.4154830966193,1.0000021503664784,0.0043202255018381045
231.6153230646129,1.000002152231495,0.004316477541097633
231.8151630326065,1.0000021540965118,0.004312735962065727
232.0150030006001,1.0000021559615286,0.004309000751814197
232.2148429685937,1.0000021578265454,0.004305271897432166
232.4146829365873,1.0000021596915623,0.004301549386026074
232.6145229045809,1.0000021615565788,0.004297833204719673
232.8143628725745,1.0000021634215956,0.004294123340654032
233.0142028405681,1.0000021652866125,0.004290419780987536
233.21404280856171,1.000002167151629,0.004286722512895882
233.4138827765553,1.0000021690166458,0.004283031523572084
233.6137227445489,1.0000021708816627,0.004279346800226469
233.8135627125425,1.0000021727466792,0.004275668330086681
234.0134026805361,1.000002174611696,0.004271996100397677
234.2132426485297,1.0000021764767129,0.004268330098421731
234.4130826165233,1.0000021783417294,0.004264670311438429
234.6129225845169,1.0000021802067462,0.004261016726744673
234.8127625525105,1.0000021820717628,0.004257369331654682
235.0126025205041,1.0000021839367796,0.004253728113499986
235.2124424884977,1.0000021858017965,0.004250093059629434
235.41228245649128,1.000002187666813,0.0042464641574091865
235.61212242448488,1.0000021895318298,0.004242841394222721
235.81196239247848,1.0000021913968464,0.004239224757470828
236.01180236047207,1.0000021932618632,0.004235614234571614
236.21164232846567,1.0000021951268798,0.004232009812960502
236.41148229645927,1.0000021969918964,0.004228411480090226
236.61132226445287,1.0000021988569132,0.004224819223430837
236.8111622324465,1.0000022007219298,0.004221233030469701
237.0110022004401,1.0000022025869466,0.0042176528887115
237.2108421684337,1.0000022044519632,0.004214078785678229
237.41068213642728,1.00000220631698,0.004210510708909198
237.61052210442088,1.0000022081819966,0.0042069486459610315
237.81036207241448,1.0000022100470132,0.00420339258440767
238.01020204040807,1.00000221191203,0.00419984251184037
238.21004200840167,1.0000022137770466,0.0041962984158677
238.40988197639527,1.0000022156420632,0.004192760284115545
238.60972194438887,1.00000221750708,0.004189228104227104
238.80956191238246,1.0000022193720965,0.004185701863862892
239.00940188037606,1.0000022212371131,0.004182181550700738
239.20924184836966,1.0000022231021297,0.004178667152435786
239.40908181636325,1.0000022249671465,0.004175158656780495
239.60892178435685,1.000002226832163,0.004171656051464639
239.80876175235045,1.0000022286971797,0.004168159324235307
240.00860172034405,1.0000022305621963,0.004164668462856902
240.20844168833764,1.0000022324272129,0.004161183455111143
240.40828165633127,1.0000022342922297,0.004157704288797063
240.60812162432487,1.0000022361572463,0.00415423095173101
240.80796159231846,1.0000022380222628,0.004150763431746646
241.00780156031206,1.0000022398872794,0.004147301716694952
241.20764152830566,1.000002241752296,0.004143845794444217
241.40748149629925,1.0000022436173126,0.004140395652880051
241.60732146429285,1.0000022454823292,0.004136951279905376
241.80716143228645,1.0000022473473458,0.004133512663440428
242.00700140028005,1.0000022492123624,0.004130079791422761
242.20684136827364,1.000002251077379,0.004126652651807241
242.40668133626724,1.0000022529423955,0.0041232312325660495
242.60652130426084,1.0000022548074121,0.004119815521688684
242.80636127225443,1.0000022566724287,0.004116405507181956
243.00620124024803,1.0000022585374453,0.004113001177069992
243.20604120824163,1.0000022604024619,0.004109602519394233
243.40588117623523,1.0000022622674785,0.004106209522213435
243.60572114422882,1.000002264132495,0.0041028221736036695
243.80556111222242,1.0000022659975116,0.004099440461658322
244.00540108021602,1.0000022678625282,0.004096064374488093
244.20524104820964,1.0000022697275448,0.004092693900220999
244.40508101620324,1.0000022715925614,0.00408932902700237
244.60492098419684,1.000002273457578,0.0040859697429948515
244.80476095219043,1.0000022753225946,0.004082616036378403
245.00460092018403,1.000002277187611,0.0040792678953503
245.20444088817763,1.0000022790526275,0.004075925308125133
245.40428085617123,1.000002280917644,0.004072588262934806
245.60412082416482,1.0000022827826607,0.0040692567480285395
245.80396079215842,1.0000022846476773,0.004065930751672867
246.00380076015202,1.0000022865126936,0.0040626102621516376
246.20364072814561,1.0000022883777102,0.004059295267766016
246.4034806961392,1.0000022902427268,0.004055985756834482
246.6033206641328,1.0000022921077434,0.004052681717692829
246.8031606321264,1.0000022939727597,0.004049383138694165
247.00300060012,1.0000022958377763,0.004046090008208914
247.2028405681136,1.000002297702793,0.004042802314624816
247.4026805361072,1.0000022995678093,0.004039520046346922
247.6025205041008,1.0000023014328259,0.004036243191797602
247.80236047209442,1.0000023032978425,0.004032971739416537
248.00220044008802,1.0000023051628588,0.0040297056776607285
248.20204040808161,1.0000023070278754,0.004026444995004486
248.4018803760752,1.0000023088928918,0.004023189679939438
248.6017203440688,1.0000023107579084,0.0040199397209745285
248.8015603120624,1.0000023126229247,0.004016695106636012
249.001400280056,1.0000023144879413,0.004013455825467464
249.2012402480496,1.0000023163529579,0.00401022186602977
249.4010802160432,1.0000023182179743,0.004006993216901131
249.6009201840368,1.0000023200829908,0.004003769866677065
249.8007601520304,1.0000023219480072,0.004000551803970404
250.000600120024,1.0000023238130238,0.003997339017411294
250.2004400880176,1.0000023256780401,0.003994131495647196
250.40028005601118,1.0000023275430565,0.0039909292273428865
250.60012002400478,1.000002329408073,0.003987732201180457
250.79995999199838,1.0000023312730895,0.003984540405859313
250.99979995999198,1.000002333138106,0.003981353830096176
251.19963992798557,1.0000023350031224,0.003978172462625081
251.3994798959792,1.0000023368681388,0.003974996292197378
251.5993198639728,1.0000023387331554,0.003971825307581734
251.7991598319664,1.0000023405981717,0.003968659497564128
251.99899979996,1.000002342463188,0.003965498850947856
252.1988397679536,1.0000023443282047,0.003962343356553528
252.39867973594718,1.000002346193221,0.003959193003219067
252.59851970394078,1.0000023480582374,0.003956047779799715
252.79835967193438,1.000002349923254,0.003952907675168026
252.99819963992798,1.0000023517882703,0.003949772678213869
253.19803960792157,1.0000023536532867,0.003946642777844428
253.39787957591517,1.000002355518303,0.0039435179629842025
253.59771954390877,1.0000023573833194,0.0039403982225750065
253.79755951190236,1.000002359248336,0.003937283545575969
253.99739947989596,1.0000023611133524,0.003934173920963533
254.19723944788956,1.0000023629783688,0.003931069337731459
254.39707941588316,1.0000023648433851,0.003927969784890817
254.59691938387675,1.0000023667084015,0.003924875251469999
254.79675935187035,1.0000023685734178,0.003921785726514707
254.99659931986398,1.0000023704384344,0.003918701199087956
255.19643928785757,1.0000023723034508,0.003915621658270084
255.39627925585117,1.0000023741684672,0.003912547093158735
255.59611922384477,1.0000023760334835,0.003909477492868873
255.79595919183836,1.0000023778984999,0.003906412846532776
255.99579915983196,1.0000023797635162,0.003903353143300034
256.19563912782553,1.0000023816285326,0.0039002983723375574
256.39547909581916,1.000002383493549,0.0038972485228295655
256.5953190638128,1.0000023853585653,0.003894203583977596
256.79515903180635,1.0000023872235817,0.0038911635450005018
256.9949989997999,1.000002389088598,0.0038881283951344484
257.19483896779354,1.0000023909536144,0.003885098123632917
257.39467893578717,1.0000023928186308,0.003882072719766704
257.59451890378074,1.0000023946836472,0.003879052172823922
257.79435887177436,1.0000023965486633,0.0038760364721099954
257.99419883976793,1.0000023984136797,0.003873025606947666
258.19403880776156,1.000002400278696,0.003870019566676989
258.3938787757551,1.0000024021437124,0.003867018340655336
258.59371874374875,1.0000024040087288,0.003864021918257391
258.7935587117423,1.0000024058737451,0.003861030288875156
258.99339867973595,1.0000024077387615,0.0038580434419179443
259.1932386477295,1.0000024096037776,0.003855061366812388
259.39307861572314,1.000002411468794,0.0038520840530024305
259.5929185837167,1.0000024133338103,0.003849111489949333
259.79275855171034,1.0000024151988267,0.0038461436671316683
259.9925985197039,1.0000024170638429,0.003843180574045327
260.19243848769753,1.0000024189288592,0.0038402222002035134
260.3922784556911,1.0000024207938756,0.003837268535136747
260.5921184236847,1.000002422658892,0.003834319568392861
260.79195839167835,1.000002424523908,0.003831375289537005
260.9917983596719,1.0000024263889244,0.0038284356881516436
261.19163832766554,1.0000024282539408,0.0038255007538365534
261.3914782956591,1.000002430118957,0.0038225704762088297
261.59131826365274,1.0000024319839733,0.00381964484490288
261.7911582316463,1.0000024338489895,0.003816723849570428
261.99099819963993,1.0000024357140058,0.003813807479880511
262.1908381676335,1.0000024375790222,0.003810895725519483
262.3906781356271,1.0000024394440383,0.003807988576191011
262.5905181036207,1.0000024413090547,0.0038050860216160788
262.7903580716143,1.0000024431740708,0.0038021880515329825
262.9901980396079,1.0000024450390872,0.0037992946556973353
263.1900380076015,1.0000024469041033,0.003796405823882064
263.3898779755951,1.0000024487691197,0.003793521545877411
263.5897179435887,1.0000024506341358,0.0037906418114909335
263.7895579115823,1.0000024524991522,0.0037877666105475037
263.9893978795759,1.0000024543641683,0.0037848959328893065
264.18923784756953,1.0000024562291847,0.003782029768375845
264.3890778155631,1.0000024580942009,0.003779168106883936
264.5889177835567,1.000002459959217,0.003776310938307709
264.7887577515503,1.0000024618242334,0.003773458252558612
264.9885977195439,1.0000024636892495,0.0037706100395654045
265.1884376875375,1.0000024655542659,0.0037677662892741633
265.3882776555311,1.000002467419282,0.0037649269916482787
265.5881176235247,1.0000024692842981,0.003762092136668457
265.7879575915183,1.0000024711493145,0.003759261714332717
265.9877975595119,1.0000024730143307,0.0037564357146563955
266.1876375275055,1.0000024748793468,0.0037536141276721417
266.38747749549907,1.000002476744363,0.0037507969434299217
266.5873174634927,1.0000024786093793,0.003747984151997014
266.78715743148626,1.0000024804743954,0.0037451757434580147
266.9869973994799,1.0000024823394116,0.0037423717079148313
267.18683736747346,1.0000024842044277,0.003739572035486691
267.3866773354671,1.000002486069444,0.003736776716310131
267.58651730346065,1.0000024879344602,0.003733985740539007
267.7863572714543,1.0000024897994764,0.0037311990983444863
267.9861972394479,1.0000024916644925,0.0037284167799150536
268.1860372074415,1.0000024935295087,0.0037256387754565083
268.3858771754351,1.0000024953945248,0.003722865075191963
268.58571714342867,1.0000024972595412,0.0037200956693618473
268.7855571114223,1.0000024991245573,0.0037173305482239025
268.98539707941586,1.0000025009895734,0.0037145697020531895
269.1852370474095,1.0000025028545896,0.003711813121142079
269.38507701540306,1.0000025047196057,0.0037090607958002605
269.5849169833967,1.0000025065846219,0.003706312716354735
269.78475695139025,1.000002508449638,0.0037035688731498224
269.9845969193839,1.0000025103146541,0.0037008292565471525
270.18443688737744,1.0000025121796703,0.0036980938569256753
270.38427685537107,1.0000025140446864,0.0036953626646816506
270.58411682336464,1.0000025159097026,0.003692635670228658
270.78395679135826,1.0000025177747187,0.003689912863997587
270.98379675935183,1.0000025196397349,0.003687194236436646
271.18363672734546,1.000002521504751,0.0036844797780113555
271.383476695339,1.0000025233697671,0.0036817694792045533
271.58331666333265,1.0000025252347833,0.0036790633305163888
271.7831566313263,1.0000025270997992,0.0036763613224643295
271.98299659931985,1.0000025289648153,0.003673663445583157
272.1828365673135,1.0000025308298315,0.0036709696904249664
272.38267653530704,1.0000025326948476,0.0036682800475591687
272.58251650330067,1.0000025345598638,0.003665594507572489
272.78235647129424,1.00000253642488,0.003662913061068969
272.98219643928786,1.0000025382898958,0.0036602356986699626
273.18203640728143,1.000002540154912,0.0036575624110141416
273.38187637527506,1.000002542019928,0.0036548931887574894
273.5817163432686,1.0000025438849443,0.003652228022573308
273.78155631126225,1.0000025457499602,0.00364956690315221
273.9813962792558,1.0000025476149763,0.0036469098212021265
274.18123624724944,1.0000025494799925,0.0036442567674483013
274.381076215243,1.0000025513450086,0.003641607732633294
274.58091618323664,1.0000025532100245,0.003638962707516979
274.7807561512302,1.0000025550750407,0.0036363216828765458
274.98059611922383,1.0000025569400568,0.003633684649506497
275.18043608721746,1.0000025588050727,0.0036310515982186523
275.380276055211,1.0000025606700889,0.003628422519842147
275.58011602320465,1.0000025625351048,0.003625797405223426
275.7799559911982,1.000002564400121,0.0036231762452262556
275.97979595919185,1.000002566265137,0.003620559030731713
276.1796359271854,1.000002568130153,0.003617945752638192
276.37947589517904,1.0000025699951691,0.003615336401861399
276.5793158631726,1.000002571860185,0.003612730969334359
276.77915583116624,1.0000025737252012,0.0036101294460074073
276.9789957991598,1.000002575590217,0.003607531822848199
277.17883576715343,1.0000025774552332,0.003604938090841699
277.378675735147,1.0000025793202492,0.0036023482409901922
277.5785157031406,1.0000025811852653,0.003599762264313273
277.7783556711342,1.0000025830502812,0.003597180151847856
277.9781956391278,1.0000025849152974,0.0035946018946481657
278.1780356071214,1.0000025867803133,0.0035920274837857456
278.377875575115,1.0000025886453292,0.0035894569103494508
278.5777155431086,1.0000025905103453,0.0035868901654454548
278.7775555111022,1.0000025923753613,0.003584327240197241
278.97739547909583,1.0000025942403774,0.0035817681257456126
279.1772354470894,1.0000025961053933,0.0035792128132486854
279.377075415083,1.0000025979704092,0.00357666129388189
279.5769153830766,1.0000025998354254,0.0035741135588379723
279.7767553510702,1.0000026017004413,0.0035715695993269922
279.9765953190638,1.0000026035654572,0.003569029406576326
280.1764352870574,1.0000026054304731,0.003566492971830663
280.376275255051,1.0000026072954893,0.0035639602863520104
280.5761152230446,1.0000026091605052,0.0035614313414196854
280.7759551910382,1.0000026110255211,0.0035589061283303252
280.9757951590318,1.000002612890537,0.003556384638397878
281.1756351270254,1.0000026147555532,0.0035538668629536098
281.375475095019,1.000002616620569,0.0035513527933460987
281.57531506301257,1.000002618485585,0.00354884242094124
281.7751550310062,1.000002620350601,0.003546335737122242
281.97499499899976,1.0000026222156169,0.0035438327332896306
282.1748349669934,1.0000026240806328,0.0035413334008612416
282.37467493498696,1.0000026259456487,0.003538837731272232
282.5745149029806,1.0000026278106648,0.003536345715975068
282.7743548709742,1.0000026296756808,0.003533857346439534
282.9741948389678,1.0000026315406967,0.0035313726141527283
283.1740348069614,1.0000026334057126,0.003528891510619064
283.37387477495497,1.0000026352707285,0.0035264140273602706
283.5737147429486,1.0000026371357444,0.003523940155915388
283.77355471094216,1.0000026390007604,0.0035214698878407768
283.9733946789358,1.0000026408657763,0.003519003214710108
284.17323464692936,1.0000026427307922,0.00351654012811437
284.373074614923,1.0000026445958081,0.003514080619661864
284.57291458291655,1.000002646460824,0.0035116246809782092
284.7727545509102,1.00000264832584,0.003509172303706335
284.97259451890375,1.0000026501908559,0.0035067234795064907
285.1724344868974,1.0000026520558718,0.0035042782000562368
285.37227445489094,1.0000026539208875,0.003501836457050451
285.57211442288457,1.0000026557859034,0.0034993982422013227
285.77195439087814,1.0000026576509193,0.003496963547238361
285.97179435887176,1.0000026595159353,0.003494532363908385
286.1716343268654,1.0000026613809512,0.003492104683975532
286.37147429485896,1.000002663245967,0.0034896804992212522
286.5713142628526,1.0000026651109828,0.0034872598014443115
286.77115423084615,1.0000026669759987,0.0034848425824607916
286.9709941988398,1.0000026688410146,0.0034824288341040867
287.17083416683334,1.0000026707060305,0.0034800185482249083
287.37067413482697,1.0000026725710465,0.0034776117166912804
287.57051410282054,1.0000026744360622,0.0034752083313885442
287.77035407081416,1.000002676301078,0.003472808384219354
287.97019403880773,1.000002678166094,0.00347041186710368
288.17003400680136,1.0000026800311097,0.003468018771978806
288.3698739747949,1.0000026818961256,0.003465629090799333
288.56971394278855,1.0000026837611415,0.0034632428155371743
288.7695539107821,1.0000026856261572,0.0034608599381815604
288.96939387877575,1.0000026874911732,0.0034584804507390332
289.1692338467693,1.000002689356189,0.003456104345233454
289.36907381476294,1.0000026912212048,0.0034537316137059947
289.5689137827565,1.0000026930862207,0.003451362248215146
289.76875375075014,1.0000026949512364,0.00344899624083671
289.96859371874376,1.0000026968162523,0.0034466335836638045
290.16843368673733,1.0000026986812682,0.0034442742688068654
290.36827365473096,1.000002700546284,0.0034419182883936384
290.5681136227245,1.0000027024112998,0.0034395656345691875
290.76795359071815,1.0000027042763155,0.00343721629949589
290.9677935587117,1.0000027061413315,0.0034348702753534397
291.16763352670534,1.0000027080063472,0.0034325275543388425
291.3674734946989,1.0000027098713629,0.003430188128666423
291.56731346269254,1.0000027117363788,0.0034278519905678166
291.7671534306861,1.0000027136013945,0.003425519132291976
291.96699339867973,1.0000027154664104,0.0034231895461051686
292.1668333666733,1.000002717331426,0.003420863224290976
292.3666733346669,1.000002719196442,0.003418540159150295
292.5665133026605,1.0000027210614577,0.003416220343001337
292.7663532706541,1.0000027229264734,0.0034139037681796287
292.9661932386477,1.0000027247914893,0.0034115904270380112
293.1660332066413,1.000002726656505,0.00340928031194664
293.36587317463494,1.0000027285215207,0.0034069734152929877
293.5657131426285,1.0000027303865366,0.0034046697294818394
293.76555311062214,1.0000027322515523,0.0034023692469352957
293.9653930786157,1.000002734116568,0.003400071960092773
294.16523304660933,1.0000027359815837,0.0033977778614109992
294.3650730146029,1.0000027378465997,0.0033954869433640233
294.5649129825965,1.0000027397116154,0.0033931991984432024
294.7647529505901,1.000002741576631,0.003390914619157214
294.9645929185837,1.0000027434416467,0.0033886331980320455
295.1644328865773,1.0000027453066624,0.003386354927611004
295.3642728545709,1.0000027471716784,0.0033840798004547076
295.5641128225645,1.000002749036694,0.0033818078091410915
295.7639527905581,1.0000027509017098,0.003379538946265404
295.9637927585517,1.0000027527667255,0.0033772732044402114
296.1636327265453,1.0000027546317412,0.003375010576295391
296.36347269453887,1.0000027564967569,0.0033727510544781375
296.5633126625325,1.0000027583617725,0.003370494631652959
296.76315263052606,1.0000027602267882,0.003368241300501679
296.9629925985197,1.000002762091804,0.0033659910537234368
297.1628325665133,1.0000027639568196,0.0033637438840346855
297.3626725345069,1.0000027658218353,0.0033614997841691936
297.5625125025005,1.000002767686851,0.0033592587468780433
297.7623524704941,1.0000027695518667,0.003357020764929634
297.9621924384877,1.0000027714168824,0.0033547858311096766
298.1620324064813,1.0000027732818981,0.0033525539382212003
298.3618723744749,1.0000027751469138,0.0033503250790845466
298.56171234246847,1.0000027770119295,0.0033480992465373736
298.7615523104621,1.0000027788769452,0.003345876433434653
298.96139227845566,1.000002780741961,0.0033436566326486726
299.1612322464493,1.0000027826069766,0.003341439837069033
299.36107221444286,1.0000027844719923,0.0033392260396026526
299.5609121824365,1.000002786337008,0.0033370152331737616
299.76075215043005,1.0000027882020237,0.0033348074107239084
299.9605921184237,1.0000027900670392,0.0033326025652119524
300.16043208641725,1.0000027919320549,0.003330400689614071
300.36027205441087,1.0000027937970706,0.0033282017769237547
300.56011202240444,1.0000027956620863,0.00332600582015181
300.75995199039806,1.000002797527102,0.0033238128123263574
300.9597919583917,1.0000027993921174,0.0033216227464928326
301.15963192638526,1.0000028012571331,0.0033194356157139862
301.3594718943789,1.0000028031221488,0.0033172514130698836
301.55931186237245,1.0000028049871645,0.0033150701316579058
301.7591518303661,1.00000280685218,0.003312891764592746
301.95899179835965,1.0000028087171957,0.003310716305006417
302.1588317663533,1.0000028105822114,0.0033085437460482403
302.35867173434684,1.0000028124472269,0.0033063740808848587
302.55851170234047,1.0000028143122426,0.0033042073027002242
302.75835167033404,1.0000028161772583,0.0033020434046956084
302.95819163832766,1.0000028180422738,0.003299882380089593
303.15803160632123,1.0000028199072895,0.003297724222118081
303.35787157431486,1.000002821772305,0.0032955689240342827
303.5577115423084,1.0000028236373206,0.003293416479108729
303.75755151030205,1.000002825502336,0.0032912668806292624
303.9573914782956,1.0000028273673518,0.0032891201219010426
304.15723144628925,1.0000028292323675,0.003286976196246542
304.35707141428287,1.000002831097383,0.0032848350970055493
304.55691138227644,1.0000028329623987,0.0032826968175351683
304.75675135027006,1.0000028348274141,0.003280561351209816
304.95659131826363,1.0000028366924298,0.0032784286914212266
305.15643128625726,1.0000028385574453,0.0032762988315784463
305.3562712542508,1.0000028404224608,0.0032741717651078384
305.55611122224445,1.0000028422874765,0.00327204748545308
305.755951190238,1.000002844152492,0.003269925986075164
305.95579115823165,1.0000028460175077,0.003267807260452397
306.1556311262252,1.0000028478825231,0.0032656913020804017
306.35547109421884,1.0000028497475386,0.003263578104472114
306.5553110622124,1.0000028516125543,0.003261467661157788
306.75515103020604,1.0000028534775698,0.0032593599656849867
306.9549909981996,1.0000028553425853,0.0032572550116185947
307.15483096619323,1.000002857207601,0.0032551527925408054
307.3546709341868,1.0000028590726164,0.003253053302051133
307.5545109021804,1.000002860937632,0.0032509565337664015
307.754350870174,1.0000028628026476,0.003248862481320753
307.9541908381676,1.000002864667663,0.0032467711383656426
308.15403080616124,1.0000028665326786,0.0032446824985698404
308.3538707741548,1.000002868397694,0.0032425965556194336
308.55371074214844,1.0000028702627095,0.00324051330321782
308.753550710142,1.0000028721277252,0.0032384327350857183
308.95339067813563,1.0000028739927407,0.003236354844961155
309.1532306461292,1.0000028758577562,0.0032342796265994777
309.3530706141228,1.0000028777227716,0.003232207073773344
309.5529105821164,1.000002879587787,0.00323013718027273
309.75275055011,1.0000028814528026,0.003228069939904925
309.9525905181036,1.0000028833178183,0.0032260053464945333
310.1524304860972,1.0000028851828338,0.0032239433938834735
310.3522704540908,1.0000028870478492,0.0032218840759309806
310.5521104220844,1.0000028889128647,0.0032198273865136026
310.751950390078,1.0000028907778802,0.003217773319525204
310.9517903580716,1.0000028926428957,0.003215721868876963
311.1516303260652,1.0000028945079111,0.003213673028497374
311.3514702940588,1.0000028963729266,0.0032116267923322436
311.55131026205237,1.000002898237942,0.003209583154344697
311.751150230046,1.0000029001029576,0.003207542108515171
311.9509901980396,1.000002901967973,0.003205503648841419
312.1508301660332,1.0000029038329885,0.0032034677693385093
312.3506701340268,1.000002905698004,0.0032014344640388243
312.5505101020204,1.0000029075630195,0.0031994037269920607
312.750350070014,1.0000029094280347,0.0031973755522652315
312.9501900380076,1.0000029112930502,0.0031953499339426646
313.1500300060012,1.0000029131580657,0.003193326866126
313.34986997399477,1.0000029150230811,0.003191306342934198
313.5497099419884,1.0000029168880966,0.0031892883585035274
313.74954990998197,1.000002918753112,0.003187272906987576
313.9493898779756,1.0000029206181276,0.003185259982557246
314.14922984596916,1.0000029224831428,0.0031832495794007526
314.3490698139628,1.0000029243481583,0.0031812416917236276
314.54890978195635,1.0000029262131738,0.003179236313748718
314.74874974995,1.0000029280781892,0.003177233439716183
314.94858971794355,1.0000029299432045,0.0031752330638835
315.1484296859372,1.00000293180822,0.003173235180525459
315.3482696539308,1.0000029336732355,0.003171239783934165
315.54810962192437,1.000002935538251,0.0031692468684190404
315.747949589918,1.0000029374032662,0.003167256428306818
315.94778955791156,1.0000029392682817,0.00316526845794155
316.1476295259052,1.0000029411332971,0.0031632829516846
316.34746949389876,1.0000029429983124,0.003161299903914649
316.5473094618924,1.0000029448633279,0.0031593193090276904
316.74714942988595,1.0000029467283431,0.003157341161437035
316.9469893978796,1.0000029485933586,0.003155365455573306
317.14682936587315,1.000002950458374,0.0031533921858844438
317.34666933386677,1.0000029523233893,0.003151421346835702
317.54650930186034,1.0000029541884048,0.0031494529329096498
317.74634926985397,1.00000295605342,0.003147486938606171
317.94618923784753,1.0000029579184355,0.003145523358442465
318.14602920584116,1.0000029597834508,0.003143562186953044
318.3458691738347,1.0000029616484662,0.0031416034186897385
318.54570914182835,1.0000029635134815,0.0031396470482216894
318.7455491098219,1.000002965378497,0.0031376930701353563
318.94538907781555,1.0000029672435122,0.0031357414790345113
319.1452290458092,1.0000029691085277,0.0031337922695402433
319.34506901380274,1.000002970973543,0.0031318454362909555
319.54490898179637,1.0000029728385582,0.003129900973942364
319.74474894978994,1.0000029747035737,0.003127958877167503
319.94458891778356,1.000002976568589,0.003126019140656717
320.14442888577713,1.0000029784336044,0.0031240817591176714
320.34426885377076,1.0000029802986197,0.0031221467272753408
320.5441088217643,1.000002982163635,0.0031202140398720194
320.74394878975795,1.0000029840286504,0.003118283691667312
320.9437887577515,1.0000029858936657,0.0031163556774381406
321.14362872574515,1.000002987758681,0.0031144299919787424
321.3434686937387,1.0000029896236964,0.0031125066301006693
321.54330866173234,1.0000029914887116,0.0031105855866327852
321.7431486297259,1.0000029933537269,0.0031086668564212737
321.94298859771953,1.0000029952187421,0.0031067504343296284
322.1428285657131,1.0000029970837574,0.003104836315238662
322.3426685337067,1.0000029989487729,0.003102924494046499
322.5425085017003,1.0000030008137881,0.0031010149656685803
322.7423484696939,1.0000030026788034,0.0030991077250376612
322.94218843768755,1.0000030045438186,0.003097202767103812
323.1420284056811,1.0000030064088339,0.003095300086834418
323.34186837367474,1.0000030082738491,0.003093399679214179
323.5417083416683,1.0000030101388646,0.0030915015392451095
323.74154830966194,1.0000030120038799,0.0030896056619465397
323.9413882776555,1.0000030138688951,0.0030877120423551136
324.14122824564913,1.0000030157339104,0.00308582067552479
324.3410682136427,1.0000030175989256,0.0030839315565268453
324.5409081816363,1.0000030194639409,0.0030820446804498657
324.7407481496299,1.0000030213289561,0.0030801600423997575
324.9405881176235,1.0000030231939714,0.003078277637499738
325.1404280856171,1.0000030250589866,0.003076397460890342
325.3402680536107,1.000003026924002,0.003074519507729418
325.5401080216043,1.0000030287890171,0.0030726437731921283
325.7399479895979,1.0000030306540324,0.0030707702524709517
325.9397879575915,1.0000030325190477,0.0030688989407756818
326.1396279255851,1.000003034384063,0.0030670298333334255
326.3394678935787,1.0000030362490782,0.0030651629253886066
326.5393078615723,1.0000030381140934,0.0030632982122029634
326.7391478295659,1.0000030399791084,0.0030614356890555465
326.9389877975595,1.0000030418441237,0.003059575351242725
327.1388277655531,1.000003043709139,0.0030577171940781803
327.3386677335467,1.0000030455741542,0.00305586121289291
327.5385077015403,1.0000030474391695,0.003054007403035225
327.7383476695339,1.0000030493041847,0.003052155759870754
327.9381876375275,1.0000030511691997,0.0030503062787824373
328.1380276055211,1.000003053034215,0.0030484589551705316
328.3378675735147,1.0000030548992302,0.003046613784452609
328.53770754150827,1.0000030567642455,0.003044770762063555
328.7375475095019,1.0000030586292608,0.0030429298834555715
328.93738747749546,1.0000030604942758,0.003041091144098174
329.1372274454891,1.000003062359291,0.0030392545394781934
329.33706741348266,1.0000030642243063,0.0030374200650997757
329.5369073814763,1.0000030660893213,0.0030355877164843807
329.73674734946985,1.0000030679543366,0.0030337574891707852
329.9365873174635,1.0000030698193518,0.0030319293787150784
330.1364272854571,1.0000030716843669,0.003030103380690665
330.33626725345067,1.0000030735493821,0.003028279490688267
330.5361072214443,1.0000030754143974,0.003026457704315917
330.73594718943787,1.0000030772794124,0.0030246380171989667
330.9357871574315,1.0000030791444277,0.0030228204249800796
331.13562712542506,1.0000030810094427,0.003021004923319236
331.3354670934187,1.000003082874458,0.003019191507893729
331.53530706141225,1.000003084739473,0.003017380174398168
331.7351470294059,1.0000030866044882,0.0030155709185444774
331.93498699739945,1.0000030884695033,0.003013763736061897
332.1348269653931,1.0000030903345185,0.0030119586226969785
332.33466693338664,1.0000030921995335,0.0030101555742135925
332.53450690138027,1.0000030940645488,0.0030083545863929216
332.73434686937384,1.0000030959295638,0.0030065556550334643
332.93418683736746,1.000003097794579,0.0030047587759510328
333.13402680536103,1.000003099659594,0.0030029639449787567
333.33386677335466,1.0000031015246091,0.003001171157967078
333.5337067413483,1.0000031033896244,0.0029993804107837545
333.73354670934185,1.0000031052546394,0.0029975916993138594
333.9333866773355,1.0000031071196547,0.0029958050194597795
334.13322664532905,1.0000031089846697,0.0029940203671412176
334.33306661332267,1.0000031108496847,0.0029922377382951906
334.53290658131624,1.0000031127147,0.002990457128876031
334.73274654930987,1.000003114579715,0.0029886785348553855
334.93258651730343,1.00000311644473,0.002986901952222216
335.13242648529706,1.000003118309745,0.002985127376982799
335.33226645329063,1.0000031201747603,0.002983354805160725
335.53210642128425,1.0000031220397754,0.0029815842327969026
335.7319463892778,1.0000031239047904,0.0029798156559495514
335.93178635727145,1.0000031257698054,0.0029780490706942074
336.131626325265,1.0000031276348207,0.002976284473123723
336.33146629325864,1.0000031294998357,0.0029745218593482618
336.5313062612522,1.0000031313648508,0.0029727612254953064
336.73114622924584,1.0000031332298658,0.0029710025677096514
336.9309861972394,1.0000031350948808,0.0029692458821534073
337.13082616523303,1.0000031369598958,0.0029674911650059994
337.33066613322666,1.000003138824911,0.0029657384124641677
337.5305061012202,1.0000031406899261,0.0029639876207419678
337.73034606921385,1.0000031425549412,0.0029622387860707682
337.9301860372074,1.0000031444199562,0.0029604919046992556
338.13002600520105,1.0000031462849712,0.0029587469728934272
338.3298659731946,1.0000031481499863,0.002957003986936599
338.52970594118824,1.0000031500150013,0.0029552629431293994
338.7295459091818,1.0000031518800163,0.002953523837789773
338.92938587717543,1.0000031537450313,0.002951786667252978
339.129225845169,1.0000031556100464,0.00295005142787159
339.32906581316263,1.0000031574750614,0.002948318116015497
339.5289057811562,1.0000031593400764,0.002946586728071901
339.7287457491498,1.0000031612050915,0.002944857260445322
339.9285857171434,1.0000031630701065,0.0029431297095575924
340.128425685137,1.0000031649351215,0.002941404071847861
340.3282656531306,1.0000031668001363,0.0029396803437725908
340.5281056211242,1.0000031686651514,0.0029379585218055585
340.7279455891178,1.0000031705301664,0.002936238602437859
340.9277855571114,1.0000031723951814,0.0029345205821778974
341.12762552510503,1.0000031742601965,0.0029328044575513976
341.3274654930986,1.0000031761252115,0.0029310902251013966
341.5273054610922,1.0000031779902265,0.0029293778813882466
341.7271454290858,1.0000031798552413,0.002927667422989615
341.9269853970794,1.0000031817202564,0.002925958846500482
342.126825365073,1.0000031835852714,0.002924252148533147
342.3266653330666,1.0000031854502864,0.002922547325717219
342.5265053010602,1.0000031873153012,0.002920844374699626
342.7263452690538,1.0000031891803163,0.0029191432921446088
342.9261852370474,1.0000031910453313,0.0029174440747337235
343.126025205041,1.0000031929103461,0.0029157467191658413
343.3258651730346,1.0000031947753611,0.0029140512221571485
343.5257051410282,1.0000031966403762,0.0029123575804411443
343.72554510902177,1.000003198505391,0.0029106657907686457
343.9253850770154,1.000003200370406,0.0029089758499077833
344.12522504500896,1.000003202235421,0.002907287754644002
344.3250650130026,1.0000032041004359,0.002905601501780061
344.5249049809962,1.000003205965451,0.002903917088136037
344.7247449489898,1.0000032078304657,0.002902234510549319
344.9245849169834,1.0000032096954807,0.0029005537658746113
345.124424884977,1.0000032115604958,0.0028988748509839353
345.3242648529706,1.0000032134255106,0.0028971977627666235
345.52410482096417,1.0000032152905256,0.002895522498129326
345.7239447889578,1.0000032171555404,0.0028938490539960073
345.92378475695136,1.0000032190205554,0.002892177427307947
346.123624724945,1.0000032208855703,0.0028905076150237364
346.32346469293856,1.0000032227505853,0.0028888396141192882
346.5233046609322,1.0000032246156,0.0028871734215878218
346.72314462892575,1.000003226480615,0.0028855090344398794
346.9229845969194,1.00000322834563,0.0028838464497033117
347.12282456491295,1.0000032302106447,0.0028821856644232887
347.3226645329066,1.0000032320756598,0.002880526675662292
347.52250450090014,1.0000032339406746,0.002878869480500121
347.72234446889377,1.0000032358056894,0.002877214076033887
347.92218443688733,1.0000032376707044,0.0028755604593780197
348.12202440488096,1.0000032395357192,0.0028739086276642583
348.3218643728746,1.000003241400734,0.002872258578041663
348.52170434086815,1.000003243265749,0.002870610307676606
348.7215443088618,1.0000032451307639,0.002868963813752773
348.92138427685535,1.0000032469957787,0.0028673190934711667
349.121224244849,1.0000032488607935,0.002865676144050103
349.32106421284254,1.0000032507258085,0.002864034962725216
349.52090418083617,1.0000032525908233,0.002862395546749449
349.72074414882974,1.0000032544558382,0.0028607578933930655
349.92058411682336,1.000003256320853,0.0028591219999436405
350.12042408481693,1.000003258185868,0.0028574878637060664
350.32026405281056,1.0000032600508828,0.002855855482002548
350.5201040208041,1.0000032619158976,0.0028542248521726075
350.71994398879775,1.0000032637809124,0.002852595971573079
350.9197839567913,1.0000032656459272,0.0028509688375781142
351.11962392478495,1.000003267510942,0.0028493434475791776
351.3194638927785,1.0000032693759568,0.0028477197989850503
351.51930386077214,1.0000032712409717,0.0028460978892218265
351.7191438287657,1.0000032731059865,0.0028444777157329176
351.91898379675933,1.0000032749710013,0.0028428592759790466
352.11882376475296,1.0000032768360163,0.0028412425674382543
352.31866373274653,1.0000032787010311,0.0028396275876058957
352.51850370074015,1.000003280566046,0.0028380143339946386
352.7183436687337,1.0000032824310607,0.00283640280413447
352.91818363672735,1.0000032842960755,0.0028347929955726855
353.1180236047209,1.0000032861610901,0.002833184905873902
353.31786357271454,1.000003288026105,0.002831578532620047
353.5177035407081,1.0000032898911198,0.0028299738734103644
353.71754350870174,1.0000032917561346,0.0028283709258614125
353.9173834766953,1.0000032936211494,0.0028267696876070657
354.11722344468893,1.0000032954861642,0.002825170156298511
354.3170634126825,1.000003297351179,0.0028235723296042535
354.5169033806761,1.0000032992161938,0.002821976205210109
354.7167433486697,1.0000033010812086,0.0028203817808192116
354.9165833166633,1.0000033029462234,0.002818789054152008
355.1164232846569,1.000003304811238,0.002817198022946263
355.3162632526505,1.0000033066762528,0.002815608684957051
355.51610322064414,1.0000033085412676,0.0028140210379567665
355.7159431886377,1.0000033104062824,0.0028124350797351164
355.91578315663133,1.000003312271297,0.0028108508080991216
356.1156231246249,1.0000033141363118,0.00280926822087312
356.31546309261853,1.0000033160013266,0.0028076873158987634
356.5153030606121,1.0000033178663414,0.002806108091035018
356.7151430286057,1.000003319731356,0.0028045305441581655
356.9149829965993,1.0000033215963708,0.0028029546731618018
357.1148229645929,1.0000033234613857,0.002801380475956838
357.3146629325865,1.0000033253264002,0.0027998079504715015
357.5145029005801,1.000003327191415,0.0027982370946513318
357.7143428685737,1.0000033290564299,0.0027966679064591847
357.9141828365673,1.0000033309214444,0.0027951003838752315
358.1140228045609,1.0000033327864593,0.002793534524896958
358.3138627725545,1.0000033346514738,0.0027919703275391624
358.51370274054807,1.0000033365164887,0.002790407789833962
358.7135427085417,1.0000033383815035,0.0027888469098307864
358.91338267653526,1.000003340246518,0.002787287685596381
359.1132226445289,1.0000033421115329,0.0027857301152148044
359.3130626125225,1.0000033439765474,0.0027841741967874313
359.5129025805161,1.0000033458415623,0.002782619928432952
359.7127425485097,1.0000033477065768,0.0027810673082873712
359.9125825165033,1.0000033495715916,0.0027795163345040066
360.1124224844969,1.0000033514366062,0.002777967005253494
360.3122624524905,1.000003353301621,0.0027764193187237805
360.5121024204841,1.0000033551666356,0.0027748732731201313
360.71194238847767,1.0000033570316502,0.002773328866665125
360.9117823564713,1.000003358896665,0.002771786097598655
361.11162232446486,1.0000033607616796,0.0027702449641779283
361.3114622924585,1.0000033626266942,0.00276870546467747
361.51130226045206,1.000003364491709,0.0027671675973891165
361.7111422284457,1.0000033663567236,0.002765631360622022
361.91098219643925,1.0000033682217384,0.0027640967527026543
362.1108221644329,1.000003370086753,0.0027625637719747957
362.31066213242644,1.0000033719517676,0.0027610324167995437
362.51050210042007,1.0000033738167822,0.0027595026855553105
362.71034206841364,1.000003375681797,0.002757974576637824
362.91018203640726,1.0000033775468116,0.002756448088460126
363.1100220044009,1.0000033794118262,0.0027549232194525723
363.30986197239446,1.0000033812768407,0.002753399968062837
363.5097019403881,1.0000033831418556,0.0027518783327559046
363.70954190838165,1.0000033850068701,0.0027503583120140783
363.9093818763753,1.0000033868718847,0.0027488399043369737
364.10922184436885,1.0000033887368993,0.002747323108241522
364.3090618123625,1.000003390601914,0.0027458079222619693
364.50890178035604,1.0000033924669285,0.0027442943449498777
364.70874174834967,1.0000033943319433,0.002742782374874121
364.90858171634324,1.0000033961969579,0.002741272010620892
365.10842168433686,1.0000033980619725,0.002739763250793694
365.30826165233043,1.000003399926987,0.0027382560940133497
365.50810162032406,1.0000034017920016,0.002736750538917993
365.7079415883176,1.0000034036570162,0.002735246584163075
365.90778155631125,1.0000034055220308,0.0027337442284213597
366.1076215243048,1.0000034073870454,0.002732243470382927
366.30746149229844,1.00000340925206,0.0027307443087551727
366.50730146029207,1.0000034111170746,0.0027292467422628044
366.70714142828564,1.0000034129820892,0.002727750769647849
366.90698139627926,1.0000034148471038,0.002726256389669644
367.10682136427283,1.0000034167121183,0.0027247636011048446
367.30666133226646,1.000003418577133,0.0027232724027474184
367.50650130026,1.0000034204421475,0.0027217827934086516
367.70634126825365,1.000003422307162,0.0027202947719171403
367.9061812362472,1.0000034241721765,0.002718808337118801
368.10602120424085,1.000003426037191,0.0027173234878768585
368.3058611722344,1.0000034279022056,0.0027158402230718593
368.50570114022804,1.0000034297672202,0.0027143585416016594
368.7055411082216,1.0000034316322348,0.0027128784423814346
368.90538107621524,1.0000034334972494,0.002711399924343669
369.1052210442088,1.0000034353622638,0.002709922986438169
369.30506101220243,1.0000034372272784,0.002708447627632049
369.504900980196,1.000003439092293,0.0027069738469097443
369.7047409481896,1.0000034409573075,0.002705501643273
369.9045809161832,1.0000034428223221,0.0027040310157408795
370.1044208841768,1.0000034446873365,0.0027025619633497594
370.30426085217044,1.000003446552351,0.002701094485153332
370.504100820164,1.0000034484173657,0.0026996285802226043
370.70394078815764,1.00000345028238,0.0026981642476458963
370.9037807561512,1.0000034521473946,0.002696701486528847
371.10362072414483,1.0000034540124092,0.002695240295994405
371.3034606921384,1.0000034558774236,0.002693780675182839
371.503300660132,1.0000034577424382,0.0026923226232517285
371.7031406281256,1.0000034596074527,0.00269086613937597
371.9029805961192,1.000003461472467,0.0026894112227477734
372.1028205641128,1.0000034633374817,0.0026879578725766667
372.3026605321064,1.000003465202496,0.002686506088089487
372.5025005001,1.0000034670675106,0.002685055868530393
372.7023404680936,1.000003468932525,0.0026836072131608516
372.9021804360872,1.0000034707975396,0.002682160121259651
373.1020204040808,1.000003472662554,0.002680714592122889
373.3018603720744,1.0000034745275685,0.0026792706250639824
373.501700340068,1.000003476392583,0.002677828219413658
373.70154030806157,1.0000034782575975,0.0026763873745199633
373.9013802760552,1.0000034801226119,0.002674948089748255
374.1012202440488,1.0000034819876265,0.0026735103644812096
374.3010602120424,1.0000034838526408,0.002672074198118815
374.500900180036,1.0000034857176554,0.0026706395900783753
374.7007401480296,1.0000034875826698,0.0026692065397945094
374.9005801160232,1.0000034894476841,0.002667775046719151
375.1004200840168,1.0000034913126987,0.0026663451103215493
375.3002600520104,1.000003493177713,0.0026649167300882653
375.50010002000397,1.0000034950427275,0.00266348990552318
375.6999399879976,1.000003496907742,0.002662064636147486
375.89977995599116,1.0000034987727564,0.0026606409214996896
376.0996199239848,1.0000035006377708,0.002659218761135615
376.29945989197836,1.0000035025027854,0.0026577981546283998
376.499299859972,1.0000035043677997,0.0026563791015684966
376.69913982796555,1.000003506232814,0.0026549616015636725
376.8989797959592,1.0000035080978285,0.002653545654239009
377.09881976395275,1.000003509962843,0.0026521312592369052
377.2986597319464,1.0000035118278574,0.002650718416217071
377.49849969994,1.0000035136928718,0.0026493071248565353
377.69833966793357,1.0000035155578861,0.0026478973848496376
377.8981796359272,1.0000035174229005,0.002646489195908036
378.09801960392076,1.0000035192879149,0.0026450825577607018
378.2978595719144,1.0000035211529295,0.0026436774701539207
378.49769953990796,1.0000035230179438,0.0026422739328512937
378.6975395079016,1.0000035248829582,0.002640871945633738
378.89737947589515,1.0000035267479725,0.002639471508299483
379.0972194438888,1.000003528612987,0.0026380726206640752
379.29705941188234,1.0000035304780013,0.002636675282560375
379.49689937987597,1.0000035323430156,0.002635279493838558
379.69673934786954,1.00000353420803,0.002633885254366115
379.89657931586316,1.0000035360730444,0.0026324925640278498
380.09641928385673,1.0000035379380587,0.002631101422725883
380.29625925185036,1.000003539803073,0.0026297118303796503
380.4960992198439,1.0000035416680875,0.0026283237869259
380.69593918783755,1.0000035435331018,0.0026269372923186985
380.8957791558311,1.0000035453981162,0.0026255523465294234
381.09561912382475,1.0000035472631306,0.00262416894954677
381.2954590918184,1.000003549128145,0.002622787101376747
381.49529905981194,1.0000035509931593,0.0026214068020426794
381.69513902780557,1.0000035528581737,0.002620028051585205
381.89497899579914,1.0000035547231878,0.0026186508500622785
382.09481896379276,1.0000035565882022,0.002617275197549167
382.29465893178633,1.0000035584532165,0.002615901094138456
382.49449889977996,1.000003560318231,0.002614528539940042
382.6943388677735,1.0000035621832453,0.0026131575350811396
382.89417883576715,1.0000035640482596,0.002611788079706276
383.0940188037607,1.0000035659132738,0.002610420173977294
383.29385877175434,1.0000035677782881,0.002609053818073352
383.4936987397479,1.0000035696433025,0.002607689012190922
383.69353870774154,1.0000035715083169,0.002606325756543792
383.8933786757351,1.000003573373331,0.0026049640513630653
384.09321864372873,1.0000035752383454,0.0026036038968971563
384.2930586117223,1.0000035771033597,0.002602245293411799
384.4928985797159,1.0000035789683739,0.002600888241190041
384.6927385477095,1.0000035808333883,0.002599532740532242
384.8925785157031,1.0000035826984026,0.002598178791756081
385.09241848369675,1.0000035845634168,0.002596826395196547
385.2922584516903,1.0000035864284311,0.0025954755512059484
385.49209841968394,1.0000035882934455,0.002594126260153905
385.6919383876775,1.0000035901584596,0.002592778522427355
385.89177835567114,1.000003592023474,0.002591432338430546
386.0916183236647,1.0000035938884881,0.002590087708585047
386.29145829165833,1.0000035957535025,0.0025887446333297368
386.4912982596519,1.0000035976185166,0.0025874031131208116
386.6911382276455,1.000003599483531,0.0025860631484317807
386.8909781956391,1.0000036013485452,0.0025847247397534716
387.0908181636327,1.0000036032135595,0.002583387887594022
387.2906581316263,1.0000036050785737,0.002582052592478889
387.4904980996199,1.000003606943588,0.0025807188549508402
387.6903380676135,1.0000036088086022,0.0025793866755699627
387.8901780356071,1.0000036106736165,0.0025780560549136535
388.0900180036007,1.0000036125386307,0.0025767269935766295
388.2898579715943,1.000003614403645,0.0025753994921709172
388.4896979395879,1.0000036162686592,0.0025740735513258626
388.6895379075815,1.0000036181336733,0.002572749171688125
388.8893778755751,1.0000036199986877,0.0025714263539216766
389.0892178435687,1.0000036218637018,0.0025701050987078076
389.2890578115623,1.000003623728716,0.002568785406745121
389.4888977795559,1.0000036255937303,0.0025674672787495347
389.6887377475495,1.0000036274587445,0.002566150595949012
389.8885777155431,1.0000036293237586,0.0025648351786324826
390.0884176835367,1.0000036311887728,0.002563521023715871
390.2882576515303,1.0000036330537871,0.00256220812986849
390.4880976195239,1.0000036349188013,0.002560896495760532
390.68793758751747,1.0000036367838154,0.002559586120063074
390.8877775555111,1.0000036386488296,0.0025582770014480733
391.08761752350466,1.0000036405138437,0.0025569691385883696
391.2874574914983,1.000003642378858,0.002555662530157684
391.48729745949186,1.0000036442438722,0.0025543571748306215
391.6871374274855,1.0000036461088864,0.0025530530712826673
391.88697739547905,1.0000036479739005,0.002551750218190189
392.0868173634727,1.0000036498389147,0.002550448614230437
392.2866573314663,1.0000036517039288,0.0025491482580815425
392.48649729945987,1.000003653568943,0.00254784914842252
392.6863372674535,1.0000036554339573,0.0025465512839332647
392.88617723544706,1.0000036572989714,0.0025452546632945554
393.0860172034407,1.0000036591639856,0.002543959285188051
393.28585717143426,1.0000036610289997,0.002542665148296294
393.4856971394279,1.0000036628940139,0.002541372251302708
393.68553710742145,1.000003664759028,0.002540080592891599
393.8853770754151,1.0000036666240422,0.002538790171748155
394.08521704340865,1.0000036684890563,0.0025375009865584463
394.2850570114023,1.0000036703540705,0.0025362130360094244
394.48489697939584,1.0000036722190846,0.0025349263187889235
394.68473694738947,1.0000036740840987,0.0025336408335856595
394.88457691538304,1.0000036759491129,0.002532356579089231
395.08441688337666,1.0000036778141268,0.0025310735539901164
395.28425685137023,1.000003679679141,0.00252979175697968
395.48409681936386,1.000003681544155,0.0025285111867501637
395.6839367873575,1.0000036834091692,0.002527231841994695
395.88377675535105,1.0000036852741834,0.002525953721407282
396.0836167233447,1.0000036871391975,0.002524676823682814
396.28345669133824,1.0000036890042117,0.0025234011475170634
396.48329665933187,1.0000036908692256,0.0025221266916066842
396.68313662732544,1.0000036927342397,0.0025208534546492132
396.88297659531906,1.0000036945992539,0.002519581435343068
397.08281656331263,1.000003696464268,0.0025183106323875487
397.28265653130626,1.000003698329282,0.002517041044482838
397.4824964992998,1.000003700194296,0.0025157726703299993
397.68233646729345,1.0000037020593102,0.002514505508630979
397.882176435287,1.0000037039243244,0.002513239558088606
398.08201640328065,1.0000037057893383,0.00251197481740659
398.2818563712742,1.0000037076543524,0.0025107112852895234
398.48169633926784,1.0000037095193666,0.0025094489604428802
398.6815363072614,1.0000037113843805,0.002508187841573017
398.88137627525504,1.0000037132493946,0.0025069279273871718
399.0812162432486,1.0000037151144088,0.0025056692165934653
399.28105621124223,1.0000037169794227,0.002504411707900899
399.48089617923586,1.0000037188444368,0.002503155400019358
399.6807361472294,1.0000037207094508,0.0025019002916596084
399.88057611522305,1.000003722574465,0.002500646381533299
400.0804160832166,1.0000037244394788,0.0024993936683529593
400.28025605121024,1.000003726304493,0.0024981421508320023
400.4800960192038,1.0000037281695071,0.002496891827684722
400.67993598719744,1.000003730034521,0.0024956426976262954
400.879775955191,1.0000037318995352,0.0024943947593727804
401.07961592318463,1.000003733764549,0.0024931480116411175
401.2794558911782,1.000003735629563,0.0024919024531491296
401.4792958591718,1.0000037374945772,0.00249065808261552
401.6791358271654,1.000003739359591,0.002489414898759877
401.878975795159,1.0000037412246052,0.002488172900302667
402.0788157631526,1.0000037430896191,0.002486932085965242
402.2786557311462,1.0000037449546333,0.0024856924544698344
402.4784956991398,1.0000037468196472,0.002484454004539558
402.6783356671334,1.0000037486846611,0.00248321673489841
402.878175635127,1.0000037505496753,0.0024819806442712687
403.0780156031206,1.0000037524146892,0.0024807457313838943
403.27785557111423,1.0000037542797031,0.00247951199496293
403.4776955391078,1.0000037561447173,0.0024782794337359004
403.6775355071014,1.0000037580097312,0.0024770480464312112
403.877375475095,1.000003759874745,0.0024758178317781524
404.0772154430886,1.000003761739759,0.0024745887885068932
404.2770554110822,1.0000037636047732,0.002473360915348488
404.4768953790758,1.000003765469787,0.0024721342110348697
404.6767353470694,1.000003767334801,0.002470908674298856
404.876575315063,1.000003769199815,0.002469684303874145
405.0764152830566,1.0000037710648289,0.0024684610984953177
405.2762552510502,1.000003772929843,0.002467239056897837
405.47609521904377,1.000003774794857,0.0024660181778180476
405.6759351870374,1.0000037766598708,0.0024647984599931757
405.87577515503096,1.0000037785248848,0.002463579902161331
406.0756151230246,1.0000037803898987,0.0024623625030615035
406.27545509101816,1.0000037822549126,0.002461146261433566
406.4752950590118,1.0000037841199265,0.002459931176018274
406.6751350270054,1.0000037859849404,0.0024587172455572633
406.874974994999,1.0000037878499544,0.0024575044687930535
407.0748149629926,1.0000037897149683,0.002456292844469045
407.2746549309862,1.0000037915799822,0.0024550823713295217
407.4744948989798,1.0000037934449961,0.002453873048119647
407.67433486697337,1.00000379531001,0.002452664873585468
407.874174834967,1.000003797175024,0.0024514578464739146
408.07401480296056,1.0000037990400379,0.002450251965532797
408.2738547709542,1.0000038009050518,0.002449047229510808
408.47369473894776,1.0000038027700657,0.0024478436371575233
408.6735347069414,1.0000038046350797,0.0024466411872233985
408.87337467493495,1.0000038065000936,0.002445439878459774
409.0732146429286,1.0000038083651075,0.0024442397096188697
409.27305461092215,1.0000038102301214,0.0024430406794537897
409.47289457891577,1.0000038120951353,0.0024418427867185176
409.67273454690934,1.0000038139601493,0.0024406460301679214
409.87257451490296,1.000003815825163,0.00243945040855775
410.07241448289653,1.0000038176901769,0.0024382559206446346
410.27225445089016,1.0000038195551908,0.0024370625651860874
410.4720944188838,1.0000038214202047,0.002435870340940504
410.67193438687735,1.0000038232852186,0.002434679246667162
410.871774354871,1.0000038251502323,0.0024334892811262196
411.07161432286455,1.0000038270152463,0.0024323004430787188
411.2714542908582,1.0000038288802602,0.0024311127312865817
411.47129425885174,1.000003830745274,0.0024299261445126148
411.67113422684537,1.0000038326102878,0.0024287406815205036
411.87097419483894,1.0000038344753017,0.0024275563410748185
412.07081416283256,1.0000038363403156,0.00242637312194101
412.27065413082613,1.0000038382053293,0.0024251910228854125
412.47049409881976,1.0000038400703433,0.0024240100426752395
412.6703340668133,1.0000038419353572,0.002422830180078589
412.87017403480695,1.0000038438003709,0.0024216514338644404
413.0700140028005,1.0000038456653848,0.002420473802802655
413.26985397079414,1.0000038475303985,0.0024192972856639755
413.4696939387877,1.0000038493954124,0.0024181218812200276
413.66953390678134,1.0000038512604261,0.0024169475882433182
413.8693738747749,1.00000385312544,0.0024157744055072375
414.06921384276853,1.000003854990454,0.0024146023317860557
414.26905381076216,1.0000038568554677,0.0024134313658549264
414.4688937787557,1.0000038587204816,0.002412261506489886
414.66873374674935,1.0000038605854953,0.0024110927524678503
414.8685737147429,1.0000038624505092,0.00240992510256662
415.06841368273655,1.000003864315523,0.0024087585555648753
415.2682536507301,1.0000038661805366,0.002407593110242181
415.46809361872374,1.0000038680455505,0.0024064287653789806
415.6679335867173,1.0000038699105642,0.0024052655197566034
415.86777355471094,1.0000038717755781,0.002404103372157257
416.0676135227045,1.0000038736405918,0.002402942321364035
416.26745349069813,1.0000038755056055,0.002401782366160909
416.4672934586917,1.0000038773706195,0.002400623505332736
416.6671334266853,1.0000038792356332,0.0023994657376652517
416.8669733946789,1.0000038811006469,0.0023983090619450775
417.0668133626725,1.0000038829656608,0.0023971534769597134
417.2666533306661,1.0000038848306745,0.002395998981497544
417.4664932986597,1.0000038866956882,0.002394845574347834
417.66633326665334,1.000003888560702,0.002393693254300731
417.8661732346469,1.0000038904257158,0.002392542020147266
418.06601320264053,1.0000038922907295,0.0023913918706793486
418.2658531706341,1.0000038941557432,0.0023902428046897735
418.4656931386277,1.000003896020757,0.002389094820972216
418.6655331066213,1.0000038978857708,0.0023879479183212342
418.8653730746149,1.0000038997507845,0.002386802095532267
419.0652130426085,1.0000039016157982,0.0023856573514016368
419.2650530106021,1.000003903480812,0.0023845136847265463
419.4648929785957,1.0000039053458256,0.002383371094305082
419.6647329465893,1.0000039072108393,0.0023822295789362115
419.8645729145829,1.0000039090758532,0.002381089137419784
420.0644128825765,1.000003910940867,0.002379949768556532
420.2642528505701,1.0000039128058806,0.0023788114711480682
420.4640928185637,1.0000039146708943,0.0023776742439968893
420.66393278655727,1.000003916535908,0.002376538085906373
420.8637727545509,1.0000039184009217,0.0023754029956807783
421.06361272254446,1.0000039202659354,0.0023742689721252476
421.2634526905381,1.0000039221309491,0.002373136014045804
421.4632926585317,1.0000039239959628,0.0023720041202493544
421.6631326265253,1.0000039258609765,0.0023708732895436862
421.8629725945189,1.0000039277259902,0.002369743520737469
422.0628125625125,1.000003929591004,0.002368614812640255
422.2626525305061,1.0000039314560176,0.0023674871640624773
422.46249249849967,1.0000039333210313,0.0023663605738154527
422.6623324664933,1.0000039351860448,0.002365235040711378
422.86217243448687,1.0000039370510585,0.002364110563563335
423.0620124024805,1.0000039389160722,0.0023629871411852835
423.26185237047406,1.000003940781086,0.002361864772392069
423.4616923384677,1.0000039426460996,0.0023607434559994164
423.66153230646125,1.0000039445111133,0.0023596231908239343
423.8613722744549,1.000003946376127,0.002358503975683112
424.06121224244845,1.0000039482411405,0.0023573858093953225
424.2610522104421,1.0000039501061542,0.002356268690779819
424.46089217843564,1.0000039519711679,0.002355152618656738
424.66073214642927,1.0000039538361816,0.0023540375918470967
424.86057211442284,1.000003955701195,0.0023529236091727962
425.06041208241646,1.0000039575662087,0.002351810669456618
425.2602520504101,1.0000039594312224,0.0023506987715222263
425.46009201840366,1.0000039612962361,0.002349587914194167
425.6599319863973,1.0000039631612496,0.0023484780962978683
425.85977195439085,1.0000039650262633,0.0023473693166596405
426.0596119223845,1.000003966891277,0.0023462615741066755
426.25945189037805,1.0000039687562905,0.0023451548674670473
426.45929185837167,1.0000039706213042,0.0023440491955697123
426.65913182636524,1.0000039724863177,0.002342944557244509
426.85897179435887,1.0000039743513314,0.002341840951322157
427.05881176235243,1.000003976216345,0.0023407383766342583
427.25865173034606,1.0000039780813585,0.0023396368320132976
427.4584916983396,1.0000039799463722,0.0023385363162926414
427.65833166633325,1.0000039818113857,0.002337436828306537
427.8581716343268,1.0000039836763994,0.002336338366890116
428.05801160232045,1.000003985541413,0.002335240930879389
428.257851570314,1.0000039874064266,0.002334144519111251
428.45769153830764,1.00000398927144,0.0023330491304234787
428.65753150630127,1.0000039911364538,0.00233195476365473
428.85737147429484,1.0000039930014673,0.0023308614176445457
429.05721144228846,1.000003994866481,0.002329769091233347
429.25705141028203,1.0000039967314944,0.0023286777832624396
429.45689137827566,1.0000039985965081,0.002327587492574009
429.6567313462692,1.0000040004615216,0.0023264982180111237
429.85657131426285,1.000004002326535,0.002325409958417734
430.0564112822564,1.0000040041915488,0.002324322712638673
430.25625125025005,1.0000040060565623,0.002323236479519654
430.4560912182436,1.0000040079215757,0.0023221512579072743
430.65593118623724,1.0000040097865894,0.0023210670466490115
430.8557711542308,1.000004011651603,0.0023199838445932272
431.05561112222443,1.0000040135166164,0.002318901650589163
431.255451090218,1.00000401538163,0.0023178204634869432
431.4552910582116,1.0000040172466436,0.002316740282137575
431.6551310262052,1.000004019111657,0.0023156611053929466
431.8549709941988,1.0000040209766705,0.002314582932105828
432.0548109621924,1.0000040228416842,0.002313505761129873
432.254650930186,1.0000040247066977,0.0023124295913196148
432.45449089817964,1.0000040265717112,0.0023113544215304705
432.6543308661732,1.0000040284367246,0.002310280250618739
432.85417083416684,1.0000040303017381,0.0023092070774416
433.0540108021604,1.0000040321667516,0.0023081349008571175
433.25385077015403,1.0000040340317653,0.0023070637197242345
433.4536907381476,1.0000040358967788,0.002305993532902779
433.6535307061412,1.0000040377617923,0.0023049243392534585
433.8533706741348,1.0000040396268057,0.002303856137637864
434.0532106421284,1.0000040414918192,0.0023027889269184687
434.253050610122,1.0000040433568327,0.002301722705958627
434.4528905781156,1.0000040452218462,0.0023006574736225754
434.6527305461092,1.0000040470868596,0.002299593228775433
434.8525705141028,1.0000040489518731,0.0022985299702832
435.0524104820964,1.0000040508168866,0.002297467697012759
435.25225045009,1.0000040526819,0.002296406407831875
435.45209041808357,1.0000040545469135,0.002295346101609195
435.6519303860772,1.000004056411927,0.0022942867772142482
435.8517703540708,1.0000040582769405,0.002293228433517444
436.0516103220644,1.000004060141954,0.0022921710693900765
436.251450290058,1.0000040620069675,0.00229111468370432
436.4512902580516,1.000004063871981,0.002290059275333231
436.6511302260452,1.0000040657369944,0.0022890048431507487
436.8509701940388,1.0000040676020077,0.0022879513860316943
437.0508101620324,1.0000040694670211,0.0022868989028517702
437.250650130026,1.0000040713320346,0.0022858473924875613
437.4504900980196,1.000004073197048,0.0022847968538165344
437.65033006601317,1.0000040750620616,0.0022837472857170386
437.8501700340068,1.000004076927075,0.0022826986870683047
438.05001000200036,1.0000040787920883,0.0022816510567504463
438.249849969994,1.0000040806571018,0.002280604393644457
438.44968993798756,1.0000040825221153,0.002279558696632215
438.6495299059812,1.0000040843871287,0.0022785139645964785
438.84936987397475,1.000004086252142,0.0022774701964208893
439.0492098419684,1.0000040881171555,0.0022764273909899693
439.24904980996195,1.000004089982169,0.0022753855471891243
439.44888977795557,1.0000040918471822,0.002274344663904641
439.6487297459492,1.0000040937121957,0.0022733047400236885
439.84856971394277,1.0000040955772092,0.002272265774434318
440.0484096819364,1.0000040974422224,0.002271227766025463
440.24824964992996,1.0000040993072359,0.0022701907136869377
440.4480896179236,1.0000041011722494,0.002269154616309439
440.64792958591715,1.0000041030372626,0.0022681194727845475
440.8477695539108,1.000004104902276,0.002267085282004723
441.04760952190435,1.0000041067672893,0.002266052042863309
441.247449489898,1.0000041086323028,0.0022650197542545304
441.44728945789154,1.000004110497316,0.002263988415073495
441.64712942588517,1.0000041123623296,0.0022629580242161914
441.84696939387874,1.0000041142273428,0.002261928580579491
442.04680936187236,1.0000041160923563,0.002260900083061147
442.24664932986593,1.0000041179573695,0.002259872530559795
442.44648929785956,1.000004119822383,0.0022588459219749515
442.6463292658531,1.0000041216873963,0.0022578202562070163
442.84616923384675,1.0000041235524098,0.00225679553215727
443.0460092018403,1.000004125417423,0.0022557717487278767
443.24584916983395,1.0000041272824365,0.002254748904821881
443.44568913782757,1.0000041291474497,0.0022537269993432108
443.64552910582114,1.000004131012463,0.002252706031196675
443.84536907381477,1.0000041328774765,0.002251685999287965
444.04520904180833,1.0000041347424897,0.0022506669025236545
444.24504900980196,1.000004136607503,0.002249648739811198
444.44488897779553,1.0000041384725165,0.002248631510058934
444.64472894578915,1.0000041403375297,0.0022476152121760806
444.8445689137827,1.000004142202543,0.0022465998450727402
445.04440888177635,1.0000041440675564,0.002245585407659896
445.2442488497699,1.0000041459325697,0.0022445718988494128
445.44408881776354,1.000004147797583,0.0022435593175540386
445.6439287857571,1.0000041496625962,0.0022425476626874033
445.84376875375074,1.0000041515276095,0.002241536933164017
446.0436087217443,1.000004153392623,0.002240527127899275
446.24344868973793,1.0000041552576362,0.002239518245809451
446.4432886577315,1.0000041571226495,0.0022385102858117037
446.6431286257251,1.0000041589876627,0.002237503246824072
446.84296859371875,1.000004160852676,0.0022364971277654775
447.0428085617123,1.0000041627176892,0.002235491927555724
447.24264852970595,1.0000041645827027,0.002234487645115497
447.4424884976995,1.000004166447716,0.002233484279366364
447.64232846569314,1.0000041683127292,0.002232481829230774
447.8421684336867,1.0000041701777425,0.0022314802936320597
448.04200840168033,1.0000041720427557,0.002230479671494434
448.2418483696739,1.000004173907769,0.002229479961742993
448.44168833766753,1.0000041757727822,0.0022284811633037135
448.6415283056611,1.0000041776377955,0.002227483275103456
448.8413682736547,1.0000041795028087,0.0022264862960699613
449.0412082416483,1.000004181367822,0.0022254902251318542
449.2410482096419,1.0000041832328352,0.0022244950612186395
449.4408881776355,1.0000041850978485,0.0022235008032607056
449.6407281456291,1.0000041869628618,0.002222507450189321
449.8405681136227,1.000004188827875,0.002221515000936639
450.0404080816163,1.0000041906928883,0.0022205234544356925
450.2402480496099,1.0000041925579015,0.002219532809620397
450.4400880176035,1.0000041944229145,0.0022185430654255507
450.6399279855971,1.0000041962879278,0.0022175542207868333
450.8397679535907,1.000004198152941,0.0022165662746408067
451.0396079215843,1.0000042000179543,0.0022155792259249143
451.2394478895779,1.0000042018829676,0.0022145930735774826
451.4392878575715,1.0000042037479808,0.0022136078165377188
451.6391278255651,1.0000042056129939,0.0022126234537457132
451.8389677935587,1.0000042074780071,0.0022116399841424373
452.0388077615523,1.0000042093430204,0.002210657406669745
452.2386477295459,1.0000042112080336,0.0022096757202703728
452.4384876975395,1.0000042130730467,0.002208694923887938
452.6383276655331,1.00000421493806,0.00220771501646694
452.83816763352667,1.0000042168030732,0.002206735996952762
453.0380076015203,1.0000042186680864,0.0022057578642916673
453.23784756951386,1.0000042205330995,0.002204780617430802
453.4376875375075,1.0000042223981127,0.002203804255318194
453.63752750550105,1.000004224263126,0.002202828776902753
453.8373674734947,1.000004226128139,0.0022018541811342717
454.03720744148825,1.0000042279931523,0.0022008804669634233
454.2370474094819,1.0000042298581653,0.002199907633341764
454.4368873774755,1.0000042317231785,0.002198935679221732
454.63672734546907,1.0000042335881918,0.002197964603556648
454.8365673134627,1.0000042354532048,0.002196994405300713
455.03640728145626,1.000004237318218,0.0021960250834090114
455.2362472494499,1.0000042391832311,0.0021950566368375097
455.43608721744346,1.0000042410482444,0.002194089064543056
455.6359271854371,1.0000042429132574,0.0021931223654833793
455.83576715343065,1.0000042447782707,0.0021921565386170934
456.0356071214243,1.0000042466432837,0.0021911915829036913
456.23544708941785,1.000004248508297,0.00219022749730355
456.4352870574115,1.00000425037331,0.0021892642807779263
456.63512702540504,1.0000042522383232,0.002188301932288962
456.83496699339867,1.0000042541033363,0.002187340450799678
457.03480696139223,1.0000042559683493,0.0021863798352739793
457.23464692938586,1.0000042578333626,0.002185420084676652
457.43448689737943,1.0000042596983756,0.0021844611979733642
457.63432686537305,1.0000042615633886,0.0021835031741306663
457.8341668333667,1.0000042634284019,0.00218254601211599
458.03400680136025,1.000004265293415,0.0021815897108976505
458.2338467693539,1.000004267158428,0.0021806342694448435
458.43368673734744,1.0000042690234412,0.0021796796867276477
458.63352670534107,1.0000042708884542,0.002178725961717023
458.83336667333464,1.0000042727534673,0.002177773093384812
459.03320664132826,1.0000042746184805,0.002176821080703739
459.23304660932183,1.0000042764834935,0.0021758699226474103
459.43288657731546,1.0000042783485066,0.002174919618190314
459.632726545309,1.0000042802135196,0.002173970166307821
459.83256651330265,1.0000042820785326,0.0021730215659761837
460.0324064812962,1.000004283943546,0.0021720738161725363
460.23224644928985,1.000004285808559,0.0021711269158748952
460.4320864172834,1.000004287673572,0.002170180864062159
460.63192638527704,1.000004289538585,0.002169235659714108
460.8317663532706,1.000004291403598,0.0021682913018114046
461.03160632126423,1.000004293268611,0.0021673477893355934
461.2314462892578,1.000004295133624,0.0021664051212691013
461.43128625725143,1.0000042969986371,0.0021654632965952356
461.63112622524505,1.0000042988636504,0.002164522314298188
461.8309661932386,1.0000043007286634,0.0021635821733630312
462.03080616123225,1.0000043025936765,0.0021626428727757187
462.2306461292258,1.0000043044586895,0.002161704411523088
462.43048609721944,1.0000043063237025,0.002160766788592857
462.630326065213,1.0000043081887156,0.002159830002973627
462.83016603320664,1.0000043100537286,0.0021588940536548798
463.0300060012002,1.0000043119187416,0.0021579589396269806
463.22984596919383,1.0000043137837547,0.0021570246598811758
463.4296859371874,1.0000043156487677,0.002156091213409594
463.629525905181,1.0000043175137805,0.002155158599205246
463.8293658731746,1.0000043193787935,0.0021542268162620245
464.0292058411682,1.0000043212438066,0.0021532958635747043
464.2290458091618,1.0000043231088196,0.0021523657401389417
464.4288857771554,1.0000043249738326,0.0021514364449512755
464.628725745149,1.0000043268388457,0.0021505079770091267
464.8285657131426,1.0000043287038587,0.0021495803353107977
465.0284056811362,1.0000043305688715,0.0021486535188554737
465.2282456491298,1.0000043324338845,0.002147727526643221
465.42808561712343,1.0000043342988976,0.0021468023576749888
465.627925585117,1.0000043361639106,0.002145878010952608
465.8277655531106,1.0000043380289236,0.0021449544854787905
466.0276055211042,1.0000043398939364,0.002144031780257132
466.2274454890978,1.0000043417589495,0.0021431098942921094
466.4272854570914,1.0000043436239625,0.0021421888265890808
466.627125425085,1.0000043454889753,0.0021412685761542875
466.8269653930786,1.0000043473539884,0.0021403491419948527
467.0268053610722,1.0000043492190014,0.002139430523118781
467.2266453290658,1.0000043510840144,0.002138512718534959
467.4264852970594,1.0000043529490272,0.0021375957272531556
467.62632526505297,1.0000043548140403,0.0021366795482840226
467.8261652330466,1.000004356679053,0.002135764180639092
468.02600520104016,1.000004358544066,0.0021348496233307788
468.2258451690338,1.0000043604090791,0.0021339358753723805
468.42568513702736,1.000004362274092,0.0021330229357780766
468.625525105021,1.000004364139105,0.0021321108035629263
468.8253650730146,1.0000043660041178,0.002131199477742874
469.0252050410082,1.0000043678691308,0.0021302889573347446
469.2250450090018,1.0000043697341436,0.0021293792413562447
469.4248849769954,1.0000043715991567,0.002128470328825964
469.624724944989,1.0000043734641695,0.002127562218763373
469.82456491298257,1.0000043753291825,0.002126654910188825
470.0244048809762,1.0000043771941953,0.0021257484021235547
470.22424484896976,1.0000043790592084,0.0021248426935896797
470.4240848169634,1.0000043809242212,0.002123937783610199
470.62392478495696,1.000004382789234,0.0021230336712089936
470.8237647529506,1.000004384654247,0.002122130355410827
471.02360472094415,1.0000043865192598,0.002121227835241344
471.2234446889378,1.0000043883842729,0.0021203261097270717
471.42328465693134,1.0000043902492857,0.0021194251778954196
471.62312462492497,1.0000043921142985,0.0021185250387746784
471.82296459291854,1.0000043939793115,0.0021176256913940225
472.02280456091216,1.0000043958443243,0.002116727134783505
472.22264452890573,1.0000043977093371,0.0021158293679740658
472.42248449689936,1.0000043995743502,0.002114932389997522
472.622324464893,1.000004401439363,0.0021140361998865757
472.82216443288655,1.0000044033043758,0.0021131407966748107
473.0220044008802,1.0000044051693886,0.002112246179396691
473.22184436887375,1.0000044070344016,0.0021113523470875652
473.4216843368674,1.0000044088994144,0.0021104592987836617
473.62152430486094,1.0000044107644273,0.0021095670335220928
473.82136427285457,1.00000441262944,0.0021086755503408505
474.02120424084814,1.0000044144944529,0.0021077848482788115
474.22104420884176,1.0000044163594657,0.002106894926375732
474.42088417683533,1.0000044182244787,0.0021060057836722527
474.62072414482896,1.0000044200894915,0.002105117419209894
474.8205641128225,1.0000044219545043,0.0021042298320310595
475.02040408081615,1.0000044238195172,0.002103343021179035
475.2202440488097,1.00000442568453,0.002102456985697987
475.42008401680334,1.0000044275495428,0.002101571724632966
475.6199239847969,1.0000044294145556,0.0021006872370299035
475.81976395279054,1.0000044312795684,0.0020998035219356123
476.0196039207841,1.0000044331445812,0.002098920578397788
476.21944388877773,1.000004435009594,0.0020980384054650088
476.41928385677136,1.0000044368746068,0.002097157002186733
476.6191238247649,1.0000044387396196,0.0020962763676133037
476.81896379275855,1.0000044406046324,0.002095396500795943
477.0188037607521,1.0000044424696453,0.0020945174007867577
477.21864372874575,1.000004444334658,0.002093639066638734
477.4184836967393,1.0000044461996709,0.002092761497405743
477.61832366473294,1.0000044480646837,0.002091884692142535
477.8181636327265,1.0000044499296965,0.0020910086499047447
478.01800360072014,1.0000044517947093,0.002090133369748887
478.2178435687137,1.000004453659722,0.0020892588507323596
478.41768353670733,1.0000044555247347,0.002088385091913442
478.6175235047009,1.0000044573897475,0.002087512092351297
478.8173634726945,1.0000044592547603,0.002086639851105967
479.0172034406881,1.0000044611197731,0.002085768367238378
479.2170434086817,1.0000044629847857,0.002084897639810338
479.4168833766753,1.0000044648497985,0.002084027667884537
479.6167233446689,1.0000044667148114,0.002083158450524546
479.81656331266254,1.0000044685798242,0.0020822899867948192
480.0164032806561,1.0000044704448368,0.0020814222757606924
480.21624324864973,1.0000044723098496,0.0020805553164883832
480.4160832166433,1.0000044741748624,0.0020796891080449914
480.6159231846369,1.0000044760398752,0.002078823649498499
480.8157631526305,1.0000044779048878,0.00207795893991777
481.0156031206241,1.0000044797699006,0.002077094978372549
481.2154430886177,1.0000044816349134,0.0020762317639334655
481.4152830566113,1.000004483499926,0.002075369295672028
481.6151230246049,1.0000044853649388,0.00207450757266063
481.8149629925985,1.0000044872299514,0.002073646593972544
482.0148029605921,1.0000044890949642,0.0020727863586819262
482.2146429285857,1.000004490959977,0.0020719268658638147
482.4144828965793,1.0000044928249896,0.002071068114594129
482.6143228645729,1.0000044946900024,0.0020702101039496716
482.81416283256647,1.000004496555015,0.0020693528330081265
483.0140028005601,1.0000044984200278,0.002068496300848059
483.21384276855366,1.0000045002850404,0.002067640506548918
483.4136827365473,1.0000045021500532,0.0020667854491910327
483.6135227045409,1.0000045040150658,0.002065931127855616
483.8133626725345,1.0000045058800786,0.0020650775416247605
484.0132026405281,1.0000045077450912,0.002064224689581443
484.2130426085217,1.0000045096101038,0.0020633725708095224
484.4128825765153,1.0000045114751166,0.0020625211843937376
484.61272254450887,1.0000045133401292,0.002061670529419711
484.8125625125025,1.000004515205142,0.002060820604973947
485.01240248049606,1.0000045170701546,0.0020599714101438315
485.2122424484897,1.0000045189351672,0.0020591229440176323
485.41208241648326,1.00000452080018,0.0020582752056845
485.6119223844769,1.0000045226651926,0.0020574281942344667
485.81176235247045,1.0000045245302052,0.002056581908758446
486.0116023204641,1.000004526395218,0.0020557363483482347
486.21144228845765,1.0000045282602306,0.0020548915120965116
486.4112822564513,1.0000045301252432,0.002054047399096835
486.61112222444484,1.0000045319902557,0.0020532040084436484
486.81096219243847,1.0000045338552686,0.002052361339232276
487.01080216043204,1.0000045357202811,0.002051519390558924
487.21064212842566,1.0000045375852937,0.0020506781615206803
487.4104820964193,1.0000045394503063,0.002049837651215515
487.61032206441286,1.000004541315319,0.0020489978587422816
487.8101620324065,1.0000045431803317,0.002048158783200713
488.01000200040005,1.0000045450453443,0.0020473204236914266
488.2098419683937,1.000004546910357,0.0020464827793159196
488.40968193638724,1.0000045487753695,0.0020456458491765733
488.60952190438087,1.000004550640382,0.0020448096323766496
488.80936187237444,1.0000045525053947,0.002043974128020293
489.00920184036806,1.0000045543704073,0.00204313933521253
489.20904180836163,1.0000045562354198,0.0020423052530592683
489.40888177635526,1.0000045581004324,0.002041471880667299
489.6087217443488,1.000004559965445,0.0020406392171442946
489.80856171234245,1.0000045618304576,0.002039807261598809
490.008401680336,1.0000045636954702,0.002038976013140279
490.20824164832965,1.0000045655604828,0.0020381454708790227
490.4080816163232,1.0000045674254954,0.002037315633926241
490.60792158431684,1.000004569290508,0.0020364865013940163
490.80776155231047,1.0000045711555205,0.002035658072395313
491.00760152030404,1.0000045730205331,0.0020348303460439774
491.20744148829766,1.0000045748855457,0.002034003321454738
491.40728145629123,1.0000045767505583,0.0020331769977432065
491.60712142428486,1.000004578615571,0.0020323513740258736
491.8069613922784,1.0000045804805835,0.0020315264494201154
492.00680136027205,1.000004582345596,0.0020307022230441874
492.2066413282656,1.0000045842106084,0.0020298786940172293
492.40648129625924,1.000004586075621,0.0020290558614592604
492.6063212642528,1.0000045879406336,0.0020282337244911844
492.80616123224644,1.0000045898056462,0.002027412282234785
493.00600120024,1.0000045916706588,0.00202659153381273
493.20584116823363,1.0000045935356712,0.0020257714783485673
493.4056811362272,1.0000045954006838,0.0020249521149667275
493.6055211042208,1.0000045972656963,0.0020241334427925236
493.8053610722144,1.000004599130709,0.00202331546095215
494.005201040208,1.0000046009957213,0.0020224981685726838
494.2050410082016,1.000004602860734,0.0020216815647820835
494.4048809761952,1.0000046047257465,0.00202086564870919
494.60472094418884,1.0000046065907588,0.0020200504194837253
494.8045609121824,1.0000046084557714,0.002019235876236295
495.00440088017604,1.000004610320784,0.002018422018098386
495.2042408481696,1.0000046121857964,0.0020176088442023666
495.40408081616323,1.000004614050809,0.0020167963536814873
495.6039207841568,1.0000046159158213,0.0020159845456698823
495.8037607521504,1.000004617780834,0.0020151734193025648
496.003600720144,1.0000046196458465,0.002014362973715433
496.2034406881376,1.000004621510859,0.0020135532080452646
496.4032806561312,1.0000046233758715,0.0020127441214297212
496.6031206241248,1.0000046252408838,0.0020119357130073453
496.8029605921184,1.0000046271058964,0.002011127981917562
497.002800560112,1.0000046289709088,0.0020103209273006784
497.2026405281056,1.0000046308359214,0.0020095145482978832
497.4024804960992,1.0000046327009338,0.0020087088440512474
497.60232046409277,1.0000046345659463,0.002007903813703724
497.8021604320864,1.0000046364309587,0.0020070994563991477
498.00200040008,1.000004638295971,0.0020062957712822355
498.2018403680736,1.0000046401609837,0.002005492757498587
498.4016803360672,1.000004642025996,0.002004690414194683
498.6015203040608,1.0000046438910086,0.0020038887405178854
498.8013602720544,1.000004645756021,0.0020030877356164408
499.001200240048,1.0000046476210334,0.0020022873986394758
499.2010402080416,1.000004649486046,0.002001487728736999
499.4008801760352,1.0000046513510583,0.0020006887250599015
499.6007201440288,1.0000046532160707,0.0019998903867599572
499.80056011202237,1.0000046550810833,0.00199909271298982
500.000400080016,1.0000046569460956,0.001998295702903028
500.20024004800956,1.000004658811108,0.001997499355654
500.4000800160032,1.0000046606761204,0.0019967036703980373
500.59991998399676,1.000004662541133,0.0019959086462913228
500.7997599519904,1.0000046644061453,0.0019951142824909214
500.99959991998395,1.0000046662711577,0.001994320578154781
501.1994398879776,1.00000466813617,0.0019935275324417306
501.39927985597114,1.0000046700011824,0.001992735144511481
501.59911982396477,1.000004671866195,0.001991943413524626
501.7989597919584,1.0000046737312074,0.00199115233864264
501.99879975995196,1.0000046755962197,0.001990361919027881
502.1986397279456,1.0000046774612321,0.0019895721538435883
502.39847969593916,1.0000046793262445,0.0019887830422538827
502.5983196639328,1.0000046811912569,0.001987994583423768
502.79815963192635,1.0000046830562692,0.001987206776519129
502.99799959992,1.0000046849212816,0.001986419620706733
503.19783956791355,1.000004686786294,0.00198563311515423
503.3976795359072,1.0000046886513063,0.0019848472590301507
503.59751950390074,1.0000046905163187,0.0019840620515039088
503.79735947189437,1.000004692381331,0.0019832774917457993
503.99719943988794,1.0000046942463434,0.0019824935789270006
504.19703940788156,1.0000046961113558,0.0019817103122195708
504.39687937587513,1.0000046979763682,0.0019809276907964517
504.59671934386876,1.0000046998413805,0.001980145713831467
504.7965593118623,1.0000047017063929,0.0019793643804993225
504.99639927985595,1.0000047035714053,0.001978583689975605
505.1962392478495,1.0000047054364176,0.001977803641436784
505.39607921584314,1.00000470730143,0.0019770242340602113
505.59591918383677,1.0000047091664424,0.00197624546702412
505.79575915183034,1.0000047110314545,0.001975467339507626
505.99559911982396,1.0000047128964669,0.001974689850690727
506.19543908781753,1.0000047147614792,0.001973912999754302
506.39527905581116,1.0000047166264916,0.001973136785880112
506.5951190238047,1.000004718491504,0.0019723612082508026
506.79495899179835,1.000004720356516,0.0019715862660498974
506.9947989597919,1.0000047222215285,0.001970811958461805
507.19463892778555,1.0000047240865408,0.0019700382846718142
507.3944788957791,1.0000047259515532,0.001969265243866098
507.59431886377274,1.0000047278165654,0.001968492835231708
507.7941588317663,1.0000047296815777,0.0019677210579565818
507.99399879975994,1.00000473154659,0.0019669499112295362
508.1938387677535,1.0000047334116025,0.001966179394240271
508.39367873574713,1.0000047352766146,0.0019654095061793675
508.5935187037407,1.000004737141627,0.00196464024623829
508.7933586717343,1.000004739006639,0.0019638716136093836
508.99319863972795,1.0000047408716515,0.0019631036074858766
509.1930386077215,1.0000047427366638,0.0019623362270618783
509.39287857571514,1.000004744601676,0.0019615694715323807
509.5927185437087,1.0000047464666884,0.0019608033400932575
509.79255851170234,1.0000047483317005,0.0019600378319412646
509.9923984796959,1.0000047501967129,0.0019592729462740398
510.19223844768953,1.0000047520617252,0.0019585086822901023
510.3920784156831,1.0000047539267374,0.0019577450391888547
510.5919183836767,1.0000047557917497,0.001956982016170581
510.7917583516703,1.000004757656762,0.0019562196124364457
510.9915983196639,1.0000047595217743,0.001955457827188498
511.1914382876575,1.0000047613867864,0.0019546966596296674
511.3912782556511,1.0000047632517985,0.0019539361089637654
511.5911182236447,1.000004765116811,0.001953176174395487
511.7909581916383,1.000004766981823,0.0019524168551304062
511.9907981596319,1.0000047688468354,0.001951658150374983
512.1906381276256,1.0000047707118476,0.0019509000593365554
512.3904780956191,1.0000047725768597,0.0019501425812233474
512.5903180636127,1.000004774441872,0.0019493857152444614
512.7901580316063,1.0000047763068842,0.0019486294606098837
512.9899979995998,1.0000047781718964,0.0019478738165304831
513.1898379675935,1.0000047800369087,0.0019471187822180085
513.3896779355871,1.0000047819019209,0.0019463643568850928
513.5895179035807,1.000004783766933,0.0019456105397452493
513.7893578715743,1.0000047856319454,0.0019448573300128746
513.9891978395679,1.0000047874969575,0.0019441047269032467
514.1890378075615,1.0000047893619697,0.0019433527296325256
514.3888777755551,1.0000047912269818,0.0019426013374177528
514.5887177435487,1.0000047930919942,0.001941850549476853
514.7885577115422,1.0000047949570063,0.0019411003650286333
514.9883976795359,1.0000047968220185,0.00194035078329278
515.1882376475295,1.0000047986870306,0.0019396018034898636
515.3880776155231,1.0000048005520428,0.0019388534248413374
515.5879175835166,1.000004802417055,0.001938105646569535
515.7877575515103,1.0000048042820673,0.0019373584678976721
515.9875975195039,1.0000048061470794,0.0019366118880498472
516.1874374874975,1.0000048080120916,0.0019358659062510405
516.3872774554911,1.0000048098771037,0.0019351205217271144
516.5871174234846,1.0000048117421159,0.0019343757337048134
516.7869573914783,1.000004813607128,0.001933631541411763
516.9867973594719,1.0000048154721402,0.0019328879440764718
517.1866373274655,1.0000048173371523,0.0019321449409283303
517.386477295459,1.0000048192021644,0.0019314025311976105
517.5863172634527,1.0000048210671766,0.0019306607141154667
517.7861572314463,1.0000048229321887,0.0019299194889139356
517.9859971994399,1.0000048247972009,0.001929178854825935
518.1858371674334,1.000004826662213,0.0019284388110852662
518.385677135427,1.0000048285272252,0.0019276993569266104
518.5855171034207,1.0000048303922373,0.0019269604915855324
518.7853570714143,1.0000048322572495,0.0019262222142984783
518.9851970394078,1.0000048341222616,0.0019254845243027777
519.1850370074014,1.0000048359872735,0.0019247474208366395
519.3848769753951,1.0000048378522857,0.001924010903139157
519.5847169433887,1.0000048397172978,0.0019232749704503043
519.7845569113822,1.00000484158231,0.0019225396220109384
519.9843968793758,1.000004843447322,0.001921804857062797
520.1842368473694,1.0000048453123342,0.0019210706748485008
520.3840768153631,1.0000048471773462,0.0019203370746115527
520.5839167833567,1.0000048490423583,0.0019196040555963367
520.7837567513502,1.0000048509073705,0.00191887161704812
520.9835967193438,1.0000048527723826,0.0019181397582130504
521.1834366873375,1.0000048546373945,0.0019174084783381588
521.3832766553311,1.0000048565024067,0.0019166777766713573
521.5831166233246,1.0000048583674188,0.0019159476524614415
521.7829565913182,1.000004860232431,0.0019152181049580874
521.9827965593119,1.0000048620974429,0.001914489133411853
522.1826365273055,1.000004863962455,0.00191376073707418
522.382476495299,1.000004865827467,0.0019130329151973904
522.5823164632926,1.000004867692479,0.001912305667034689
522.7821564312862,1.0000048695574912,0.0019115789918401622
522.9819963992799,1.0000048714225032,0.001910852888868779
523.1818363672734,1.0000048732875153,0.00191012735737639
523.381676335267,1.0000048751525272,0.001909402396619728
523.5815163032606,1.0000048770175394,0.0019086780058564074
523.7813562712543,1.0000048788825515,0.001907954184344925
523.9811962392479,1.0000048807475634,0.0019072309313446598
524.1810362072414,1.0000048826125756,0.0019065082461158728
524.380876175235,1.0000048844775875,0.0019057861279197059
524.5807161432286,1.0000048863425997,0.0019050645760181843
524.7805561112223,1.0000048882076116,0.0019043435896742148
524.9803960792158,1.0000048900726237,0.0019036231681515867
525.1802360472094,1.0000048919376356,0.0019029033107149703
525.380076015203,1.0000048938026476,0.0019021840166299183
525.5799159831967,1.0000048956676597,0.0019014652851628657
525.7797559511902,1.0000048975326716,0.0019007471155811297
525.9795959191838,1.0000048993976838,0.0019000295071529083
526.1794358871774,1.0000049012626957,0.0018993124591472834
526.379275855171,1.0000049031277076,0.0018985959708342172
526.5791158231646,1.0000049049927198,0.0018978800414845554
526.7789557911582,1.0000049068577317,0.001897164670370024
526.9787957591518,1.0000049087227436,0.0018964498567632321
527.1786357271454,1.0000049105877558,0.0018957355999376711
527.3784756951391,1.0000049124527677,0.001895021899167714
527.5783156631326,1.0000049143177796,0.0018943087537286155
527.7781556311262,1.0000049161827915,0.0018935961628965125
527.9779955991198,1.0000049180478037,0.001892884125948424
528.1778355671134,1.0000049199128156,0.0018921726421622515
528.377675535107,1.0000049217778275,0.001891461710816778
528.5775155031006,1.0000049236428394,0.0018907513311916676
528.7773554710942,1.0000049255078514,0.0018900415025674682
528.9771954390878,1.0000049273728635,0.0018893322242256086
529.1770354070813,1.0000049292378754,0.0018886234954484005
529.376875375075,1.0000049311028874,0.001887915315519036
529.5767153430686,1.0000049329678993,0.001887207683721591
529.7765553110622,1.0000049348329112,0.0018865005993410218
529.9763952790557,1.0000049366979231,0.001885794061663169
530.1762352470494,1.000004938562935,0.0018850880699747522
530.376075215043,1.000004940427947,0.0018843826235633752
530.5759151830366,1.0000049422929589,0.0018836777217175233
530.7757551510301,1.0000049441579708,0.0018829733637265639
530.9755951190238,1.0000049460229827,0.0018822695488807453
531.1754350870174,1.0000049478879947,0.0018815662764711995
531.375275055011,1.0000049497530066,0.0018808635457899397
531.5751150230046,1.0000049516180185,0.001880161356129861
531.7749549909981,1.0000049534830304,0.001879459706784741
531.9747949589918,1.0000049553480423,0.001878758597049238
532.1746349269854,1.0000049572130543,0.0018780580262188944
532.374474894979,1.0000049590780662,0.0018773579935901328
532.5743148629725,1.0000049609430781,0.001876658498460259
532.7741548309662,1.00000496280809,0.0018759595401274599
532.9739947989598,1.000004964673102,0.001875261117890805
533.1738347669534,1.0000049665381139,0.0018745632310502459
533.3736747349469,1.0000049684031258,0.001873865878906616
533.5735147029405,1.0000049702681375,0.0018731690607616302
533.7733546709342,1.0000049721331494,0.001872472775917886
533.9731946389278,1.0000049739981614,0.001871777023678863
534.1730346069213,1.0000049758631733,0.001871081803348923
534.3728745749149,1.0000049777281852,0.0018703871142333088
534.5727145429086,1.000004979593197,0.001869692955638146
534.7725545109022,1.0000049814582088,0.0018689993268704423
534.9723944788958,1.0000049833232207,0.0018683062272380868
535.1722344468893,1.0000049851882327,0.0018676136560498518
535.372074414883,1.0000049870532444,0.0018669216126153897
535.5719143828766,1.0000049889182563,0.0018662300962452366
535.7717543508702,1.0000049907832682,0.0018655391062508103
535.9715943188637,1.00000499264828,0.00186484864194441
536.1714342868573,1.0000049945132918,0.0018641587026392175
536.371274254851,1.0000049963783035,0.0018634692876492954
536.5711142228446,1.0000049982433155,0.0018627803962895906
536.7709541908381,1.0000050001083274,0.0018620920278759308
536.9707941588317,1.000005001973339,0.0018614041817250242
537.1706341268253,1.000005003838351,0.0018607168571544634
537.370474094819,1.0000050057033627,0.0018600300534827217
537.5703140628125,1.0000050075683746,0.0018593437700291555
537.7701540308061,1.0000050094333863,0.0018586580061140017
537.9699939987997,1.0000050112983982,0.0018579727610583798
538.1698339667934,1.00000501316341,0.001857288034184292
538.369673934787,1.0000050150284219,0.001856603824814622
538.5695139027805,1.0000050168934336,0.0018559201322731356
538.7693538707741,1.0000050187584455,0.0018552369558844802
538.9691938387678,1.0000050206234572,0.0018545542949741855
539.1690338067614,1.0000050224884691,0.0018538721488686636
539.3688737747549,1.0000050243534808,0.0018531905168952083
539.5687137427485,1.0000050262184927,0.0018525093983819952
539.7685537107421,1.0000050280835044,0.0018518287926580818
539.9683936787358,1.0000050299485161,0.0018511486990534084
540.1682336467293,1.000005031813528,0.001850469116898797
540.3680736147229,1.0000050336785398,0.001849790045525951
540.5679135827165,1.0000050355435515,0.0018491114842674565
540.7677535507102,1.0000050374085634,0.001848433432456781
540.9675935187037,1.000005039273575,0.001847755889428275
541.1674334866973,1.0000050411385868,0.0018470788545171695
541.3672734546909,1.0000050430035985,0.0018464023270595793
541.5671134226845,1.0000050448686104,0.0018457263063924997
541.766953390678,1.0000050467336221,0.0018450507918538095
541.9667933586717,1.0000050485986338,0.001844375782782268
542.1666333266653,1.0000050504636455,0.0018437012785175169
542.3664732946589,1.0000050523286574,0.0018430272784000807
542.5663132626526,1.0000050541936691,0.0018423537817713648
542.7661532306461,1.0000050560586808,0.0018416807879736586
542.9659931986397,1.0000050579236925,0.0018410082963501305
543.1658331666333,1.0000050597887042,0.001840336306244833
543.365673134627,1.000005061653716,0.0018396648170027005
543.5655131026205,1.0000050635187276,0.0018389938279695494
543.7653530706141,1.0000050653837393,0.0018383233384920766
543.9651930386077,1.0000050672487513,0.0018376533479178632
544.1650330066013,1.000005069113763,0.001836983855595371
544.3648729745948,1.0000050709787747,0.001836314860873944
544.5647129425885,1.0000050728437864,0.0018356463631038085
544.7645529105821,1.000005074708798,0.0018349783616360723
544.9643928785757,1.0000050765738098,0.001834310855822726
545.1642328465692,1.0000050784388215,0.0018336438450166415
545.3640728145629,1.0000050803038332,0.0018329773285715731
545.5639127825565,1.0000050821688449,0.0018323113058421568
545.7637527505501,1.0000050840338566,0.0018316457761839112
545.9635927185437,1.000005085898868,0.001830980738953236
546.1634326865372,1.0000050877638798,0.0018303161935074143
546.3632726545309,1.0000050896288915,0.0018296521392046094
546.5631126225245,1.0000050914939032,0.001828988575403868
546.7629525905181,1.0000050933589149,0.001828325501465118
546.9627925585116,1.0000050952239266,0.0018276629167491706
547.1626325265053,1.0000050970889383,0.001827000820617717
547.3624724944989,1.00000509895395,0.0018263392124333322
547.5623124624925,1.0000051008189614,0.0018256780915594725
547.762152430486,1.0000051026839731,0.0018250174573604758
547.9619923984797,1.0000051045489848,0.001824357309201563
548.1618323664733,1.0000051064139965,0.0018236976464488363
548.3616723344669,1.000005108279008,0.0018230384684692798
548.5615123024604,1.0000051101440197,0.0018223797746307604
548.761352270454,1.0000051120090314,0.001821721564302026
548.9611922384477,1.0000051138740431,0.0018210638368527073
549.1610322064413,1.0000051157390546,0.0018204065916533165
549.3608721744349,1.0000051176040663,0.0018197498280752484
549.5607121424284,1.000005119469078,0.0018190935454907796
549.760552110422,1.0000051213340895,0.001818437743273068
549.9603920784157,1.0000051231991012,0.0018177824207961546
550.1602320464093,1.0000051250641129,0.0018171275774349616
550.3600720144028,1.0000051269291244,0.0018164732125652938
550.5599119823964,1.000005128794136,0.0018158193255638374
550.7597519503901,1.0000051306591475,0.0018151659158081612
550.9595919183837,1.0000051325241592,0.0018145129826767153
551.1594318863772,1.000005134389171,0.001813860525548833
551.3592718543708,1.0000051362541824,0.0018132085438047282
551.5591118223645,1.0000051381191941,0.0018125570368254977
551.7589517903581,1.0000051399842056,0.0018119060039931208
551.9587917583516,1.0000051418492173,0.0018112554446904575
552.1586317263452,1.0000051437142288,0.0018106053583012505
552.3584716943388,1.0000051455792405,0.001809955744210124
552.5583116623325,1.000005147444252,0.0018093066018025855
552.758151630326,1.0000051493092634,0.0018086579304650236
552.9579915983196,1.0000051511742751,0.0018080097295847084
553.1578315663132,1.0000051530392866,0.0018073619985497927
553.3576715343069,1.0000051549042983,0.0018067147367493114
553.5575115023005,1.0000051567693098,0.0018060679435731816
553.757351470294,1.0000051586343213,0.001805421618412202
553.9571914382876,1.000005160499333,0.0018047757606580526
554.1570314062812,1.0000051623643444,0.0018041303697032968
554.3568713742749,1.000005164229356,0.0018034854449413794
554.5567113422684,1.0000051660943676,0.0018028409857666272
554.756551310262,1.000005167959379,0.0018021969915742485
554.9563912782556,1.0000051698243906,0.0018015534617603344
555.1562312462493,1.000005171689402,0.0018009103957218582
555.3560712142428,1.0000051735544138,0.0018002677928566748
555.5559111822364,1.0000051754194252,0.0017996256525635202
555.75575115023,1.0000051772844367,0.0017989839742420135
555.9555911182237,1.0000051791494482,0.0017983427572926562
556.1554310862172,1.00000518101446,0.0017977020011168312
556.3552710542108,1.0000051828794714,0.001797061705116803
556.5551110222044,1.0000051847444829,0.001796421868695718
556.754950990198,1.0000051866094943,0.0017957824912576063
556.9547909581917,1.0000051884745058,0.0017951435722073782
557.1546309261852,1.0000051903395173,0.0017945051109508276
557.3544708941788,1.0000051922045288,0.001793867106894628
557.5543108621724,1.0000051940695402,0.0017932295594463373
557.754150830166,1.000005195934552,0.0017925924680143941
557.9539907981596,1.0000051977995634,0.0017919558320081204
558.1538307661532,1.000005199664575,0.001791319650837718
558.3536707341468,1.0000052015295864,0.0017906839239142723
558.5535107021404,1.0000052033945979,0.001790048650649751
558.753350670134,1.0000052052596093,0.0017894138304570028
558.9531906381276,1.0000052071246208,0.0017887794627497585
559.1530306061212,1.0000052089896323,0.0017881455469426317
559.3528705741148,1.0000052108546438,0.0017875120824511171
559.5527105421083,1.000005212719655,0.0017868790686915927
559.752550510102,1.0000052145846665,0.0017862465050813162
559.9523904780956,1.000005216449678,0.00178561439103843
560.1522304460892,1.0000052183146895,0.0017849827259819565
560.3520704140828,1.000005220179701,0.0017843515093318016
560.5519103820764,1.0000052220447124,0.0017837207405087523
560.75175035007,1.000005223909724,0.0017830904189344776
560.9515903180636,1.0000052257747354,0.0017824605440315282
561.1514302860572,1.0000052276397466,0.0017818311152233385
561.3512702540507,1.0000052295047581,0.0017812021319342235
561.5511102220444,1.0000052313697696,0.00178057359358938
561.750950190038,1.000005233234781,0.0017799454996148874
561.9507901580316,1.0000052350997926,0.0017793178494377071
562.1506301260251,1.0000052369648038,0.0017786906424856826
562.3504700940188,1.0000052388298153,0.0017780638781875386
562.5503100620124,1.0000052406948268,0.0017774375559728836
562.750150030006,1.0000052425598382,0.0017768116752722057
562.9499899979995,1.0000052444248495,0.0017761862355168772
563.1498299659931,1.000005246289861,0.001775561236139151
563.3496699339868,1.0000052481548725,0.0017749366765721624
563.5495099019804,1.0000052500198837,0.001774312556249929
563.7493498699739,1.0000052518848952,0.0017736888746073508
563.9491898379675,1.0000052537499065,0.0017730656310802082
564.1490298059612,1.000005255614918,0.0017724428251051653
564.3488697739548,1.0000052574799294,0.0017718204561197673
564.5487097419484,1.0000052593449407,0.0017711985235624418
564.7485497099419,1.0000052612099521,0.0017705770268724983
564.9483896779356,1.0000052630749634,0.0017699559654901283
565.1482296459292,1.0000052649399749,0.0017693353388564055
565.3480696139228,1.0000052668049861,0.0017687151464132848
565.5479095819163,1.0000052686699976,0.0017680953876036047
565.7477495499099,1.0000052705350089,0.0017674760618710838
565.9475895179036,1.0000052724000204,0.0017668571686603241
566.1474294858972,1.0000052742650316,0.0017662387074168094
566.3472694538907,1.000005276130043,0.0017656206775869053
566.5471094218843,1.0000052779950543,0.001765003078617859
566.746949389878,1.0000052798600658,0.0017643859099578003
566.9467893578716,1.000005281725077,0.0017637691710557409
567.1466293258651,1.0000052835900883,0.0017631528613615745
567.3464692938587,1.0000052854550998,0.0017625369803260767
567.5463092618523,1.000005287320111,0.0017619215274009051
567.746149229846,1.0000052891851225,0.0017613065020385997
567.9459891978396,1.0000052910501338,0.0017606919036925815
568.1458291658331,1.000005292915145,0.0017600777318171556
568.3456691338267,1.0000052947801563,0.0017594639858675059
568.5455091018204,1.0000052966451678,0.0017588506652997018
568.745349069814,1.000005298510179,0.0017582377695706918
568.9451890378075,1.0000053003751903,0.0017576252981383088
569.1450290058011,1.0000053022402018,0.0017570132504612656
569.3448689737947,1.000005304105213,0.0017564016259991586
569.5447089417884,1.0000053059702243,0.0017557904242124652
569.7445489097819,1.0000053078352356,0.001755179644562546
569.9443888777755,1.0000053097002468,0.001754569286511642
570.1442288457691,1.000005311565258,0.0017539593495228775
570.3440688137628,1.0000053134302695,0.001753349833060258
570.5439087817563,1.0000053152952808,0.001752740736588672
570.7437487497499,1.000005317160292,0.0017521320595738888
570.9435887177435,1.0000053190253033,0.0017515238014825605
571.1434286857371,1.0000053208903146,0.0017509159617822212
571.3432686537308,1.0000053227553258,0.0017503085399412865
571.5431086217243,1.000005324620337,0.001749701535429055
571.7429485897179,1.0000053264853483,0.001749094947715706
571.9427885577115,1.0000053283503596,0.0017484887762723015
572.1426285257052,1.0000053302153709,0.0017478830205707855
572.3424684936987,1.0000053320803821,0.001747277680083985
572.5423084616923,1.0000053339453934,0.0017466727542856065
572.7421484296859,1.0000053358104046,0.001746068242650241
572.9419883976796,1.0000053376754159,0.0017454641446533604
573.1418283656731,1.0000053395404271,0.0017448604597713187
573.3416683336667,1.0000053414054384,0.0017442571874813515
573.5415083016603,1.0000053432704497,0.0017436543272615777
573.7413482696539,1.000005345135461,0.001743051878590997
573.9411882376475,1.0000053470004722,0.0017424498409494918
574.1410282056411,1.0000053488654834,0.0017418482138178253
574.3408681736347,1.0000053507304947,0.0017412469966776446
574.5407081416283,1.000005352595506,0.0017406461890114772
574.740548109622,1.000005354460517,0.0017400457903027342
574.9403880776155,1.0000053563255282,0.001739445800035707
575.1402280456091,1.0000053581905395,0.0017388462176955704
575.3400680136027,1.0000053600555507,0.0017382470427683794
575.5399079815963,1.000005361920562,0.0017376482747410733
575.7397479495899,1.000005363785573,0.0017370499131014725
575.9395879175835,1.0000053656505843,0.0017364519573382785
576.1394278855771,1.0000053675155955,0.0017358544069410757
576.3392678535707,1.0000053693806068,0.0017352572614003304
576.5391078215642,1.0000053712456178,0.0017346605202073918
576.7389477895579,1.000005373110629,0.0017340641828544892
576.9387877575515,1.0000053749756403,0.0017334682488347347
577.1386277255451,1.0000053768406514,0.0017328727176421231
577.3384676935386,1.0000053787056626,0.001732277588771531
577.5383076615323,1.000005380570674,0.0017316828617187164
577.7381476295259,1.000005382435685,0.00173108853598032
577.9379875975195,1.0000053843006962,0.0017304946110538637
578.137827565513,1.0000053861657072,0.0017299010864377522
578.3376675335066,1.0000053880307185,0.0017293079616312718
578.5375075015003,1.0000053898957295,0.0017287152361345906
578.7373474694939,1.0000053917607408,0.0017281229094487601
578.9371874374875,1.000005393625752,0.0017275309810757117
579.137027405481,1.000005395490763,0.0017269394505182605
579.3368673734747,1.0000053973557743,0.0017263483172801023
579.5367073414683,1.0000053992207854,0.001725757580865816
579.7365473094619,1.0000054010857964,0.0017251672407808624
579.9363872774554,1.0000054029508076,0.0017245772965315837
580.136227245449,1.0000054048158187,0.0017239877476252045
580.3360672134427,1.00000540668083,0.001723398593569831
580.5359071814363,1.000005408545841,0.0017228098338744522
580.7357471494298,1.0000054104108522,0.0017222214680489385
580.9355871174234,1.0000054122758633,0.0017216334956040426
581.1354270854171,1.0000054141408743,0.001721045916051399
581.3352670534107,1.0000054160058856,0.0017204587289035241
581.5351070214042,1.0000054178708966,0.001719871933673817
581.7349469893978,1.0000054197359076,0.001719285529876558
581.9347869573915,1.0000054216009189,0.0017186995170269102
582.1346269253851,1.00000542346593,0.0017181138946409172
582.3344668933787,1.000005425330941,0.0017175286622355067
582.5343068613722,1.0000054271959522,0.0017169438193284873
582.7341468293658,1.0000054290609632,0.0017163593654385494
582.9339867973595,1.0000054309259743,0.0017157753000852658
583.1338267653531,1.0000054327909853,0.0017151916227890914
583.3336667333466,1.0000054346559963,0.0017146083330713627
583.5335067013402,1.0000054365210076,0.0017140254304542986
583.7333466693339,1.0000054383860186,0.001713442914461
583.9331866373275,1.0000054402510297,0.001712860784615449
584.133026605321,1.0000054421160407,0.001712279040442511
584.3328665733146,1.0000054439810517,0.0017116976814679332
584.5327065413082,1.0000054458460628,0.0017111167072183437
584.7325465093019,1.000005447711074,0.0017105361172212535
584.9323864772954,1.000005449576085,0.0017099559110050563
585.132226445289,1.000005451441096,0.0017093760880990253
585.3320664132826,1.0000054533061071,0.0017087966480333187
585.5319063812763,1.0000054551711182,0.0017082175903389751
585.7317463492699,1.0000054570361292,0.0017076389145479149
585.9315863172634,1.0000054589011402,0.0017070606201929424
586.131426285257,1.0000054607661513,0.0017064827068077406
586.3312662532506,1.0000054626311623,0.001705905173926878
586.5311062212443,1.0000054644961733,0.0017053280210858027
586.7309461892378,1.0000054663611844,0.0017047512478208463
586.9307861572314,1.0000054682261954,0.0017041748536692214
587.130626125225,1.0000054700912064,0.001703598838169023
587.3304660932187,1.0000054719562175,0.0017030232008592282
587.5303060612122,1.0000054738212285,0.0017024479412796963
587.7301460292058,1.0000054756862393,0.0017018730589711678
587.9299859971994,1.0000054775512504,0.001701298553475266
588.129825965193,1.0000054794162614,0.001700724424334496
588.3296659331866,1.0000054812812724,0.0017001506710922452
588.5295059011802,1.0000054831462835,0.0016995772932927823
588.7293458691738,1.0000054850112945,0.0016990042904812585
588.9291858371674,1.0000054868763053,0.0016984316622037062
589.129025805161,1.0000054887413163,0.0016978594080070426
589.3288657731546,1.0000054906063274,0.0016972875274390627
589.5287057411482,1.0000054924713384,0.0016967160200484464
589.7285457091418,1.0000054943363492,0.001696144885384755
589.9283856771355,1.0000054962013603,0.0016955741229984322
590.128225645129,1.0000054980663713,0.0016950037324408025
590.3280656131226,1.0000054999313823,0.001694433713264073
590.5279055811162,1.0000055017963931,0.0016938640650213332
590.7277455491098,1.0000055036614042,0.0016932947872665546
590.9275855171034,1.0000055055264152,0.0016927258795545906
591.127425485097,1.000005507391426,0.0016921573414411756
591.3272654530906,1.000005509256437,0.001691589172482927
591.5271054210842,1.000005511121448,0.0016910213722373451
591.7269453890777,1.000005512986459,0.001690453940262811
591.9267853570714,1.00000551485147,0.0016898868761185872
592.126625325065,1.0000055167164807,0.001689320179364819
592.3264652930586,1.0000055185814918,0.0016887538495625348
592.5263052610521,1.0000055204465026,0.0016881878862736437
592.7261452290458,1.0000055223115136,0.0016876222890609364
592.9259851970394,1.0000055241765244,0.0016870570574880864
593.125825165033,1.0000055260415355,0.00168649219111965
593.3256651330266,1.0000055279065463,0.0016859276895210636
593.5255051010201,1.0000055297715573,0.0016853635522586473
593.7253450690138,1.0000055316365681,0.0016847997788996026
593.9251850370074,1.0000055335015792,0.001684236369012012
594.125025005001,1.00000553536659,0.0016836733221648418
594.3248649729945,1.000005537231601,0.0016831106379279399
594.5247049409882,1.0000055390966118,0.001682548315872035
594.7245449089818,1.0000055409616226,0.0016819863555687384
594.9243848769754,1.0000055428266337,0.0016814247565905443
595.1242248449689,1.0000055446916445,0.0016808635185108283
595.3240648129625,1.0000055465566553,0.001680302640903848
595.5239047809562,1.0000055484216663,0.001679742123344742
595.7237447489498,1.0000055502866771,0.0016791819654095328
595.9235847169433,1.000005552151688,0.0016786221666751238
596.1234246849369,1.000005554016699,0.001678062726719301
596.3232646529306,1.0000055558817098,0.001677503645120731
596.5231046209242,1.0000055577467206,0.001676944921458964
596.7229445889178,1.0000055596117314,0.0016763865553144318
596.9227845569113,1.0000055614767425,0.0016758285462684485
597.122624524905,1.0000055633417533,0.0016752708939032086
597.3224644928986,1.000005565206764,0.0016747135978017903
597.5223044608922,1.000005567071775,0.001674156657548154
597.7221444288857,1.0000055689367857,0.0016736000727271408
597.9219843968793,1.0000055708017965,0.0016730438429244743
598.121824364873,1.0000055726668076,0.0016724879677267601
598.3216643328666,1.0000055745318184,0.0016719324467214867
598.5215043008601,1.0000055763968292,0.001671377279497024
598.7213442688537,1.00000557826184,0.0016708224656426223
598.9211842368474,1.0000055801268508,0.0016702680047484169
599.121024204841,1.0000055819918616,0.0016697138964054227
599.3208641728345,1.0000055838568724,0.0016691601402055384
599.5207041408281,1.0000055857218833,0.0016686067357415428
599.7205441088217,1.000005587586894,0.001668053682607099
599.9203840768154,1.0000055894519049,0.0016675009803967496
600.1202240448089,1.0000055913169157,0.0016669486287059212
600.3200640128025,1.0000055931819265,0.0016663966271309215
600.5199039807961,1.0000055950469373,0.0016658449752689406
600.7197439487898,1.0000055969119481,0.00166529367271805
600.9195839167834,1.000005598776959,0.001664742719077204
601.1194238847769,1.0000056006419697,0.0016641921139462388
601.3192638527705,1.0000056025069806,0.0016636418569258718
601.5191038207641,1.0000056043719914,0.0016630919476177033
601.7189437887578,1.000005606237002,0.0016625423856242152
601.9187837567513,1.0000056081020128,0.0016619931705487714
602.1186237247449,1.0000056099670236,0.0016614443019956184
602.3184636927385,1.0000056118320344,0.0016608957795698834
602.5183036607322,1.0000056136970452,0.0016603476028775768
602.7181436287257,1.000005615562056,0.0016597997715255912
602.9179835967193,1.0000056174270666,0.0016592522851216999
603.1178235647129,1.0000056192920774,0.0016587051432745592
603.3176635327065,1.0000056211570882,0.0016581583455937076
603.5175035007001,1.000005623022099,0.0016576118916895649
603.7173434686937,1.0000056248871096,0.0016570657811734331
603.9171834366873,1.0000056267521205,0.0016565200136574964
604.1170234046809,1.0000056286171313,0.0016559745887548215
604.3168633726746,1.0000056304821419,0.0016554295060793554
604.5167033406681,1.0000056323471527,0.0016548847652459297
604.7165433086617,1.0000056342121635,0.0016543403658702556
604.9163832766553,1.000005636077174,0.0016537963075689275
605.116223244649,1.0000056379421849,0.0016532525899594216
605.3160632126425,1.0000056398071957,0.0016527092126600966
605.5159031806361,1.0000056416722063,0.0016521661752901921
605.7157431486297,1.000005643537217,0.0016516234774698309
605.9155831166233,1.0000056454022277,0.0016510811188200167
606.1154230846169,1.0000056472672385,0.0016505390989626362
606.3152630526105,1.000005649132249,0.0016499974175204573
606.5151030206041,1.00000565099726,0.0016494560741171314
606.7149429885977,1.0000056528622707,0.0016489150683771893
606.9147829565912,1.0000056547272813,0.0016483743999260465
607.1146229245849,1.000005656592292,0.0016478340683899989
607.3144628925785,1.0000056584573027,0.0016472940733962245
607.5143028605721,1.0000056603223133,0.0016467544145727846
607.7141428285657,1.0000056621873241,0.001646215091548621
607.9139827965593,1.0000056640523347,0.001645676103953558
608.1138227645529,1.0000056659173455,0.0016451374514183026
608.3136627325465,1.0000056677823561,0.0016445991335744424
608.5135027005401,1.0000056696473667,0.0016440611500544485
608.7133426685336,1.0000056715123775,0.0016435235004916733
608.9131826365273,1.000005673377388,0.0016429861845203512
609.1130226045209,1.0000056752423987,0.0016424492017755982
609.3128625725145,1.0000056771074095,0.0016419125518934135
609.512702540508,1.00000567897242,0.0016413762345106775
609.7125425085017,1.0000056808374307,0.0016408402492651525
609.9123824764953,1.0000056827024415,0.0016403045957954826
610.1122224444889,1.000005684567452,0.0016397692737411956
610.3120624124824,1.0000056864324627,0.0016392342827426993
610.511902380476,1.0000056882974733,0.001638699622441284
610.7117423484697,1.000005690162484,0.0016381652924791225
610.9115823164633,1.0000056920274947,0.00163763129249927
611.1114222844568,1.0000056938925053,0.0016370976221456628
611.3112622524504,1.0000056957575159,0.001636564281063119
611.5111022204441,1.0000056976225264,0.0016360312688973395
611.7109421884377,1.000005699487537,0.0016354985852949076
611.9107821564313,1.0000057013525478,0.0016349662299032872
612.1106221244248,1.0000057032175584,0.001634434202370826
612.3104620924184,1.000005705082569,0.001633902502346751
612.5103020604121,1.0000057069475796,0.0016333711294811747
612.7101420284057,1.0000057088125902,0.0016328400834250884
612.9099819963992,1.0000057106776008,0.0016323093638303684
613.1098219643928,1.0000057125426114,0.0016317789703497701
613.3096619323865,1.000005714407622,0.0016312489026369323
613.5095019003801,1.0000057162726326,0.0016307191603463765
613.7093418683736,1.0000057181376432,0.0016301897431335055
613.9091818363672,1.0000057200026538,0.0016296606506546038
614.1090218043609,1.0000057218676643,0.001629131882566838
614.3088617723545,1.000005723732675,0.001628603438528257
614.508701740348,1.0000057255976855,0.0016280753181977926
614.7085417083416,1.0000057274626961,0.0016275475212352568
614.9083816763352,1.0000057293277067,0.0016270200473013441
615.1082216443289,1.0000057311927173,0.001626492896057632
615.3080616123225,1.0000057330577279,0.0016259660671665795
615.507901580316,1.0000057349227383,0.0016254395602915278
615.7077415483096,1.0000057367877488,0.0016249133750966985
615.9075815163033,1.0000057386527594,0.001624387511247198
616.1074214842969,1.00000574051777,0.0016238619684090126
616.3072614522904,1.0000057423827806,0.0016233367462490115
616.507101420284,1.0000057442477912,0.0016228118444349452
616.7069413882776,1.0000057461128016,0.0016222872626354473
616.9067813562713,1.0000057479778122,0.0016217630005200324
617.1066213242648,1.0000057498428228,0.0016212390577590979
617.3064612922584,1.0000057517078333,0.0016207154340239223
617.506301260252,1.0000057535728437,0.0016201921289866674
617.7061412282457,1.0000057554378543,0.0016196691423203758
617.9059811962392,1.000005757302865,0.0016191464736989725
618.1058211642328,1.0000057591678753,0.001618624122797265
618.3056611322264,1.0000057610328859,0.001618102089290942
618.50550110022,1.0000057628978964,0.0016175803728565746
618.7053410682137,1.0000057647629068,0.0016170589731716164
618.9051810362072,1.0000057666279174,0.001616537889914402
619.1050210042008,1.000005768492928,0.0016160171227641495
619.3048609721944,1.0000057703579384,0.0016154966714009567
619.5047009401881,1.000005772222949,0.0016149765355058057
619.7045409081816,1.0000057740879593,0.0016144567147605598
619.9043808761752,1.00000577595297,0.0016139372088479638
620.1042208441688,1.0000057778179803,0.0016134180174516449
620.3040608121624,1.0000057796829909,0.0016128991402561126
620.503900780156,1.0000057815480012,0.0016123805769467582
620.7037407481496,1.0000057834130118,0.001611862327209855
620.9035807161432,1.0000057852780222,0.0016113443907325577
621.1034206841368,1.0000057871430328,0.0016108267672029042
621.3032606521303,1.0000057890080432,0.0016103094563098136
621.503100620124,1.0000057908730537,0.0016097924577430879
621.7029405881176,1.0000057927380641,0.0016092757711934091
621.9027805561112,1.0000057946030747,0.0016087593963523435
622.1026205241047,1.000005796468085,0.0016082433329123382
622.3024604920984,1.0000057983330954,0.001607727580566723
622.502300460092,1.000005800198106,0.0016072121390097083
622.7021404280856,1.0000058020631164,0.0016066970079363883
622.9019803960792,1.0000058039281268,0.0016061821870427383
623.1018203640728,1.0000058057931374,0.001605667676025616
623.3016603320664,1.0000058076581477,0.00160515347458276
623.50150030006,1.000005809523158,0.0016046395824127926
623.7013402680536,1.0000058113881685,0.0016041259992152167
623.9011802360471,1.000005813253179,0.0016036127246904185
624.1010202040408,1.0000058151181894,0.0016030997585396649
624.3008601720344,1.0000058169831998,0.0016025871004651054
624.500700140028,1.0000058188482102,0.001602074750169772
624.7005401080215,1.0000058207132207,0.0016015627073575776
624.9003800760152,1.0000058225782311,0.0016010509717333185
625.1002200440088,1.0000058244432415,0.0016005395430026717
625.3000600120024,1.0000058263082519,0.0016000284208721968
625.4998999799959,1.0000058281732622,0.0015995176050493357
625.6997399479895,1.0000058300382726,0.0015990070952424116
625.8995799159832,1.000005831903283,0.0015984968911606308
626.0994198839768,1.0000058337682936,0.00159798699251408
626.2992598519704,1.000005835633304,0.0015974773990137295
626.4990998199639,1.0000058374983143,0.0015969681103714317
626.6989397879576,1.0000058393633247,0.0015964591262999186
626.8987797559512,1.000005841228335,0.0015959504465128068
627.0986197239448,1.0000058430933454,0.0015954420707245942
627.2984596919383,1.0000058449583558,0.0015949339986506602
627.498299659932,1.0000058468233661,0.0015944262300072662
627.6981396279256,1.0000058486883765,0.0015939187645115566
627.8979795959192,1.0000058505533869,0.0015934116018815566
628.0978195639127,1.0000058524183972,0.0015929047418361745
628.2976595319063,1.0000058542834076,0.0015923981840951999
628.4974994999,1.000005856148418,0.0015918919283793044
628.6973394678936,1.0000058580134283,0.001591385974410042
628.8971794358871,1.0000058598784385,0.0015908803219098488
629.0970194038807,1.0000058617434489,0.0015903749706020415
629.2968593718743,1.0000058636084592,0.0015898699202108214
629.496699339868,1.0000058654734696,0.0015893651704612696
629.6965393078616,1.00000586733848,0.0015888607210793498
629.8963792758551,1.0000058692034903,0.0015883565717919087
630.0962192438487,1.0000058710685005,0.0015878527223266734
630.2960592118424,1.0000058729335108,0.0015873491724122542
630.495899179836,1.0000058747985212,0.0015868459217781429
630.6957391478295,1.0000058766635316,0.0015863429701547139
630.8955791158231,1.000005878528542,0.001585840317273222
631.0954190838168,1.000005880393552,0.0015853379628658066
631.2952590518104,1.0000058822585625,0.001584835906665487
631.4950990198039,1.0000058841235728,0.0015843341484061651
631.6949389877975,1.000005885988583,0.0015838326878226253
631.8947789557911,1.0000058878535933,0.0015833315246505332
632.0946189237848,1.0000058897186037,0.0015828306586264367
632.2944588917783,1.0000058915836139,0.0015823300894877667
632.4942988597719,1.0000058934486242,0.0015818298169728347
632.6941388277655,1.0000058953136346,0.0015813298408208344
632.8939787957592,1.0000058971786447,0.0015808301607718425
633.0938187637527,1.000005899043655,0.0015803307765668176
633.2936587317463,1.0000059009086653,0.0015798316879475985
633.4934986997399,1.0000059027736756,0.0015793328946569082
633.6933386677335,1.0000059046386858,0.0015788343964383503
633.8931786357272,1.0000059065036961,0.0015783361930364118
634.0930186037207,1.0000059083687065,0.0015778382841964604
634.2928585717143,1.0000059102337167,0.0015773406696647462
634.4926985397079,1.000005912098727,0.0015768433491884011
634.6925385077016,1.0000059139637372,0.0015763463225154403
634.8923784756951,1.0000059158287473,0.0015758495893947594
635.0922184436887,1.0000059176937577,0.0015753531495761365
635.2920584116823,1.0000059195587678,0.001574857002810232
635.491898379676,1.0000059214237782,0.0015743611488485882
635.6917383476695,1.0000059232887883,0.0015738655874436296
635.8915783156631,1.0000059251537987,0.0015733703183486623
636.0914182836567,1.0000059270188089,0.0015728753413178742
636.2912582516503,1.000005928883819,0.0015723806561063363
636.4910982196438,1.0000059307488294,0.001571886262470001
636.6909381876375,1.0000059326138395,0.001571392160165702
636.8907781556311,1.0000059344788497,0.0015708983489511558
637.0906181236247,1.0000059363438598,0.0015704048285849616
637.2904580916183,1.0000059382088702,0.0015699115988265986
637.4902980596119,1.0000059400738803,0.0015694186594364303
637.6901380276055,1.0000059419388905,0.0015689260101757006
637.8899779955991,1.0000059438039008,0.0015684336508065353
638.0898179635927,1.000005945668911,0.0015679415810919437
638.2896579315862,1.0000059475339211,0.0015674498007958166
638.4894978995799,1.0000059493989313,0.0015669583096829256
638.6893378675735,1.0000059512639414,0.0015664671075189252
638.8891778355671,1.0000059531289518,0.0015659761940703526
639.0890178035606,1.000005954993962,0.001565485569104626
639.2888577715543,1.000005956858972,0.0015649952323900456
639.4886977395479,1.0000059587239822,0.0015645051836957941
639.6885377075415,1.0000059605889924,0.0015640154227919362
639.888377675535,1.0000059624540025,0.001563525949449419
640.0882176435287,1.0000059643190127,0.0015630367634400701
640.2880576115223,1.0000059661840228,0.0015625478645366004
640.4878975795159,1.000005968049033,0.0015620592525126026
640.6877375475095,1.0000059699140431,0.0015615709271425513
640.887577515503,1.0000059717790533,0.0015610828882018037
641.0874174834967,1.0000059736440634,0.001560595135466597
641.2872574514903,1.0000059755090736,0.0015601076687140533
641.4870974194839,1.0000059773740837,0.001559620487722175
641.6869373874774,1.0000059792390938,0.0015591335922698465
641.886777355471,1.000005981104104,0.0015586469821368342
642.0866173234647,1.0000059829691141,0.0015581606571037872
642.2864572914583,1.0000059848341243,0.0015576746169522367
642.4862972594518,1.0000059866991344,0.0015571888614645947
642.6861372274454,1.0000059885641446,0.001556703390424156
642.8859771954391,1.0000059904291547,0.001556218203615098
643.0858171634327,1.0000059922941649,0.0015557333008224784
643.2856571314262,1.0000059941591748,0.0015552486818322395
643.4854970994198,1.000005996024185,0.0015547643464312027
643.6853370674135,1.000005997889195,0.0015542802944070737
643.8851770354071,1.0000059997542052,0.0015537965255484386
644.0850170034006,1.0000060016192154,0.0015533130396447672
644.2848569713942,1.0000060034842253,0.0015528298364864096
644.4846969393878,1.0000060053492354,0.0015523469158645992
644.6845369073815,1.0000060072142456,0.0015518642775714502
644.8843768753751,1.0000060090792557,0.0015513819213999601
645.0842168433686,1.0000060109442657,0.001550899847144008
645.2840568113622,1.0000060128092758,0.0015504180545983543
645.4838967793559,1.000006014674286,0.001549936543558642
645.6837367473495,1.0000060165392959,0.0015494553138213963
645.883576715343,1.000006018404306,0.0015489743651840244
646.0834166833366,1.0000060202693162,0.0015484936974448145
646.2832566513302,1.000006022134326,0.001548013310402938
646.4830966193239,1.0000060239993362,0.0015475332038584482
646.6829365873174,1.0000060258643464,0.00154705337761228
646.882776555311,1.0000060277293563,0.0015465738314662503
647.0826165233046,1.0000060295943665,0.001546094565223058
647.2824564912983,1.0000060314593764,0.0015456155786862848
647.4822964592918,1.0000060333243865,0.0015451368716603929
647.6821364272854,1.0000060351893965,0.0015446584439507281
647.881976395279,1.0000060370544066,0.0015441802953635173
648.0818163632727,1.0000060389194165,0.0015437024257058695
648.2816563312663,1.0000060407844267,0.0015432248347857758
648.4814962992598,1.0000060426494366,0.0015427475224121098
648.6813362672534,1.0000060445144467,0.001542270488394626
648.881176235247,1.0000060463794567,0.0015417937325439624
649.0810162032407,1.0000060482444668,0.0015413172546716372
649.2808561712342,1.0000060501094767,0.0015408410545900524
649.4806961392278,1.0000060519744867,0.0015403651321124906
649.6805361072214,1.0000060538394968,0.0015398894870531177
649.880376075215,1.0000060557045067,0.0015394141192269803
650.0802160432086,1.0000060575695169,0.0015389390284500082
650.2800560112022,1.0000060594345268,0.0015384642145390122
650.4798959791958,1.0000060612995367,0.0015379896773116861
650.6797359471894,1.0000060631645469,0.0015375154165866046
650.879575915183,1.0000060650295568,0.0015370414321832257
651.0794158831766,1.0000060668945667,0.0015365677239218881
651.2792558511702,1.0000060687595766,0.0015360942916238136
651.4790958191638,1.0000060706245868,0.001535621135111105
651.6789357871575,1.0000060724895967,0.0015351482542067482
651.878775755151,1.0000060743546066,0.0015346756487346104
652.0786157231446,1.0000060762196166,0.001534203318519441
652.2784556911382,1.0000060780846265,0.001533731263386871
652.4782956591318,1.0000060799496366,0.0015332594831634148
652.6781356271254,1.0000060818146466,0.0015327879776764668
652.877975595119,1.0000060836796565,0.0015323167467543052
653.0778155631126,1.0000060855446664,0.0015318457902260888
653.2776555311062,1.0000060874096763,0.0015313751079218596
653.4774954990997,1.0000060892746863,0.0015309046996725413
653.6773354670934,1.0000060911396962,0.0015304345653099384
653.877175435087,1.000006093004706,0.001529964704666739
654.0770154030806,1.0000060948697163,0.0015294951175765128
654.2768553710741,1.0000060967347262,0.0015290258038737118
654.4766953390678,1.000006098599736,0.001528556763393668
654.6765353070614,1.000006100464746,0.0015280879959725983
654.876375275055,1.000006102329756,0.0015276195014476
655.0762152430485,1.0000061041947659,0.0015271512796566527
655.2760552110421,1.0000061060597758,0.0015266833304386177
655.4758951790358,1.0000061079247857,0.0015262156536332385
655.6757351470294,1.0000061097897954,0.0015257482490811417
655.875575115023,1.0000061116548054,0.0015252811166238337
656.0754150830165,1.0000061135198153,0.0015248142561037053
656.2752550510102,1.0000061153848252,0.001524347667364027
656.4750950190038,1.0000061172498351,0.001523881350248954
656.6749349869974,1.000006119114845,0.0015234153046035203
656.8747749549909,1.000006120979855,0.0015229495302736453
657.0746149229846,1.000006122844865,0.0015224840271061272
657.2744548909782,1.0000061247098748,0.0015220187949486486
657.4742948589718,1.0000061265748845,0.0015215538336497728
657.6741348269653,1.0000061284398944,0.0015210891430589466
657.8739747949589,1.0000061303049044,0.0015206247230264967
658.0738147629526,1.0000061321699143,0.001520160573403633
658.2736547309462,1.000006134034924,0.0015196966940424475
658.4734946989397,1.000006135899934,0.0015192330847959145
658.6733346669333,1.0000061377649438,0.0015187697455178893
658.873174634927,1.0000061396299538,0.0015183066760631097
659.0730146029206,1.0000061414949635,0.0015178438762871954
659.2728545709142,1.0000061433599734,0.0015173813460466492
659.4726945389077,1.0000061452249833,0.0015169190851988543
659.6725345069013,1.000006147089993,0.0015164570936020767
659.872374474895,1.000006148955003,0.001515995371115464
660.0722144428886,1.0000061508200129,0.0015155339175990468
660.2720544108821,1.0000061526850226,0.0015150727329137365
660.4718943788757,1.0000061545500325,0.0015146118169213276
660.6717343468694,1.0000061564150422,0.0015141511694844953
660.871574314863,1.0000061582800521,0.0015136907904667982
661.0714142828565,1.0000061601450618,0.0015132306797326766
661.2712542508501,1.0000061620100718,0.0015127708371474515
661.4710942188437,1.0000061638750817,0.0015123112625773272
661.6709341868374,1.0000061657400914,0.0015118519558893902
661.8707741548309,1.0000061676051013,0.0015113929169516091
662.0706141228245,1.000006169470111,0.0015109341456328324
662.2704540908181,1.0000061713351207,0.0015104756418027935
662.4702940588118,1.0000061732001306,0.0015100174053321056
662.6701340268054,1.0000061750651403,0.0015095594360922653
662.8699739947989,1.0000061769301503,0.0015091017339556507
663.0698139627925,1.00000617879516,0.0015086442987955224
663.2696539307861,1.0000061806601699,0.001508187130486021
663.4694938987798,1.0000061825251796,0.0015077302289021723
663.6693338667733,1.0000061843901893,0.0015072735939198818
663.8691738347669,1.0000061862551992,0.0015068172254159378
664.0690138027605,1.000006188120209,0.0015063611232680103
664.2688537707542,1.0000061899852186,0.0015059052873546514
664.4686937387477,1.0000061918502285,0.0015054497175552963
664.6685337067413,1.0000061937152382,0.0015049944137502603
664.8683736747349,1.000006195580248,0.0015045393758207415
665.0682136427286,1.0000061974452576,0.001504084603648821
665.2680536107221,1.0000061993102676,0.0015036300971174605
665.4678935787157,1.0000062011752773,0.0015031758561105048
665.6677335467093,1.000006203040287,0.001502721880512679
665.8675735147029,1.0000062049052967,0.001502268170209593
666.0674134826966,1.0000062067703066,0.0015018147250877361
666.2672534506901,1.0000062086353163,0.0015013615450344812
666.4670934186837,1.000006210500326,0.0015009086299380824
666.6669333866773,1.0000062123653357,0.0015004559796876758
666.866773354671,1.0000062142303454,0.0015000035941732804
667.0666133226645,1.0000062160953551,0.0014995514732857966
667.2664532906581,1.0000062179603648,0.001499099616917006
667.4662932586517,1.0000062198253745,0.001498648024959574
667.6661332266453,1.0000062216903844,0.0014981966973070461
667.8659731946389,1.0000062235553941,0.0014977456338538518
668.0658131626325,1.0000062254204038,0.0014972948344953005
668.2656531306261,1.0000062272854136,0.0014968442991275855
668.4654930986197,1.0000062291504233,0.001496394027647781
668.6653330666132,1.000006231015433,0.0014959440199538438
668.8651730346069,1.0000062328804427,0.0014954942759446118
669.0650130026005,1.0000062347454524,0.0014950447955198063
669.2648529705941,1.000006236610462,0.001494595578580029
669.4646929385876,1.0000062384754715,0.0014941466250267654
669.6645329065813,1.0000062403404812,0.0014936979347623814
669.8643728745749,1.000006242205491,0.0014932495076901257
670.0642128425685,1.0000062440705006,0.001492801343714129
670.2640528105621,1.0000062459355104,0.0014923534427394038
670.4638927785556,1.00000624780052,0.0014919058046718456
670.6637327465493,1.0000062496655298,0.0014914584294182297
670.8635727145429,1.0000062515305395,0.0014910113168862154
671.0634126825365,1.000006253395549,0.0014905644669843436
671.26325265053,1.0000062552605586,0.0014901178796220365
671.4630926185237,1.0000062571255683,0.0014896715547095991
671.6629325865173,1.000006258990578,0.0014892254921582183
671.8627725545109,1.0000062608555877,0.0014887796918799626
672.0626125225044,1.0000062627205972,0.0014883341537877824
672.262452490498,1.000006264585607,0.0014878888777955111
672.4622924584917,1.0000062664506166,0.001487443863817863
672.6621324264853,1.0000062683156263,0.0014869991117704353
672.8619723944788,1.0000062701806358,0.001486554621569706
673.0618123624724,1.0000062720456455,0.001486110393133037
673.2616523304661,1.0000062739106552,0.0014856664263786703
673.4614922984597,1.0000062757756647,0.001485222721225731
673.6613322664533,1.0000062776406744,0.0014847792775942261
673.8611722344468,1.000006279505684,0.0014843360954050443
674.0610122024405,1.0000062813706936,0.0014838931745799562
674.2608521704341,1.0000062832357033,0.0014834505150416153
674.4606921384277,1.0000062851007128,0.0014830081167135562
674.6605321064212,1.0000062869657225,0.001482565979520196
674.8603720744148,1.000006288830732,0.001482124103386833
675.0602120424085,1.0000062906957417,0.0014816824882396492
675.2600520104021,1.0000062925607511,0.0014812411340057062
675.4598919783956,1.0000062944257608,0.0014808000406129505
675.6597319463892,1.0000062962907703,0.0014803592079902078
675.8595719143829,1.00000629815578,0.0014799186360671878
676.0594118823765,1.0000063000207895,0.0014794783247744814
676.25925185037,1.0000063018857992,0.0014790382740435615
676.4590918183636,1.0000063037508087,0.0014785984838067833
676.6589317863572,1.0000063056158184,0.0014781589539973835
676.8587717543509,1.0000063074808279,0.0014777196845494815
677.0586117223445,1.0000063093458373,0.0014772806753980785
677.258451690338,1.000006311210847,0.0014768419264790573
677.4582916583316,1.0000063130758565,0.001476403437729183
677.6581316263253,1.0000063149408662,0.0014759652090861027
677.8579715943189,1.0000063168058757,0.001475527240488346
678.0578115623124,1.0000063186708852,0.0014750895318753237
678.257651530306,1.0000063205358947,0.0014746520831873287
678.4574914982996,1.0000063224009044,0.001474214894365536
678.6573314662933,1.0000063242659138,0.0014737779653520042
678.8571714342868,1.0000063261309233,0.001473341296089671
679.0570114022804,1.000006327995933,0.0014729048865223585
679.256851370274,1.0000063298609425,0.001472468736594769
679.4566913382677,1.000006331725952,0.0014720328462524887
679.6565313062612,1.0000063335909615,0.0014715972154419846
679.8563712742548,1.000006335455971,0.0014711618441106055
680.0562112422484,1.0000063373209807,0.001470726732206583
680.256051210242,1.0000063391859901,0.0014702918796790309
680.4558911782356,1.0000063410509996,0.0014698572864779436
680.6557311462292,1.000006342916009,0.0014694229525541989
680.8555711142228,1.0000063447810186,0.0014689888778595562
681.0554110822164,1.000006346646028,0.0014685550623466566
681.2552510502101,1.0000063485110375,0.0014681215059690236
681.4550910182036,1.000006350376047,0.001467688208681063
681.6549309861972,1.0000063522410565,0.0014672551704380614
681.8547709541908,1.000006354106066,0.0014668223911961885
682.0546109221845,1.0000063559710755,0.0014663898709124958
682.254450890178,1.000006357836085,0.001465957609544917
682.4542908581716,1.0000063597010944,0.0014655256070522673
682.6541308261652,1.000006361566104,0.001465093863394244
682.8539707941588,1.0000063634311134,0.0014646623785314263
683.0538107621524,1.0000063652961229,0.0014642311524252767
683.253650730146,1.0000063671611323,0.0014638001850381382
683.4534906981396,1.0000063690261418,0.0014633694763332358
683.6533306661332,1.0000063708911513,0.0014629390262746772
683.8531706341267,1.0000063727561608,0.0014625088348274526
684.0530106021204,1.0000063746211703,0.0014620789019574331
684.252850570114,1.0000063764861797,0.001461649227631372
684.4526905381076,1.0000063783511892,0.0014612198118169053
684.6525305061012,1.0000063802161985,0.0014607906544825504
684.8523704740948,1.000006382081208,0.0014603617555977075
685.0522104420884,1.0000063839462174,0.0014599331151326572
685.252050410082,1.000006385811227,0.0014595047330585634
685.4518903780756,1.0000063876762364,0.0014590766093474726
685.6517303460691,1.0000063895412457,0.0014586487439723116
685.8515703140628,1.0000063914062551,0.0014582211369068901
686.0514102820564,1.0000063932712646,0.0014577937881258998
686.25125025005,1.000006395136274,0.001457366697604915
686.4510902180435,1.0000063970012834,0.0014569398653203913
686.6509301860372,1.0000063988662928,0.0014565132912496654
686.8507701540308,1.0000064007313023,0.0014560869753709581
687.0506101220244,1.0000064025963116,0.0014556609176633708
687.2504500900179,1.000006404461321,0.0014552351181068876
687.4502900580115,1.0000064063263305,0.0014548095766823733
687.6501300260052,1.0000064081913398,0.0014543842933715772
687.8499699939988,1.0000064100563493,0.0014539592681571277
688.0498099619924,1.0000064119213585,0.0014535345010225373
688.2496499299859,1.000006413786368,0.0014531099919522
688.4494898979796,1.0000064156513775,0.0014526857409313918
688.6493298659732,1.0000064175163867,0.0014522617479462692
688.8491698339668,1.0000064193813962,0.0014518380129838735
689.0490098019603,1.0000064212464055,0.001451414536032126
689.248849769954,1.000006423111415,0.0014509913170798314
689.4486897379476,1.0000064249764242,0.001450568356116674
689.6485297059412,1.0000064268414337,0.0014501456531332232
689.8483696739347,1.000006428706443,0.0014497232081209285
690.0482096419283,1.0000064305714522,0.0014493010210721218
690.248049609922,1.0000064324364617,0.0014488790919800166
690.4478895779156,1.000006434301471,0.0014484574208387098
690.6477295459091,1.0000064361664804,0.0014480360076431788
690.8475695139027,1.0000064380314897,0.0014476148523892838
691.0474094818964,1.000006439896499,0.0014471939550737666
691.24724944989,1.0000064417615084,0.0014467733156942515
691.4470894178835,1.0000064436265177,0.0014463529342492447
691.6469293858771,1.000006445491527,0.001445932810738134
691.8467693538707,1.0000064473565364,0.0014455129451611893
692.0466093218644,1.0000064492215457,0.0014450933375195628
692.246449289858,1.000006451086555,0.001444673987815289
692.4462892578515,1.0000064529515644,0.0014442548960512836
692.6461292258451,1.0000064548165737,0.001443836062231345
692.8459691938388,1.000006456681583,0.0014434174863601531
693.0458091618324,1.0000064585465922,0.0014429991684432703
693.2456491298259,1.0000064604116017,0.0014425811084871406
693.4454890978195,1.000006462276611,0.0014421633064990904
693.6453290658131,1.0000064641416202,0.0014417457624873278
693.8451690338068,1.0000064660066295,0.0014413284764609423
694.0450090018003,1.0000064678716387,0.0014409114484299072
694.2448489697939,1.000006469736648,0.0014404946784050765
694.4446889377875,1.0000064716016572,0.001440078166398186
694.6445289057812,1.0000064734666667,0.0014396619124218543
694.8443688737747,1.000006475331676,0.001439245916489582
695.0442088417683,1.0000064771966852,0.0014388301786157505
695.2440488097619,1.0000064790616945,0.001438414698815625
695.4438887777555,1.0000064809267037,0.0014379994771053512
695.6437287457492,1.000006482791713,0.001437584513501958
695.8435687137427,1.0000064846567223,0.0014371698080233553
696.0434086817363,1.0000064865217315,0.0014367553606883356
696.2432486497299,1.0000064883867408,0.0014363411715165731
696.4430886177236,1.00000649025175,0.0014359272405286246
696.6429285857171,1.0000064921167593,0.0014355135677459284
696.8427685537107,1.0000064939817686,0.0014351001531908048
697.0426085217043,1.0000064958467778,0.0014346869968864559
697.242448489698,1.000006497711787,0.0014342740988569666
697.4422884576915,1.0000064995767963,0.0014338614591273033
697.6421284256851,1.0000065014418054,0.0014334490777233144
697.8419683936787,1.0000065033068146,0.0014330369546717303
698.0418083616723,1.0000065051718239,0.0014326250900001637
698.2416483296658,1.0000065070368331,0.001432213483737109
698.4414882976595,1.0000065089018424,0.0014318021359119428
698.6413282656531,1.0000065107668517,0.001431391046554923
698.8411682336467,1.000006512631861,0.0014309802156971915
699.0410082016404,1.00000651449687,0.0014305696433707694
699.2408481696339,1.0000065163618792,0.0014301593296085625
699.4406881376275,1.0000065182268885,0.0014297492744443565
699.6405281056211,1.0000065200918977,0.0014293394779128204
699.8403680736147,1.0000065219569068,0.0014289299400495046
700.0402080416083,1.000006523821916,0.0014285206608908424
700.2400480096019,1.0000065256869253,0.0014281116404741476
700.4398879775955,1.0000065275519343,0.0014277028788376174
700.6397279455891,1.0000065294169436,0.00142729437602033
700.8395679135826,1.0000065312819528,0.0014268861320622468
701.0394078815763,1.0000065331469619,0.00142647814700421
701.2392478495699,1.0000065350119711,0.0014260704208879443
701.4390878175635,1.0000065368769804,0.001425662953756056
701.638927785557,1.0000065387419894,0.0014252557456520354
701.8387677535507,1.0000065406069987,0.0014248487966202514
702.0386077215443,1.0000065424720077,0.0014244421067059576
702.2384476895379,1.000006544337017,0.0014240356759552888
702.4382876575314,1.000006546202026,0.0014236295044152624
702.638127625525,1.0000065480670353,0.0014232235921337762
702.8379675935187,1.0000065499320445,0.0014228179391596112
703.0378075615123,1.0000065517970536,0.00142241254554243
703.2376475295059,1.0000065536620626,0.0014220074113327787
703.4374874974994,1.0000065555270718,0.0014216025365820831
703.6373274654931,1.0000065573920809,0.0014211979213426523
703.8371674334867,1.0000065592570901,0.0014207935656676768
704.0370074014803,1.0000065611220992,0.0014203894696112305
704.2368473694738,1.0000065629871084,0.0014199856332282677
704.4366873374674,1.0000065648521175,0.001419582056574625
704.6365273054611,1.0000065667171265,0.0014191787397070214
704.8363672734547,1.0000065685821358,0.001418775682683059
705.0362072414482,1.0000065704471448,0.0014183728855612192
705.2360472094418,1.000006572312154,0.0014179703484008682
705.4358871774355,1.000006574177163,0.001417568071262252
705.6357271454291,1.0000065760421721,0.0014171660542065007
705.8355671134226,1.0000065779071812,0.0014167642972956246
706.0354070814162,1.0000065797721904,0.001416362800592517
706.2352470494098,1.0000065816371995,0.0014159615641609524
706.4350870174035,1.0000065835022085,0.0014155605880655881
706.6349269853971,1.0000065853672175,0.0014151598723719638
706.8347669533906,1.0000065872322268,0.0014147594171465003
707.0346069213842,1.0000065890972358,0.0014143592224565005
707.2344468893779,1.0000065909622449,0.0014139592883701494
707.4342868573715,1.000006592827254,0.0014135596149565143
707.634126825365,1.000006594692263,0.0014131602022855445
707.8339667933586,1.0000065965572722,0.0014127610504280712
708.0338067613523,1.0000065984222812,0.0014123621594558072
708.2336467293459,1.0000066002872903,0.0014119635294413476
708.4334866973394,1.0000066021522993,0.0014115651604581702
708.633326665333,1.0000066040173083,0.0014111670525806344
708.8331666333266,1.0000066058823174,0.0014107692003324783
709.0330066013203,1.0000066077473264,0.0014103715734351833
709.2328465693138,1.0000066096123355,0.001409974167170202
709.4326865373074,1.0000066114773445,0.0014095769813783873
709.632526505301,1.0000066133423535,0.0014091800159006813
709.8323664732947,1.0000066152073626,0.0014087832705781138
710.0322064412883,1.0000066170723716,0.0014083867452518019
710.2320464092818,1.0000066189373806,0.001407990439762951
710.4318863772754,1.0000066208023897,0.0014075943539528532
710.631726345269,1.0000066226673987,0.0014071984876628902
710.8315663132627,1.0000066245324077,0.0014068028407345301
711.0314062812562,1.0000066263974166,0.0014064074130093296
711.2312462492498,1.0000066282624256,0.0014060122043289326
711.4310862172434,1.0000066301274346,0.0014056172145350708
711.6309261852371,1.0000066319924437,0.0014052224434695645
711.8307661532306,1.0000066338574527,0.0014048278909743214
712.0306061212242,1.0000066357224617,0.0014044335568913365
712.2304460892178,1.0000066375874708,0.001404039441062693
712.4302860572114,1.0000066394524796,0.0014036455433305622
712.630126025205,1.0000066413174886,0.001403251863537203
712.8299659931986,1.0000066431824977,0.0014028584015249618
713.0298059611922,1.0000066450475067,0.001402465157136273
713.2296459291858,1.0000066469125157,0.0014020721302136592
713.4294858971793,1.0000066487775245,0.0014016793205997304
713.629325865173,1.0000066506425336,0.001401286728137184
713.8291658331666,1.0000066525075426,0.0014008943526688065
714.0290058011602,1.0000066543725514,0.0014005021940374706
714.2288457691538,1.0000066562375605,0.0014001102520861382
714.4286857371474,1.0000066581025695,0.0013997185266578585
714.628525705141,1.0000066599675783,0.0013993270175957676
714.8283656731346,1.0000066618325874,0.001398935724743091
715.0282056411282,1.0000066636975964,0.001398544647943141
715.2280456091218,1.0000066655626052,0.0013981537870393183
715.4278855771154,1.0000066674276142,0.0013977631418751106
715.627725545109,1.000006669292623,0.0013973727122940937
715.8275655131026,1.000006671157632,0.001396982498139932
716.0274054810961,1.0000066730226411,0.001396592499256377
716.2272454490898,1.00000667488765,0.0013962027154872678
716.4270854170834,1.000006676752659,0.0013958131466765315
716.626925385077,1.0000066786176678,0.0013954237926681833
716.8267653530705,1.0000066804826768,0.0013950346533063264
717.0266053210642,1.0000066823476856,0.001394645728435151
717.2264452890578,1.0000066842126947,0.0013942570178989355
717.4262852570514,1.0000066860777035,0.0013938685215420465
717.626125225045,1.0000066879427123,0.0013934802392089377
717.8259651930385,1.0000066898077213,0.0013930921707441515
718.0258051610322,1.0000066916727302,0.001392704315992317
718.2256451290258,1.0000066935377392,0.0013923166747981518
718.4254850970194,1.000006695402748,0.0013919292470064614
718.6253250650129,1.0000066972677568,0.0013915420324621393
718.8251650330066,1.0000066991327659,0.0013911550310101654
719.0250050010002,1.0000067009977747,0.0013907682424956092
719.2248449689938,1.0000067028627835,0.001390381666763627
719.4246849369873,1.0000067047277925,0.0013899953036594632
719.624524904981,1.0000067065928013,0.00138960915302845
719.8243648729746,1.0000067084578101,0.001389223214716007
720.0242048409682,1.0000067103228192,0.0013888374885676425
720.2240448089617,1.000006712187828,0.001388451974428952
720.4238847769553,1.0000067140528368,0.0013880666721456185
720.623724744949,1.0000067159178456,0.0013876815815634135
720.8235647129426,1.0000067177828544,0.0013872967025281959
721.0234046809362,1.0000067196478635,0.0013869120348859126
721.2232446489297,1.0000067215128723,0.0013865275784825984
721.4230846169233,1.000006723377881,0.0013861433331643753
721.622924584917,1.00000672524289,0.0013857592987774538
721.8227645529106,1.0000067271078987,0.001385375475168132
722.0226045209041,1.0000067289729075,0.0013849918621827958
722.2224444888977,1.0000067308379164,0.0013846084596679186
722.4222844568914,1.0000067327029254,0.001384225267470062
722.622124424885,1.0000067345679342,0.0013838422854358752
722.8219643928785,1.000006736432943,0.001383459513412096
723.0218043608721,1.0000067382979518,0.0013830769512455483
723.2216443288658,1.0000067401629607,0.0013826945987831453
723.4214842968594,1.0000067420279695,0.0013823124558718875
723.6213242648529,1.0000067438929783,0.0013819305223588634
723.8211642328465,1.000006745757987,0.0013815487980912487
724.0210042008401,1.000006747622996,0.0013811672829163078
724.2208441688338,1.0000067494880047,0.001380785976681392
724.4206841368273,1.0000067513530135,0.0013804048792339415
724.6205241048209,1.0000067532180223,0.0013800239904214833
724.8203640728145,1.000006755083031,0.0013796433100916326
725.0202040408082,1.0000067569480398,0.001379262838092092
725.2200440088018,1.0000067588130486,0.0013788825742706533
725.4198839767953,1.0000067606780574,0.0013785025184751944
725.6197239447889,1.0000067625430662,0.0013781226705536817
725.8195639127825,1.000006764408075,0.0013777430303541695
726.0194038807762,1.0000067662730838,0.0013773635977248001
726.2192438487697,1.0000067681380924,0.0013769843725138036
726.4190838167633,1.0000067700031012,0.0013766053545694967
726.6189237847569,1.00000677186811,0.0013762265437402856
726.8187637527506,1.0000067737331189,0.0013758479398746633
727.0186037207441,1.0000067755981277,0.0013754695428212114
727.2184436887377,1.0000067774631363,0.001375091352428598
727.4182836567313,1.000006779328145,0.0013747133685455802
727.618123624725,1.000006781193154,0.0013743355910210025
727.8179635927185,1.0000067830581625,0.0013739580197037976
728.0178035607121,1.0000067849231713,0.001373580654442985
728.2176435287057,1.0000067867881801,0.0013732034950876728
728.4174834966993,1.0000067886531887,0.0013728265414870567
728.617323464693,1.0000067905181975,0.0013724497934904207
728.8171634326865,1.0000067923832063,0.001372073250947136
729.0170034006801,1.000006794248215,0.0013716969137066615
729.2168433686737,1.0000067961132237,0.0013713207816185445
729.4166833366673,1.0000067979782323,0.0013709448545324195
729.6165233046609,1.0000067998432411,0.0013705691322980094
729.8163632726545,1.00000680170825,0.0013701936147651242
730.0162032406481,1.0000068035732586,0.0013698183017836626
730.2160432086417,1.0000068054382674,0.0013694431932036101
730.4158831766352,1.000006807303276,0.0013690682888750415
730.6157231446289,1.0000068091682848,0.0013686935886481173
730.8155631126225,1.0000068110332934,0.0013683190923730875
731.0154030806161,1.0000068128983022,0.0013679447999002895
731.2152430486096,1.0000068147633108,0.0013675707110801483
731.4150830166033,1.0000068166283194,0.0013671968257631764
731.6149229845969,1.0000068184933282,0.001366823143799975
731.8147629525905,1.0000068203583368,0.0013664496650412322
732.0146029205841,1.0000068222233456,0.0013660763893377245
732.2144428885777,1.0000068240883542,0.0013657033165403165
732.4142828565713,1.0000068259533628,0.0013653304464999593
732.6141228245649,1.0000068278183716,0.001364957779067693
732.8139627925585,1.0000068296833802,0.001364585314094645
733.013802760552,1.0000068315483888,0.0013642130514320311
733.2136427285457,1.0000068334133976,0.0013638409909311543
733.4134826965393,1.0000068352784062,0.001363469132443405
733.6133226645329,1.0000068371434148,0.0013630974758202627
733.8131626325264,1.0000068390084234,0.0013627260209132938
734.01300260052,1.0000068408734322,0.0013623547675741523
734.2128425685137,1.0000068427384408,0.001361983715654581
734.4126825365073,1.0000068446034494,0.0013616128650064095
734.6125225045008,1.000006846468458,0.0013612422154815561
734.8123624724944,1.0000068483334668,0.001360871766932026
735.0122024404881,1.0000068501984753,0.0013605015192099125
735.2120424084817,1.000006852063484,0.0013601314721673973
735.4118823764752,1.0000068539284925,0.0013597616256567494
735.6117223444688,1.0000068557935011,0.0013593919795303255
735.8115623124625,1.0000068576585097,0.0013590225336405704
736.0114022804561,1.0000068595235183,0.0013586532878400164
736.2112422484497,1.000006861388527,0.001358284241981284
736.4110822164432,1.0000068632535355,0.0013579153959170816
736.6109221844368,1.0000068651185443,0.0013575467495002044
736.8107621524305,1.000006866983553,0.0013571783025835365
737.0106021204241,1.0000068688485615,0.0013568100550200495
737.2104420884176,1.00000687071357,0.001356442006662803
737.4102820564112,1.0000068725785787,0.0013560741573649434
737.6101220244049,1.0000068744435873,0.0013557065069797062
737.8099619923985,1.0000068763085959,0.001355339055360414
738.009801960392,1.0000068781736042,0.001354971802360478
738.2096419283856,1.0000068800386128,0.0013546047478333956
738.4094818963792,1.0000068819036214,0.0013542378916327534
738.6093218643729,1.00000688376863,0.0013538712336122257
738.8091618323664,1.0000068856336386,0.0013535047736255741
739.00900180036,1.0000068874986472,0.0013531385115266481
739.2088417683536,1.0000068893636558,0.0013527724471693852
739.4086817363473,1.0000068912286644,0.0013524065804078106
739.6085217043409,1.000006893093673,0.0013520409110960377
739.8083616723344,1.0000068949586813,0.0013516754390882671
740.008201640328,1.00000689682369,0.0013513101642387874
740.2080416083217,1.0000068986886985,0.001350945086401975
740.4078815763153,1.0000069005537071,0.0013505802054322945
740.6077215443088,1.0000069024187157,0.001350215521184298
740.8075615123024,1.000006904283724,0.001349851033512625
741.007401480296,1.0000069061487327,0.0013494867422720036
741.2072414482897,1.0000069080137413,0.0013491226473172492
741.4070814162832,1.0000069098787496,0.0013487587485032653
741.6069213842768,1.0000069117437582,0.0013483950456850426
741.8067613522704,1.0000069136087668,0.0013480315387176603
742.006601320264,1.0000069154737752,0.0013476682274562854
742.2064412882576,1.0000069173387838,0.0013473051117561725
742.4062812562512,1.0000069192037924,0.0013469421914726633
742.6061212242448,1.0000069210688007,0.0013465794664611886
742.8059611922384,1.0000069229338093,0.0013462169365772662
743.0058011602321,1.000006924798818,0.0013458546016765019
743.2056411282256,1.0000069266638263,0.0013454924616145897
743.4054810962192,1.0000069285288349,0.0013451305162473102
743.6053210642128,1.0000069303938433,0.0013447687654305333
743.8051610322065,1.0000069322588518,0.0013444072090202158
744.0050010002,1.0000069341238602,0.0013440458468724028
744.2048409681936,1.0000069359888688,0.0013436846788432268
744.4046809361872,1.0000069378538772,0.001343323704788908
744.6045209041808,1.0000069397188858,0.001342962924565755
744.8043608721744,1.0000069415838941,0.001342602338030164
745.004200840168,1.0000069434489027,0.0013422419450386184
745.2040408081616,1.000006945313911,0.0013418817454476904
745.4038807761552,1.0000069471789195,0.0013415217391140393
745.6037207441487,1.000006949043928,0.0013411619258944126
745.8035607121424,1.0000069509089364,0.001340802305645645
746.003400680136,1.000006952773945,0.00134044287822466
746.2032406481296,1.0000069546389534,0.0013400836434884677
746.4030806161231,1.0000069565039618,0.0013397246012941675
746.6029205841168,1.0000069583689704,0.001339365751498945
746.8027605521104,1.0000069602339787,0.0013390070939600747
747.002600520104,1.000006962098987,0.0013386486285349186
747.2024404880976,1.0000069639639957,0.0013382903550809263
747.4022804560911,1.000006965829004,0.001337932273455636
747.6021204240848,1.0000069676940124,0.0013375743835166724
747.8019603920784,1.0000069695590208,0.0013372166851217488
748.001800360072,1.0000069714240294,0.0013368591781286667
748.2016403280655,1.0000069732890378,0.0013365018623953148
748.4014802960592,1.0000069751540461,0.0013361447377796694
748.6013202640528,1.0000069770190545,0.0013357878041397953
748.8011602320464,1.0000069788840629,0.0013354310613338445
749.0010002000399,1.0000069807490712,0.0013350745092200575
749.2008401680336,1.0000069826140798,0.0013347181476567617
749.4006801360272,1.0000069844790882,0.001334361976502373
749.6005201040208,1.0000069863440966,0.001334005995615395
749.8003600720143,1.000006988209105,0.001333650204854419
750.0002000400079,1.0000069900741133,0.001333294604078124
750.2000400080016,1.0000069919391217,0.001332939193145277
750.3998799759952,1.00000699380413,0.0013325839719147325
750.5997199439888,1.0000069956691384,0.0013322289402454333
750.7995599119823,1.0000069975341468,0.00133187409799641
750.999399879976,1.0000069993991552,0.0013315194450267804
751.1992398479696,1.0000070012641635,0.0013311649811957504
751.3990798159632,1.000007003129172,0.001330810706362614
751.5989197839567,1.0000070049941803,0.0013304566203867529
751.7987597519503,1.0000070068591886,0.0013301027231276362
751.998599719944,1.000007008724197,0.0013297490144448213
752.1984396879376,1.0000070105892054,0.001329395494197953
752.3982796559311,1.0000070124542138,0.0013290421622467647
752.5981196239247,1.0000070143192221,0.0013286890184510763
752.7979595919184,1.0000070161842305,0.0013283360626707968
752.997799559912,1.0000070180492386,0.001327983294765922
753.1976395279055,1.000007019914247,0.0013276307145965367
753.3974794958991,1.0000070217792554,0.0013272783220228117
753.5973194638927,1.0000070236442637,0.0013269261169050076
753.7971594318864,1.0000070255092721,0.0013265740991034716
753.99699939988,1.0000070273742803,0.0013262222684786388
754.1968393678735,1.0000070292392886,0.0013258706248910326
754.3966793358671,1.000007031104297,0.0013255191682012637
754.5965193038608,1.0000070329693054,0.001325167898270031
754.7963592718544,1.0000070348343135,0.0013248168149581209
754.9961992398479,1.000007036699322,0.001324465918126408
755.1960392078415,1.0000070385643303,0.001324115207635854
755.3958791758351,1.0000070404293386,0.0013237646833475093
755.5957191438288,1.0000070422943468,0.0013234143451225113
755.7955591118223,1.0000070441593552,0.001323064192822086
755.9953990798159,1.0000070460243635,0.0013227142263075465
756.1952390478095,1.0000070478893717,0.001322364445440294
756.3950790158032,1.00000704975438,0.0013220148500818177
756.5949189837967,1.0000070516193882,0.0013216654400936944
756.7947589517903,1.0000070534843966,0.0013213162153375884
756.9945989197839,1.000007055349405,0.0013209671756752523
757.1944388877776,1.000007057214413,0.0013206183209685265
757.3942788557711,1.0000070590794214,0.0013202696510793393
757.5941188237647,1.0000070609444296,0.001319921165869706
757.7939587917583,1.000007062809438,0.0013195728652017303
757.9937987597519,1.0000070646744461,0.001319224748937604
758.1936387277456,1.0000070665394545,0.001318876816939606
758.3934786957391,1.0000070684044626,0.0013185290690701044
758.5933186637327,1.000007070269471,0.0013181815051915527
758.7931586317263,1.0000070721344791,0.0013178341251664945
758.99299859972,1.0000070739994873,0.0013174869288575602
759.1928385677135,1.0000070758644957,0.0013171399161274683
759.3926785357071,1.0000070777295038,0.0013167930868390242
759.5925185037007,1.0000070795945122,0.0013164464408551226
759.7923584716943,1.0000070814595203,0.0013160999780387449
759.9921984396879,1.0000070833245285,0.0013157536982529611
760.1920384076815,1.0000070851895368,0.001315407601360928
760.3918783756751,1.000007087054545,0.001315061687225891
760.5917183436687,1.0000070889195531,0.0013147159557111833
760.7915583116622,1.0000070907845615,0.0013143704066802256
760.9913982796559,1.0000070926495697,0.0013140250399965264
761.1912382476495,1.0000070945145778,0.0013136798555236822
761.3910782156431,1.000007096379586,0.001313334853125377
761.5909181836367,1.0000070982445943,0.0013129900326653834
761.7907581516303,1.0000071001096025,0.0013126453940075608
761.9905981196239,1.0000071019746106,0.001312300937015857
762.1904380876175,1.0000071038396188,0.0013119566615543074
762.3902780556111,1.000007105704627,0.0013116125674870354
762.5901180236046,1.0000071075696353,0.0013112686546782523
762.7899579915983,1.0000071094346434,0.0013109249229922564
762.9897979595919,1.0000071112996516,0.0013105813722934347
763.1896379275855,1.0000071131646597,0.001310238002446262
763.389477895579,1.0000071150296679,0.0013098948133153003
763.5893178635727,1.000007116894676,0.0013095518047651995
763.7891578315663,1.0000071187596842,0.0013092089766606981
763.9889977995599,1.0000071206246923,0.0013088663288666215
764.1888377675534,1.0000071224897005,0.0013085238612478836
764.388677735547,1.0000071243547086,0.0013081815736694852
764.5885177035407,1.0000071262197168,0.001307839465996516
764.7883576715343,1.000007128084725,0.0013074975380941527
764.9881976395279,1.000007129949733,0.00130715578982766
765.1880376075214,1.0000071318147412,0.0013068142210623912
765.3878775755151,1.0000071336797494,0.0013064728316637857
765.5877175435087,1.0000071355447575,0.0013061316214973725
765.7875575115023,1.0000071374097657,0.001305790590428767
765.9873974794958,1.0000071392747738,0.001305449738323674
766.1872374474895,1.000007141139782,0.0013051090650478842
766.3870774154831,1.00000714300479,0.0013047685704672774
766.5869173834767,1.0000071448697982,0.0013044282544478207
766.7867573514702,1.0000071467348064,0.0013040881168555698
766.9865973194638,1.0000071485998145,0.001303748157556667
767.1864372874575,1.0000071504648225,0.0013034083764173429
767.3862772554511,1.0000071523298306,0.0013030687733039162
767.5861172234446,1.0000071541948388,0.0013027293480827936
767.7859571914382,1.000007156059847,0.0013023901006204686
767.9857971594319,1.000007157924855,0.0013020510307835233
768.1856371274255,1.000007159789863,0.0013017121384386275
768.385477095419,1.0000071616548711,0.0013013734234525393
768.5853170634126,1.0000071635198793,0.0013010348856921032
768.7851570314062,1.0000071653848872,0.0013006965250242526
768.9849969993999,1.0000071672498954,0.0013003583413160086
769.1848369673935,1.0000071691149035,0.0013000203344344801
769.384676935387,1.0000071709799114,0.0012996825042468636
769.5845169033806,1.0000071728449196,0.0012993448506204435
769.7843568713743,1.0000071747099277,0.0012990073734225917
769.9841968393679,1.0000071765749357,0.0012986700725207687
770.1840368073614,1.0000071784399438,0.0012983329477825223
770.383876775355,1.000007180304952,0.0012979959990754876
770.5837167433486,1.0000071821699599,0.0012976592262673886
770.7835567113423,1.000007184034968,0.0012973226292260364
770.9833966793358,1.000007185899976,0.00129698620781933
771.1832366473294,1.000007187764984,0.0012966499619152564
771.383076615323,1.000007189629992,0.00129631389138189
771.5829165833167,1.0000071914950002,0.0012959779960873936
771.7827565513102,1.000007193360008,0.0012956422759000175
771.9825965193038,1.0000071952250162,0.0012953067306880994
772.1824364872974,1.0000071970900242,0.0012949713603200657
772.382276455291,1.0000071989550323,0.00129463616466443
772.5821164232847,1.0000072008200402,0.0012943011435897936
772.7819563912782,1.0000072026850484,0.0012939662969648463
772.9817963592718,1.0000072045500563,0.0012936316246583647
773.1816363272654,1.0000072064150642,0.0012932971265392141
773.3814762952591,1.0000072082800724,0.0012929628024763472
773.5813162632526,1.0000072101450803,0.0012926286523388048
773.7811562312462,1.0000072120100885,0.001292294675995715
773.9809961992398,1.0000072138750964,0.001291960873316294
774.1808361672335,1.0000072157401043,0.0012916272441698459
774.380676135227,1.0000072176051122,0.0012912937884257628
774.5805161032206,1.0000072194701204,0.0012909605059535237
774.7803560712142,1.0000072213351283,0.0012906273966226966
774.9801960392078,1.0000072232001362,0.0012902944603029364
775.1800360072014,1.0000072250651444,0.0012899616968639865
775.379875975195,1.0000072269301523,0.0012896291061756772
775.5797159431886,1.0000072287951602,0.0012892966881079277
775.7795559111822,1.0000072306601682,0.0012889644425307443
775.9793958791759,1.000007232525176,0.0012886323693142214
776.1792358471694,1.0000072343901842,0.001288300468328541
776.379075815163,1.0000072362551922,0.0012879687394439729
776.5789157831566,1.0000072381202,0.0012876371825308749
776.7787557511502,1.000007239985208,0.0012873057974596923
776.9785957191438,1.000007241850216,0.0012869745841009592
777.1784356871374,1.0000072437152239,0.0012866435423252959
777.378275655131,1.0000072455802318,0.0012863126720034116
777.5781156231246,1.0000072474452397,0.0012859819730061033
777.7779555911181,1.0000072493102476,0.0012856514452042555
777.9777955591118,1.0000072511752556,0.0012853210884688402
778.1776355271054,1.0000072530402635,0.001284990902670918
778.377475495099,1.0000072549052716,0.001284660887681637
778.5773154630925,1.0000072567702796,0.0012843310433722326
778.7771554310862,1.0000072586352873,0.0012840013696140285
778.9769953990798,1.0000072605002952,0.0012836718662784363
779.1768353670734,1.0000072623653031,0.001283342533236955
779.376675335067,1.000007264230311,0.001283013370361172
779.5765153030605,1.000007266095319,0.001282684377522762
779.7763552710542,1.000007267960327,0.0012823555545934875
779.9761952390478,1.0000072698253348,0.001282026901445199
780.1760352070414,1.0000072716903428,0.001281698417949835
780.3758751750349,1.0000072735553507,0.0012813701039794216
780.5757151430286,1.0000072754203586,0.0012810419594060723
780.7755551110222,1.0000072772853665,0.001280713984101989
780.9753950790158,1.0000072791503742,0.0012803861779394615
781.1752350470093,1.0000072810153822,0.0012800585407908667
781.375075015003,1.00000728288039,0.00127973107252867
781.5749149829966,1.000007284745398,0.0012794037730254242
781.7747549509902,1.000007286610406,0.0012790766421537701
781.9745949189837,1.0000072884754136,0.0012787496797864366
782.1744348869773,1.0000072903404216,0.0012784228857962393
782.374274854971,1.0000072922054295,0.001278096260056083
782.5741148229646,1.0000072940704372,0.0012777698024389595
782.7739547909581,1.0000072959354451,0.0012774435128179488
782.9737947589517,1.000007297800453,0.001277117391066218
783.1736347269454,1.0000072996654608,0.001276791437057023
783.373474694939,1.0000073015304687,0.0012764656506637066
783.5733146629326,1.0000073033954766,0.0012761400317597004
783.7731546309261,1.0000073052604843,0.0012758145802185229
783.9729945989197,1.0000073071254922,0.0012754892959137806
784.1728345669134,1.0000073089905002,0.001275164178719168
784.372674534907,1.0000073108555079,0.0012748392285084676
784.5725145029005,1.0000073127205158,0.0012745144451555496
784.7723544708941,1.0000073145855235,0.0012741898285343715
784.9721944388878,1.0000073164505314,0.001273865378518979
785.1720344068814,1.0000073183155391,0.001273541094983506
785.3718743748749,1.000007320180547,0.0012732169778021736
785.5717143428685,1.0000073220455548,0.0012728930268492908
785.7715543108621,1.0000073239105627,0.0012725692419992545
785.9713942788558,1.0000073257755704,0.0012722456231265497
786.1712342468493,1.0000073276405783,0.001271922170105749
786.3710742148429,1.000007329505586,0.001271598882811512
786.5709141828365,1.000007331370594,0.0012712757611185877
786.7707541508302,1.0000073332356016,0.001270952804901812
786.9705941188238,1.0000073351006094,0.0012706300140361082
787.1704340868173,1.0000073369656173,0.0012703073883964884
787.3702740548109,1.000007338830625,0.0012699849278580517
787.5701140228045,1.0000073406956327,0.0012696626322959853
787.7699539907982,1.0000073425606406,0.0012693405015855644
787.9697939587917,1.0000073444256483,0.001269018535602152
788.1696339267853,1.000007346290656,0.0012686967342211983
788.3694738947789,1.000007348155664,0.0012683750973182418
788.5693138627726,1.0000073500206716,0.0012680536247689088
788.7691538307661,1.0000073518856794,0.0012677323164489139
788.9689937987597,1.000007353750687,0.0012674111722340582
789.1688337667533,1.000007355615695,0.001267090192000232
789.368673734747,1.0000073574807027,0.0012667693756234122
789.5685137027405,1.0000073593457104,0.0012664487229796645
789.7683536707341,1.000007361210718,0.001266128233945142
789.9681936387277,1.0000073630757258,0.0012658079083960854
790.1680336067213,1.0000073649407337,0.0012654877462088235
790.367873574715,1.0000073668057414,0.001265167747259773
790.5677135427085,1.0000073686707491,0.0012648479114254383
790.7675535107021,1.0000073705357568,0.0012645282385824112
790.9673934786957,1.0000073724007645,0.001264208728607372
791.1672334466894,1.0000073742657722,0.0012638893813770881
791.3670734146829,1.00000737613078,0.001263570196768416
791.5669133826765,1.0000073779957876,0.0012632511746582978
791.7667533506701,1.0000073798607954,0.0012629323149237655
791.9665933186637,1.000007381725803,0.0012626136174419377
792.1664332866573,1.0000073835908108,0.001262295082090022
792.3662732546509,1.0000073854558185,0.001261976708745312
792.5661132226445,1.0000073873208262,0.0012616584972851906
792.7659531906381,1.0000073891858339,0.001261340447587128
792.9657931586316,1.0000073910508416,0.0012610225595286826
793.1656331266253,1.0000073929158493,0.0012607048329874998
793.3654730946189,1.000007394780857,0.0012603872678413135
793.5653130626125,1.0000073966458647,0.001260069863967945
793.765153030606,1.0000073985108724,0.0012597526212453042
793.9649929985997,1.00000740037588,0.0012594355395513872
794.1648329665933,1.0000074022408878,0.0012591186187642794
794.3646729345869,1.0000074041058953,0.0012588018587621538
794.5645129025805,1.000007405970903,0.0012584852594232706
794.764352870574,1.0000074078359107,0.0012581688206259782
794.9641928385677,1.0000074097009184,0.0012578525422487126
795.1640328065613,1.000007411565926,0.001257536424169998
795.3638727745549,1.0000074134309338,0.001257220466268446
795.5637127425484,1.0000074152959413,0.0012569046684227565
795.7635527105421,1.000007417160949,0.0012565890305117162
795.9633926785357,1.0000074190259567,0.001256273552414201
796.1632326465293,1.0000074208909642,0.0012559582340091733
796.3630726145228,1.0000074227559719,0.0012556430751756846
796.5629125825164,1.0000074246209796,0.0012553280757928728
796.7627525505101,1.0000074264859873,0.0012550132357399648
796.9625925185037,1.0000074283509948,0.0012546985548962746
797.1624324864972,1.0000074302160025,0.0012543840331412045
797.3622724544908,1.00000743208101,0.0012540696703542441
797.5621124224845,1.0000074339460177,0.001253755466414971
797.7619523904781,1.0000074358110254,0.0012534414212030508
797.9617923584717,1.0000074376760328,0.001253127534598237
798.1616323264652,1.0000074395410405,0.0012528138064803703
798.3614722944588,1.000007441406048,0.0012525002367293797
798.5613122624525,1.0000074432710557,0.0012521868252252822
798.7611522304461,1.0000074451360632,0.0012518735718481818
798.9609921984396,1.000007447001071,0.0012515604764782714
799.1608321664332,1.0000074488660786,0.0012512475389958306
799.3606721344269,1.000007450731086,0.0012509347592812277
799.5605121024205,1.0000074525960936,0.0012506221372149185
799.760352070414,1.0000074544611013,0.0012503096726774463
799.9601920384076,1.0000074563261088,0.0012499973655494424
800.1600320064013,1.0000074581911165,0.0012496852157116262
800.3598719743949,1.000007460056124,0.0012493732230448047
800.5597119423884,1.0000074619211317,0.0012490613874298728
800.759551910382,1.0000074637861391,0.0012487497087478128
800.9593918783756,1.0000074656511466,0.001248438186879695
801.1592318463693,1.0000074675161543,0.001248126821706678
801.3590718143629,1.0000074693811618,0.0012478156131100079
801.5589117823564,1.0000074712461693,0.0012475045609710183
801.75875175035,1.000007473111177,0.0012471936651711308
801.9585917183437,1.0000074749761845,0.0012468829255918548
802.1584316863373,1.000007476841192,0.001246572342114788
802.3582716543308,1.0000074787061997,0.001246261914621615
802.5581116223244,1.0000074805712071,0.0012459516429941088
802.757951590318,1.0000074824362146,0.0012456415271141304
802.9577915583117,1.000007484301222,0.001245331566863628
803.1576315263052,1.0000074861662296,0.0012450217621246382
803.3574714942988,1.0000074880312373,0.0012447121127792844
803.5573114622924,1.0000074898962448,0.0012444026187097795
803.7571514302861,1.0000074917612523,0.0012440932797984224
803.9569913982796,1.0000074936262597,0.0012437840959276015
804.1568313662732,1.0000074954912672,0.0012434750669797915
804.3566713342668,1.0000074973562747,0.0012431661928375556
804.5565113022604,1.0000074992212824,0.001242857473383545
804.756351270254,1.0000075010862899,0.0012425489085004986
804.9561912382476,1.0000075029512974,0.0012422404980712426
805.1560312062412,1.0000075048163048,0.0012419322419786915
805.3558711742348,1.0000075066813123,0.0012416241401058477
805.5557111422285,1.0000075085463198,0.0012413161923358013
805.755551110222,1.0000075104113273,0.00124100839855173
805.9553910782156,1.0000075122763348,0.0012407007586368994
806.1552310462092,1.0000075141413423,0.0012403932724746628
806.3550710142028,1.0000075160063497,0.0012400859399484617
806.5549109821964,1.0000075178713572,0.0012397787609418251
806.75475095019,1.0000075197363647,0.0012394717353383699
806.9545909181836,1.0000075216013722,0.0012391648630218006
807.1544308861772,1.0000075234663797,0.0012388581438759097
807.3542708541707,1.0000075253313871,0.001238551577784578
807.5541108221644,1.0000075271963944,0.001238245164631773
807.753950790158,1.000007529061402,0.001237938904301551
807.9537907581516,1.0000075309264094,0.0012376327966780554
808.1536307261451,1.0000075327914169,0.0012373268416455182
808.3534706941388,1.0000075346564243,0.0012370210390882583
808.5533106621324,1.0000075365214318,0.001236715388890683
808.753150630126,1.000007538386439,0.0012364098909372874
808.9529905981196,1.0000075402514466,0.001236104545112654
809.1528305661132,1.000007542116454,0.0012357993513014537
809.3526705341068,1.0000075439814615,0.0012354943093884447
809.5525105021004,1.000007545846469,0.0012351894192584735
809.752350470094,1.0000075477114763,0.0012348846807964733
809.9521904380875,1.0000075495764837,0.0012345800938874671
810.1520304060812,1.0000075514414912,0.0012342756584165634
810.3518703740748,1.0000075533064985,0.0012339713742689604
810.5517103420684,1.000007555171506,0.001233667241329943
810.7515503100619,1.0000075570365135,0.0012333632594848842
810.9513902780556,1.0000075589015207,0.0012330594286192452
811.1512302460492,1.0000075607665282,0.0012327557486185743
811.3510702140428,1.0000075626315357,0.0012324522193685082
811.5509101820363,1.000007564496543,0.0012321488407547711
811.75075015003,1.0000075663615504,0.0012318456126631753
811.9505901180236,1.0000075682265577,0.0012315425349796205
812.1504300860172,1.0000075700915652,0.0012312396075900942
812.3502700540108,1.0000075719565724,0.0012309368303806724
812.5501100220043,1.00000757382158,0.0012306342032375184
812.749949989998,1.0000075756865872,0.001230331726046883
812.9497899579916,1.0000075775515946,0.0012300293986951052
813.1496299259852,1.000007579416602,0.0012297272210686119
813.3494698939787,1.0000075812816094,0.001229425193053918
813.5493098619723,1.0000075831466166,0.0012291233145376253
813.749149829966,1.0000075850116241,0.001228821585406424
813.9489897979596,1.0000075868766314,0.0012285200055470926
814.1488297659531,1.0000075887416389,0.0012282185748464967
814.3486697339467,1.0000075906066461,0.0012279172931915897
814.5485097019404,1.0000075924716534,0.001227616160469413
814.748349669934,1.0000075943366609,0.001227315176567096
814.9481896379275,1.0000075962016681,0.0012270143413718561
815.1480296059211,1.0000075980666754,0.0012267136547709978
815.3478695739147,1.0000075999316829,0.0012264131166519134
815.5477095419084,1.0000076017966901,0.001226112726902084
815.7475495099019,1.0000076036616974,0.0012258124854090777
815.9473894778955,1.0000076055267049,0.0012255123920605503
816.1472294458891,1.0000076073917121,0.0012252124467442458
816.3470694138828,1.0000076092567194,0.001224912649347996
816.5469093818764,1.0000076111217266,0.0012246129997597207
816.7467493498699,1.0000076129867341,0.0012243134978674266
816.9465893178635,1.0000076148517414,0.0012240141435592095
817.1464292858572,1.0000076167167486,0.0012237149367232518
817.3462692538508,1.000007618581756,0.0012234158772478243
817.5461092218443,1.0000076204467632,0.0012231169650212862
817.7459491898379,1.0000076223117706,0.0012228181999320831
817.9457891578315,1.000007624176778,0.0012225195818687494
818.1456291258252,1.0000076260417852,0.0012222211107199073
818.3454690938187,1.0000076279067924,0.0012219227863742666
818.5453090618123,1.0000076297717997,0.0012216246087206244
818.7451490298059,1.000007631636807,0.0012213265776478666
818.9449889977996,1.0000076335018142,0.0012210286930449663
819.1448289657931,1.0000076353668215,0.0012207309548009848
819.3446689337867,1.0000076372318287,0.0012204333628050704
819.5445089017803,1.000007639096836,0.00122013591694646
819.744348869774,1.0000076409618432,0.001219838617114478
819.9441888377676,1.0000076428268505,0.001219541463198537
820.1440288057611,1.0000076446918578,0.0012192444550881368
820.3438687737547,1.000007646556865,0.0012189475926728652
820.5437087417483,1.0000076484218723,0.001218650875842398
820.743548709742,1.0000076502868795,0.0012183543044864986
820.9433886777355,1.0000076521518868,0.0012180578784950185
821.1432286457291,1.000007654016894,0.0012177615977578967
821.3430686137227,1.0000076558819013,0.0012174654621651603
821.5429085817163,1.0000076577469086,0.0012171694716069238
821.7427485497099,1.0000076596119156,0.00121687362597339
821.9425885177035,1.0000076614769229,0.001216577925154849
822.1424284856971,1.0000076633419301,0.001216282369041679
822.3422684536907,1.0000076652069374,0.0012159869575243461
822.5421084216842,1.0000076670719447,0.0012156916904934043
822.7419483896779,1.000007668936952,0.0012153965678394947
822.9417883576715,1.000007670801959,0.001215101589453347
823.1416283256651,1.0000076726669662,0.001214806755225778
823.3414682936587,1.0000076745319735,0.0012145120650476934
823.5413082616523,1.0000076763969807,0.001214217518810086
823.7411482296459,1.0000076782619878,0.0012139231164040357
823.9409881976395,1.000007680126995,0.0012136288577207113
824.1408281656331,1.0000076819920023,0.0012133347426513694
824.3406681336267,1.0000076838570093,0.001213040771087354
824.5405081016203,1.0000076857220166,0.0012127469429200964
824.7403480696139,1.0000076875870239,0.0012124532580411167
824.9401880376075,1.000007689452031,0.0012121597163420226
825.140028005601,1.0000076913170381,0.001211866317714509
825.3398679735947,1.0000076931820452,0.0012115730620503593
825.5397079415883,1.0000076950470524,0.0012112799492414441
825.7395479095819,1.0000076969120597,0.0012109869791797224
825.9393878775754,1.0000076987770667,0.0012106941517572407
826.139227845569,1.000007700642074,0.0012104014668661333
826.3390678135627,1.000007702507081,0.0012101089243986222
826.5389077815563,1.0000077043720883,0.0012098165242470174
826.7387477495498,1.0000077062370953,0.0012095242663037174
826.9385877175434,1.0000077081021026,0.0012092321504612066
827.1384276855371,1.0000077099671096,0.001208940176612059
827.3382676535307,1.000007711832117,0.001208648344648936
827.5381076215243,1.000007713697124,0.0012083566544645863
827.7379475895178,1.000007715562131,0.001208065105951847
827.9377875575115,1.0000077174271382,0.0012077736990036422
828.1376275255051,1.0000077192921453,0.0012074824335129848
828.3374674934987,1.0000077211571525,0.001207191309372975
828.5373074614922,1.0000077230221596,0.0012069003264768006
828.7371474294858,1.0000077248871666,0.0012066094847177377
828.9369873974795,1.0000077267521739,0.00120631878398915
829.1368273654731,1.000007728617181,0.0012060282241844885
829.3366673334666,1.000007730482188,0.0012057378051972933
829.5365073014602,1.0000077323471952,0.0012054475269211908
829.7363472694539,1.0000077342122022,0.0012051573892498963
829.9361872374475,1.0000077360772093,0.0012048673920772124
830.136027205441,1.0000077379422163,0.0012045775352970294
830.3358671734346,1.0000077398072236,0.0012042878188033262
830.5357071414282,1.0000077416722306,0.0012039982424901683
830.7355471094219,1.0000077435372376,0.00120370880625171
830.9353870774155,1.0000077454022447,0.001203419509982193
831.135227045409,1.0000077472672517,0.0012031303535759471
831.3350670134026,1.000007749132259,0.0012028413369273893
831.5349069813963,1.000007750997266,0.0012025524599310249
831.7347469493899,1.000007752862273,0.001202263722481447
831.9345869173834,1.00000775472728,0.0012019751244733365
832.134426885377,1.0000077565922871,0.0012016866658014617
832.3342668533707,1.0000077584572942,0.001201398346360679
832.5341068213643,1.0000077603223012,0.0012011101660459333
832.7339467893578,1.0000077621873082,0.001200822124752256
832.9337867573514,1.0000077640523153,0.001200534222374767
833.133626725345,1.0000077659173223,0.001200246458808674
833.3334666933387,1.0000077677823294,0.0011999588339492728
833.5333066613322,1.0000077696473364,0.0011996713476919464
833.7331466293258,1.0000077715123434,0.001199383999932166
833.9329865973194,1.0000077733773505,0.0011990967905654902
834.132826565313,1.0000077752423575,0.001198809719487566
834.3326665333067,1.0000077771073645,0.0011985227865941278
834.5325065013002,1.0000077789723716,0.0011982359917809982
834.7323464692938,1.0000077808373786,0.001197949334944087
834.9321864372874,1.0000077827023857,0.001197662815979392
835.1320264052811,1.0000077845673927,0.0011973764347829995
835.3318663732746,1.0000077864323997,0.0011970901912510827
835.5317063412682,1.0000077882974066,0.0011968040852799028
835.7315463092618,1.0000077901624136,0.0011965181167658094
835.9313862772555,1.0000077920274206,0.001196232285605239
836.131226245249,1.0000077938924277,0.0011959465916947173
836.3310662132426,1.0000077957574347,0.0011956610349308557
836.5309061812362,1.0000077976224417,0.0011953756152103554
836.7307461492298,1.0000077994874486,0.0011950903324300043
836.9305861172234,1.0000078013524556,0.001194805186486679
837.130426085217,1.0000078032174626,0.0011945201772773425
837.3302660532106,1.0000078050824697,0.001194235304699047
837.5301060212042,1.0000078069474765,0.0011939505686489314
837.7299459891977,1.0000078088124835,0.001193665969024224
837.9297859571914,1.0000078106774906,0.0011933815057222387
838.129625925185,1.0000078125424974,0.0011930971786403791
838.3294658931786,1.0000078144075044,0.0011928129876761359
838.5293058611722,1.0000078162725115,0.0011925289327270874
838.7291458291658,1.0000078181375183,0.0011922450136909
838.9289857971594,1.0000078200025253,0.0011919612304653274
839.128825765153,1.0000078218675321,0.0011916775829482122
839.3286657331466,1.0000078237325392,0.0011913940710374838
839.5285057011401,1.0000078255975462,0.0011911106946311599
839.7283456691338,1.000007827462553,0.0011908274536273455
839.9281856371274,1.00000782932756,0.001190544347924234
840.128025605121,1.0000078311925669,0.0011902613774201066
840.3278655731145,1.000007833057574,0.001189978542013332
840.5277055411082,1.0000078349225807,0.0011896958416023663
840.7275455091018,1.0000078367875878,0.0011894132760857544
840.9273854770954,1.0000078386525946,0.0011891308453621284
841.1272254450889,1.0000078405176016,0.0011888485493302082
841.3270654130826,1.0000078423826084,0.0011885663878888019
841.5269053810762,1.0000078442476152,0.001188284360936805
841.7267453490698,1.0000078461126223,0.0011880024683732005
841.9265853170634,1.000007847977629,0.0011877207100970603
842.1264252850569,1.0000078498426361,0.0011874390860075435
842.3262652530506,1.000007851707643,0.0011871575960038965
842.5261052210442,1.0000078535726498,0.0011868762399854542
842.7259451890378,1.0000078554376568,0.0011865950178516391
842.9257851570313,1.0000078573026636,0.0011863139295019615
843.125625125025,1.0000078591676704,0.0011860329748360195
843.3254650930186,1.0000078610326772,0.001185752153753499
843.5253050610122,1.0000078628976843,0.0011854714661541736
843.7251450290057,1.000007864762691,0.0011851909119379052
843.9249849969993,1.000007866627698,0.001184910491004643
844.124824964993,1.0000078684927047,0.0011846302032544238
844.3246649329866,1.0000078703577118,0.001184350048587373
844.5245049009801,1.0000078722227186,0.0011840700269037034
844.7243448689737,1.0000078740877254,0.0011837901381037152
844.9241848369674,1.0000078759527322,0.001183510382087797
845.124024804961,1.000007877817739,0.0011832307587564248
845.3238647729546,1.000007879682746,0.0011829512680101631
845.5237047409481,1.0000078815477529,0.0011826719097496633
845.7235447089417,1.0000078834127597,0.0011823926838756653
845.9233846769354,1.0000078852777665,0.0011821135902889963
846.123224644929,1.0000078871427733,0.0011818346288905717
846.3230646129225,1.0000078890077801,0.0011815557995813945
846.5229045809161,1.000007890872787,0.0011812771022625553
846.7227445489098,1.0000078927377938,0.0011809985368352331
846.9225845169034,1.0000078946028006,0.0011807201032006944
847.1224244848969,1.0000078964678074,0.0011804418012602935
847.3222644528905,1.0000078983328142,0.0011801636309154723
847.5221044208841,1.000007900197821,0.0011798855920677608
847.7219443888778,1.0000079020628279,0.0011796076846187767
847.9217843568713,1.0000079039278347,0.0011793299084702257
848.1216243248649,1.0000079057928415,0.0011790522635239007
848.3214642928585,1.0000079076578483,0.001178774749681683
848.5213042608522,1.0000079095228551,0.0011784973668455421
848.7211442288457,1.000007911387862,0.0011782201149175345
848.9209841968393,1.0000079132528688,0.0011779429937998041
849.1208241648329,1.0000079151178753,0.001177666003394584
849.3206641328266,1.0000079169828822,0.0011773891436041941
849.5205041008202,1.000007918847889,0.0011771124143310425
849.7203440688137,1.0000079207128958,0.001176835815477625
849.9201840368073,1.0000079225779026,0.0011765593469465255
850.1200240048009,1.0000079244429094,0.0011762830086404147
850.3198639727946,1.000007926307916,0.0011760068004620524
850.5197039407881,1.0000079281729228,0.0011757307223142857
850.7195439087817,1.0000079300379296,0.001175454774100049
850.9193838767753,1.0000079319029365,0.0011751789557223652
851.119223844769,1.000007933767943,0.0011749032670843448
851.3190638127625,1.0000079356329499,0.0011746277080891864
851.5189037807561,1.0000079374979567,0.0011743522786401754
851.7187437487497,1.0000079393629633,0.0011740769786406863
851.9185837167433,1.00000794122797,0.0011738018079941804
852.1184236847369,1.000007943092977,0.0011735267666042075
852.3182636527305,1.0000079449579835,0.0011732518543744047
852.5181036207241,1.0000079468229903,0.0011729770712084972
852.7179435887177,1.0000079486879971,0.001172702417010298
852.9177835567114,1.0000079505530037,0.0011724278916837075
853.1176235247049,1.0000079524180105,0.0011721534951327152
853.3174634926985,1.0000079542830171,0.0011718792272613964
853.5173034606921,1.000007956148024,0.001171605087973916
853.7171434286857,1.0000079580130306,0.0011713310771745253
853.9169833966793,1.0000079598780374,0.001171057194767565
854.1168233646729,1.000007961743044,0.001170783440657462
854.3166633326665,1.0000079636080508,0.001170509814748732
854.5165033006601,1.0000079654730574,0.001170236316945978
854.7163432686536,1.0000079673380642,0.0011699629471538914
854.9161832366473,1.0000079692030708,0.0011696897052772507
855.1160232046409,1.0000079710680776,0.0011694165912209226
855.3158631726345,1.0000079729330842,0.0011691436048898618
855.515703140628,1.0000079747980908,0.0011688707461891103
855.7155431086217,1.0000079766630976,0.0011685980150237985
855.9153830766153,1.0000079785281042,0.0011683254112991436
856.1152230446089,1.000007980393111,0.0011680529349204522
856.3150630126025,1.0000079822581176,0.0011677805857931171
856.514902980596,1.0000079841231242,0.00116750836382262
856.7147429485897,1.000007985988131,0.0011672362689145298
856.9145829165833,1.0000079878531376,0.0011669643009745035
857.1144228845769,1.0000079897181442,0.0011666924599082861
857.3142628525704,1.0000079915831508,0.0011664207456217098
857.5141028205641,1.0000079934481576,0.001166149158020695
857.7139427885577,1.0000079953131642,0.00116587769701125
857.9137827565513,1.0000079971781708,0.0011656063624994708
858.1136227245448,1.0000079990431774,0.0011653351543915412
858.3134626925385,1.0000080009081842,0.0011650640725937324
858.5133026605321,1.0000080027731908,0.0011647931170124042
858.7131426285257,1.0000080046381974,0.0011645222875540037
858.9129825965192,1.000008006503204,0.001164251584125066
859.1128225645128,1.0000080083682106,0.0011639810066322138
859.3126625325065,1.0000080102332172,0.0011637105549821578
859.5125025005001,1.0000080120982238,0.0011634402290816963
859.7123424684936,1.0000080139632304,0.001163170028837716
859.9121824364872,1.0000080158282372,0.0011628999541571905
860.1120224044809,1.0000080176932438,0.0011626300049471818
860.3118623724745,1.0000080195582504,0.0011623601811148396
860.5117023404681,1.000008021423257,0.0011620904825674016
860.7115423084616,1.0000080232882635,0.001161820909212193
860.9113822764552,1.0000080251532701,0.0011615514609566264
861.1112222444489,1.0000080270182767,0.0011612821377082034
861.3110622124425,1.0000080288832833,0.0011610129393745125
861.510902180436,1.00000803074829,0.0011607438658632302
861.7107421484296,1.0000080326132965,0.001160474917082121
861.9105821164233,1.000008034478303,0.0011602060929390367
862.1104220844169,1.0000080363433095,0.0011599373933419174
862.3102620524104,1.000008038208316,0.0011596688181987913
862.510102020404,1.0000080400733227,0.0011594003674177734
862.7099419883976,1.0000080419383293,0.0011591320409070674
862.9097819563913,1.0000080438033359,0.0011588638385749645
863.1096219243848,1.0000080456683424,0.0011585957603298435
863.3094618923784,1.000008047533349,0.0011583278060801714
863.509301860372,1.0000080493983554,0.0011580599757345027
863.7091418283657,1.000008051263362,0.00115779226920148
863.9089817963593,1.0000080531283686,0.0011575246863898335
864.1088217643528,1.0000080549933752,0.001157257227208381
864.3086617323464,1.0000080568583818,0.001156989891566029
864.50850170034,1.0000080587233882,0.0011567226793717704
864.7083416683337,1.0000080605883948,0.0011564555905346871
864.9081816363272,1.0000080624534013,0.0011561886249639487
865.1080216043208,1.000008064318408,0.0011559217825688117
865.3078615723144,1.0000080661834143,0.0011556550632586208
865.5077015403081,1.000008068048421,0.0011553884669428098
865.7075415083016,1.0000080699134275,0.0011551219935308982
865.9073814762952,1.0000080717784339,0.0011548556429324948
866.1072214442888,1.0000080736434405,0.0011545894150572955
866.3070614122825,1.0000080755084468,0.0011543233098150847
866.506901380276,1.0000080773734534,0.0011540573271157338
866.7067413482696,1.00000807923846,0.0011537914668692025
866.9065813162632,1.0000080811034664,0.0011535257289855378
867.1064212842568,1.000008082968473,0.0011532601133748754
867.3062612522505,1.0000080848334794,0.001152994619947438
867.506101220244,1.000008086698486,0.0011527292486135368
867.7059411882376,1.0000080885634923,0.00115246399928357
867.9057811562312,1.000008090428499,0.001152198871868024
868.1056211242249,1.0000080922935053,0.0011519338662774733
868.3054610922184,1.0000080941585119,0.0011516689824225801
868.505301060212,1.0000080960235183,0.0011514042202140939
868.7051410282056,1.0000080978885248,0.0011511395795628522
868.9049809961992,1.0000080997535312,0.0011508750603797808
869.1048209641928,1.0000081016185376,0.0011506106625758929
869.3046609321864,1.0000081034835442,0.0011503463860622898
869.50450090018,1.0000081053485506,0.0011500822307501598
869.7043408681736,1.0000081072135572,0.0011498181965507801
869.9041808361671,1.0000081090785635,0.0011495542833755154
870.1040208041608,1.00000811094357,0.0011492904911358176
870.3038607721544,1.0000081128085765,0.0011490268197432267
870.503700740148,1.0000081146735829,0.0011487632691093712
870.7035407081416,1.0000081165385892,0.0011484998391459663
870.9033806761352,1.0000081184035958,0.0011482365297648162
871.1032206441288,1.0000081202686022,0.0011479733408778115
871.3030606121224,1.0000081221336086,0.001147710272396932
871.502900580116,1.000008123998615,0.0011474473242342443
871.7027405481095,1.0000081258636215,0.0011471844963019035
871.9025805161032,1.000008127728628,0.0011469217885121518
872.1024204840968,1.0000081295936343,0.00114665920077732
872.3022604520904,1.0000081314586406,0.0011463967330098263
872.5021004200839,1.000008133323647,0.0011461343851221766
872.7019403880776,1.0000081351886534,0.0011458721570269646
872.9017803560712,1.00000813705366,0.0011456100486368723
873.1016203240648,1.0000081389186664,0.0011453480598646688
873.3014602920583,1.0000081407836727,0.0011450861906232117
873.501300260052,1.000008142648679,0.0011448244408254456
873.7011402280456,1.0000081445136855,0.001144562810384404
873.9009801960392,1.0000081463786918,0.001144301299213207
874.1008201640327,1.0000081482436982,0.0011440399072250639
874.3006601320263,1.0000081501087046,0.0011437786343332702
874.50050010002,1.000008151973711,0.0011435174804512102
874.7003400680136,1.0000081538387173,0.0011432564454923562
874.9001800360072,1.0000081557037237,0.0011429955293702674
875.1000200040007,1.00000815756873,0.001142734731998592
875.2998599719944,1.0000081594337364,0.0011424740532910648
875.499699939988,1.0000081612987428,0.0011422134931615092
875.6995399079816,1.0000081631637492,0.0011419530515238362
875.8993798759751,1.0000081650287556,0.0011416927282920444
876.0992198439687,1.000008166893762,0.0011414325233802206
876.2990598119624,1.0000081687587683,0.0011411724367025393
876.498899779956,1.0000081706237745,0.0011409124681732623
876.6987397479495,1.0000081724887808,0.0011406526177067402
876.8985797159431,1.0000081743537872,0.00114039288521741
877.0984196839368,1.0000081762187936,0.0011401332706197983
877.2982596519304,1.0000081780838,0.0011398737738285178
877.4980996199239,1.0000081799488063,0.00113961439475827
877.6979395879175,1.0000081818138125,0.0011393551333238443
877.8977795559111,1.0000081836788188,0.001139095989440117
878.0976195239048,1.0000081855438252,0.001138836963022053
878.2974594918984,1.0000081874088316,0.001138578053984705
878.4972994598919,1.0000081892738377,0.0011383192622432133
878.6971394278855,1.000008191138844,0.0011380605877128057
878.8969793958792,1.0000081930038505,0.0011378020303087983
879.0968193638728,1.0000081948688566,0.0011375435899465948
879.2966593318663,1.000008196733863,0.0011372852665416868
879.4964992998599,1.0000081985988694,0.0011370270600096534
879.6963392678535,1.0000082004638755,0.0011367689702661621
879.8961792358472,1.0000082023288819,0.0011365109972269678
880.0960192038407,1.0000082041938883,0.0011362531408079131
880.2958591718343,1.0000082060588944,0.0011359954009249288
880.4956991398279,1.0000082079239008,0.0011357377774940329
880.6955391078216,1.000008209788907,0.001135480270431332
880.8953790758151,1.0000082116539133,0.00113522287965302
881.0952190438087,1.0000082135189197,0.0011349656050753786
881.2950590118023,1.0000082153839258,0.0011347084466147776
881.494898979796,1.0000082172489322,0.0011344514041876743
881.6947389477896,1.0000082191139383,0.001134194477710614
881.8945789157831,1.0000082209789447,0.0011339376671002299
882.0944188837767,1.0000082228439509,0.0011336809722732426
882.2942588517703,1.000008224708957,0.0011334243931464608
882.494098819764,1.0000082265739634,0.0011331679296367812
882.6939387877575,1.0000082284389695,0.001132911581661188
882.8937787557511,1.000008230303976,0.0011326553491367534
883.0936187237447,1.000008232168982,0.0011323992319806368
883.2934586917384,1.0000082340339882,0.0011321432301100863
883.4932986597319,1.0000082358989946,0.0011318873434424377
883.6931386277255,1.0000082377640007,0.0011316315718951139
883.8929785957191,1.000008239629007,0.0011313759153856262
884.0928185637127,1.0000082414940132,0.0011311203738315736
884.2926585317063,1.0000082433590194,0.0011308649471506427
884.4924984996999,1.0000082452240255,0.0011306096352606083
884.6923384676935,1.000008247089032,0.0011303544380793324
884.8921784356871,1.000008248954038,0.0011300993555247657
885.0920184036806,1.0000082508190442,0.001129844387514946
885.2918583716743,1.0000082526840504,0.0011295895339679988
885.4916983396679,1.0000082545490567,0.0011293347948021382
885.6915383076615,1.0000082564140629,0.0011290801699356651
885.8913782756551,1.000008258279069,0.0011288256592869692
886.0912182436487,1.0000082601440752,0.0011285712627745275
886.2910582116423,1.0000082620090813,0.0011283169803169048
886.4908981796359,1.0000082638740877,0.0011280628118327534
886.6907381476295,1.0000082657390938,0.001127808757240814
886.890578115623,1.0000082676041,0.001127554816459915
887.0904180836167,1.0000082694691061,0.0011273009894089726
887.2902580516103,1.0000082713341123,0.0011270472760069904
887.4900980196039,1.0000082731991184,0.0011267936761730603
887.6899379875974,1.0000082750641246,0.001126540189826362
887.8897779555911,1.0000082769291307,0.0011262868168861622
888.0896179235847,1.000008278794137,0.0011260335572718164
888.2894578915783,1.000008280659143,0.0011257804109027676
888.4892978595718,1.0000082825241492,0.0011255273776985466
888.6891378275654,1.0000082843891553,0.0011252744575787716
888.8889777955591,1.0000082862541615,0.0011250216504631494
889.0888177635527,1.0000082881191676,0.0011247689562714738
889.2886577315463,1.0000082899841738,0.001124516374923627
889.4884976995398,1.00000829184918,0.0011242639063395793
889.6883376675335,1.000008293714186,0.0011240115504393873
889.8881776355271,1.0000082955791922,0.001123759307143197
890.0880176035207,1.0000082974441984,0.0011235071763712413
890.2878575715142,1.0000082993092045,0.0011232551580438418
890.4876975395078,1.0000083011742105,0.0011230032520814068
890.6875375075015,1.0000083030392166,0.0011227514584044333
890.8873774754951,1.0000083049042228,0.0011224997769335053
891.0872174434886,1.000008306769229,0.0011222482075892957
891.2870574114822,1.000008308634235,0.0011219967502925643
891.4868973794759,1.000008310499241,0.0011217454049641585
891.6867373474695,1.0000083123642471,0.0011214941715250147
891.886577315463,1.0000083142292533,0.0011212430498961563
892.0864172834566,1.0000083160942594,0.0011209920399986942
892.2862572514503,1.0000083179592654,0.0011207411417538278
892.4860972194439,1.0000083198242715,0.001120490355082844
892.6859371874375,1.0000083216892777,0.0011202396799071175
892.885777155431,1.0000083235542838,0.0011199891161481111
893.0856171234246,1.0000083254192897,0.0011197386637273746
893.2854570914183,1.000008327284296,0.001119488322566547
893.4852970594119,1.0000083291493018,0.0011192380925873532
893.6851370274054,1.000008331014308,0.001118987973711608
893.884976995399,1.0000083328793141,0.0011187379658612123
894.0848169633927,1.00000833474432,0.001118488068958156
894.2846569313863,1.0000083366093262,0.0011182382829245158
894.4844968993798,1.0000083384743321,0.0011179886076824572
894.6843368673734,1.0000083403393383,0.001117739043154233
894.884176835367,1.0000083422043444,0.0011174895892621833
895.0840168033607,1.0000083440693504,0.001117240245928737
895.2838567713542,1.0000083459343565,0.0011169910130764105
895.4836967393478,1.0000083477993624,0.0011167418906278075
895.6835367073414,1.0000083496643684,0.00111649287850562
895.8833766753351,1.0000083515293745,0.0011162439766326275
896.0832166433286,1.0000083533943804,0.001115995184931698
896.2830566113222,1.0000083552593866,0.0011157465033257864
896.4828965793158,1.0000083571243925,0.0011154979317379357
896.6827365473094,1.0000083589893987,0.0011152494700912771
896.8825765153031,1.0000083608544046,0.0011150011183090293
897.0824164832966,1.0000083627194105,0.001114752876314499
897.2822564512902,1.0000083645844167,0.0011145047440310801
897.4820964192838,1.0000083664494226,0.001114256721382255
897.6819363872775,1.0000083683144285,0.0011140088082915937
897.881776355271,1.0000083701794347,0.001113761004682754
898.0816163232646,1.0000083720444406,0.001113513310479481
898.2814562912582,1.0000083739094465,0.001113265725605609
898.4812962592518,1.0000083757744527,0.0011130182499850586
898.6811362272454,1.0000083776394586,0.0011127708835418388
898.880976195239,1.0000083795044645,0.0011125236262000465
899.0808161632326,1.0000083813694705,0.0011122764778838663
899.2806561312262,1.0000083832344766,0.0011120294385175708
899.4804960992197,1.0000083850994825,0.0011117825080255203
899.6803360672134,1.0000083869644885,0.0011115356863321624
899.880176035207,1.0000083888294944,0.0011112889733620335
900.0800160032006,1.0000083906945003,0.0011110423690397567
900.2798559711943,1.0000083925595062,0.001110795873290044
900.4796959391878,1.0000083944245124,0.0011105494860376946
900.6795359071814,1.0000083962895183,0.0011103032072075953
900.879375875175,1.0000083981545242,0.0011100570367247214
901.0792158431686,1.0000084000195302,0.001109810974514135
901.2790558111622,1.000008401884536,0.0011095650205009877
901.4788957791558,1.000008403749542,0.0011093191746105167
901.6787357471494,1.000008405614548,0.001109073436768049
901.878575715143,1.0000084074795539,0.0011088278068989979
902.0784156831365,1.0000084093445598,0.0011085822849288655
902.2782556511302,1.0000084112095657,0.0011083368707832412
902.4780956191238,1.0000084130745717,0.0011080915643878026
902.6779355871174,1.0000084149395776,0.0011078463656683149
902.8777755551109,1.0000084168045835,0.0011076012745506309
903.0776155231046,1.0000084186695894,0.0011073562909606916
903.2774554910982,1.0000084205345954,0.0011071114148245252
903.4772954590918,1.0000084223996013,0.0011068666460682486
903.6771354270854,1.0000084242646072,0.0011066219846180658
903.876975395079,1.000008426129613,0.0011063774304002692
904.0768153630726,1.0000084279946189,0.0011061329833412382
904.2766553310662,1.0000084298596248,0.0011058886433674402
904.4764952990598,1.0000084317246307,0.0011056444104054317
904.6763352670533,1.0000084335896366,0.0011054002843818552
904.876175235047,1.0000084354546426,0.0011051562652234419
905.0760152030406,1.0000084373196483,0.0011049123528570105
905.2758551710342,1.0000084391846542,0.0011046685472094683
905.4756951390277,1.0000084410496601,0.0011044248482078094
905.6755351070213,1.000008442914666,0.001104181255779116
905.875375075015,1.0000084447796718,0.0011039377698505589
906.0752150430086,1.0000084466446777,0.0011036943903493953
906.2750550110021,1.0000084485096836,0.0011034511172029712
906.4748949789957,1.0000084503746896,0.0011032079503387202
906.6747349469894,1.0000084522396953,0.0011029648896841637
906.874574914983,1.0000084541047012,0.0011027219351669106
907.0744148829765,1.000008455969707,0.0011024790867146584
907.2742548509701,1.0000084578347128,0.0011022363442551916
907.4740948189637,1.0000084596997187,0.0011019937077163828
907.6739347869574,1.0000084615647244,0.0011017511770261923
907.873774754951,1.0000084634297304,0.0011015087521126683
908.0736147229445,1.0000084652947363,0.0011012664329039475
908.2734546909381,1.000008467159742,0.001101024219328253
908.4732946589318,1.000008469024748,0.0011007821113138965
908.6731346269254,1.0000084708897536,0.0011005401087892778
908.8729745949189,1.0000084727547596,0.001100298211682884
909.0728145629125,1.0000084746197653,0.0011000564199232902
909.2726545309062,1.0000084764847712,0.0010998147334391592
909.4724944988998,1.000008478349777,0.0010995731521592418
909.6723344668933,1.0000084802147828,0.0010993316760123768
909.8721744348869,1.0000084820797885,0.0010990903049274896
910.0720144028805,1.0000084839447945,0.001098849038833595
910.2718543708742,1.0000084858098002,0.0010986078776597952
910.4716943388677,1.0000084876748059,0.0010983668213352794
910.6715343068613,1.0000084895398118,0.0010981258697893253
910.8713742748549,1.0000084914048175,0.0010978850229512982
911.0712142428486,1.0000084932698232,0.0010976442807506515
911.2710542108422,1.0000084951348291,0.0010974036431169259
911.4708941788357,1.0000084969998349,0.0010971631099797505
911.6707341468293,1.0000084988648406,0.0010969226812688414
911.870574114823,1.0000085007298465,0.0010966823569140034
912.0704140828166,1.0000085025948522,0.0010964421368451288
912.2702540508101,1.000008504459858,0.0010962020209921975
912.4700940188037,1.0000085063248638,0.001095962009285277
912.6699339867973,1.0000085081898695,0.0010957221016545233
912.869773954791,1.0000085100548752,0.0010954822980301796
913.0696139227845,1.000008511919881,0.0010952425983425775
913.2694538907781,1.0000085137848866,0.001095003002522136
913.4692938587717,1.0000085156498926,0.0010947635104993614
913.6691338267653,1.0000085175148983,0.001094524122204849
913.8689737947589,1.000008519379904,0.0010942848375692813
914.0688137627525,1.0000085212449097,0.0010940456565234286
914.2686537307461,1.0000085231099154,0.0010938065789981486
914.4684936987397,1.000008524974921,0.0010935676049243872
914.6683336667334,1.0000085268399268,0.0010933287342331788
914.8681736347269,1.0000085287049325,0.0010930899668556444
915.0680136027205,1.0000085305699384,0.0010928513027229933
915.2678535707141,1.0000085324349441,0.001092612741766523
915.4676935387077,1.0000085342999498,0.0010923742839176183
915.6675335067013,1.0000085361649556,0.0010921359291077518
915.8673734746949,1.0000085380299613,0.0010918976772684844
916.0672134426885,1.000008539894967,0.0010916595283314643
916.2670534106821,1.0000085417599727,0.0010914214822284277
916.4668933786756,1.0000085436249784,0.0010911835388911987
916.6667333466693,1.000008545489984,0.001090945698251689
916.8665733146629,1.0000085473549896,0.0010907079602418984
917.0664132826565,1.0000085492199953,0.001090470324793914
917.26625325065,1.000008551085001,0.0010902327918399116
917.4660932186437,1.0000085529500067,0.0010899953613121537
917.6659331866373,1.0000085548150124,0.0010897580331429915
917.8657731546309,1.000008556680018,0.0010895208072648633
918.0656131226244,1.0000085585450238,0.0010892836836102963
918.265453090618,1.0000085604100295,0.0010890466621119041
918.4652930586117,1.000008562275035,0.001088809742702389
918.6651330266053,1.0000085641400407,0.0010885729253145408
918.8649729945989,1.0000085660050464,0.0010883362098812377
919.0648129625924,1.000008567870052,0.001088099596335445
919.2646529305861,1.0000085697350578,0.0010878630846102154
919.4644928985797,1.0000085716000633,0.0010876266746386908
919.6643328665733,1.000008573465069,0.0010873903663541
919.8641728345668,1.0000085753300747,0.0010871541596897596
920.0640128025605,1.0000085771950802,0.0010869180545790742
920.2638527705541,1.000008579060086,0.0010866820509555365
920.4636927385477,1.0000085809250916,0.001086446148752726
920.6635327065412,1.000008582790097,0.0010862103479043115
920.8633726745348,1.0000085846551028,0.0010859746483440481
921.0632126425285,1.0000085865201085,0.0010857390500057802
921.2630526105221,1.000008588385114,0.0010855035528234383
921.4628925785156,1.0000085902501197,0.0010852681567310423
921.6627325465092,1.0000085921151254,0.0010850328616626992
921.8625725145029,1.0000085939801309,0.0010847976675526034
922.0624124824965,1.0000085958451366,0.001084562574335038
922.2622524504901,1.000008597710142,0.0010843275819443733
922.4620924184836,1.0000085995751478,0.0010840926903150677
922.6619323864772,1.0000086014401532,0.0010838578993816672
922.8617723544709,1.000008603305159,0.0010836232090788056
923.0616123224645,1.0000086051701644,0.0010833886193412049
923.261452290458,1.0000086070351701,0.0010831541301036742
923.4612922584516,1.0000086089001756,0.001082919741301111
923.6611322264453,1.0000086107651813,0.0010826854528685006
923.8609721944389,1.0000086126301868,0.0010824512647409157
924.0608121624324,1.0000086144951923,0.0010822171768535174
924.260652130426,1.000008616360198,0.0010819831891415539
924.4604920984196,1.0000086182252035,0.0010817493015403616
924.6603320664133,1.0000086200902092,0.001081515513985365
924.8601720344068,1.0000086219552147,0.0010812818264120756
925.0600120024004,1.0000086238202202,0.0010810482387560935
925.259851970394,1.0000086256852259,0.0010808147509531064
925.4596919383877,1.0000086275502313,0.0010805813629388894
925.6595319063813,1.0000086294152368,0.001080348074649306
925.8593718743748,1.0000086312802423,0.0010801148860203071
926.0592118423684,1.000008633145248,0.0010798817969879318
926.259051810362,1.0000086350102535,0.0010796488074883061
926.4588917783557,1.000008636875259,0.0010794159174576452
926.6587317463492,1.0000086387402645,0.001079183126832251
926.8585717143428,1.0000086406052702,0.0010789504355485134
927.0584116823364,1.0000086424702757,0.0010787178435429107
927.2582516503301,1.0000086443352811,0.0010784853507520085
927.4580916183236,1.0000086462002866,0.00107825295711246
927.6579315863172,1.000008648065292,0.0010780206625610068
927.8577715543108,1.0000086499302976,0.001077788467034478
928.0576115223045,1.0000086517953033,0.0010775563704697904
928.257451490298,1.0000086536603088,0.001077324372803949
928.4572914582916,1.0000086555253143,0.001077092473974046
928.6571314262852,1.0000086573903197,0.0010768606739172619
928.8569713942788,1.0000086592553252,0.0010766289725708648
929.0568113622724,1.0000086611203307,0.001076397369872211
929.256651330266,1.0000086629853362,0.0010761658657587438
929.4564912982596,1.0000086648503417,0.0010759344601679953
929.6563312662532,1.0000086667153472,0.0010757031530375845
929.8561712342469,1.0000086685803526,0.0010754719443052186
930.0560112022404,1.0000086704453581,0.0010752408339086933
930.255851170234,1.0000086723103636,0.0010750098217858902
930.4556911382276,1.000008674175369,0.0010747789078747812
930.6555311062212,1.0000086760403746,0.001074548092113424
930.8553710742148,1.00000867790538,0.001074317374439965
931.0552110422084,1.0000086797703855,0.0010740867547926383
931.255051010202,1.000008681635391,0.0010738562331097659
931.4548909781956,1.0000086835003963,0.0010736258093297572
931.6547309461891,1.0000086853654018,0.0010733954833911101
931.8545709141828,1.0000086872304073,0.0010731652552324095
932.0544108821764,1.0000086890954127,0.0010729351247923287
932.25425085017,1.0000086909604182,0.0010727050920096286
932.4540908181635,1.0000086928254237,0.001072475156823158
932.6539307861572,1.000008694690429,0.0010722453191718533
932.8537707541508,1.0000086965554345,0.0010720155789947388
933.0536107221444,1.00000869842044,0.001071785936230927
933.253450690138,1.0000087002854454,0.0010715563908196175
933.4532906581316,1.0000087021504507,0.0010713269427000982
933.6531306261252,1.0000087040154562,0.0010710975918117448
933.8529705941188,1.0000087058804616,0.0010708683380940204
934.0528105621124,1.000008707745467,0.0010706391814864764
934.2526505301059,1.0000087096104724,0.001070410121928752
934.4524904980996,1.0000087114754779,0.0010701811593605737
934.6523304660932,1.0000087133404831,0.001069952293721756
934.8521704340868,1.0000087152054886,0.0010697235249522018
935.0520104020803,1.000008717070494,0.0010694948529919013
935.251850370074,1.0000087189354994,0.001069266277780932
935.4516903380676,1.0000087208005048,0.0010690377992594602
935.6515303060612,1.00000872266551,0.0010688094173677398
935.8513702740547,1.0000087245305156,0.0010685811320461118
936.0512102420483,1.0000087263955209,0.0010683529432350056
936.251050210042,1.0000087282605263,0.0010681248508749384
936.4508901780356,1.0000087301255318,0.001067896854906515
936.6507301460292,1.000008731990537,0.0010676689552704282
936.8505701140227,1.0000087338555423,0.0010674411519074588
937.0504100820164,1.0000087357205478,0.0010672134447584746
937.25025005001,1.000008737585553,0.0010669858337644322
937.4500900180036,1.0000087394505586,0.001066758318866375
937.6499299859971,1.0000087413155638,0.0010665309000054356
937.8497699539907,1.0000087431805693,0.001066303577122833
938.0496099219844,1.0000087450455746,0.0010660763501598744
938.249449889978,1.0000087469105798,0.0010658492190579556
938.4492898579715,1.0000087487755853,0.0010656221837585592
938.6491298259651,1.0000087506405906,0.0010653952442032557
938.8489697939588,1.0000087525055958,0.0010651684003337044
939.0488097619524,1.0000087543706013,0.0010649416520916513
939.2486497299459,1.0000087562356066,0.0010647149994189309
939.4484896979395,1.0000087581006118,0.0010644884422574652
939.6483296659331,1.0000087599656173,0.0010642619805492635
939.8481696339268,1.0000087618306226,0.0010640356142364242
940.0480096019203,1.0000087636956279,0.0010638093432611324
940.2478495699139,1.0000087655606331,0.0010635831675656613
940.4476895379075,1.0000087674256386,0.0010633570870923724
940.6475295059012,1.0000087692906439,0.0010631311017837142
940.8473694738948,1.0000087711556491,0.0010629052115822236
941.0472094418883,1.0000087730206544,0.0010626794164305252
941.2470494098819,1.0000087748856596,0.001062453716271331
941.4468893778756,1.0000087767506651,0.0010622281110474413
941.6467293458692,1.0000087786156704,0.0010620026007017438
941.8465693138627,1.0000087804806757,0.001061777185177215
942.0464092818563,1.000008782345681,0.0010615518644169178
942.2462492498499,1.0000087842106862,0.0010613266383640036
942.4460892178436,1.0000087860756914,0.0010611015069617118
942.6459291858371,1.0000087879406967,0.0010608764701533695
942.8457691538307,1.000008789805702,0.0010606515278823911
943.0456091218243,1.0000087916707072,0.0010604266800922795
943.245449089818,1.0000087935357125,0.0010602019267266247
943.4452890578115,1.0000087954007177,0.0010599772677291055
943.6451290258051,1.000008797265723,0.0010597527030434878
943.8449689937987,1.0000087991307283,0.001059528232613625
944.0448089617923,1.0000088009957335,0.0010593038563834593
944.244648929786,1.0000088028607388,0.0010590795742970198
944.4444888977795,1.000008804725744,0.001058855386298424
944.6443288657731,1.0000088065907493,0.0010586312923318766
944.8441688337667,1.0000088084557546,0.0010584072923416712
945.0440088017604,1.0000088103207598,0.0010581833862721877
945.2438487697539,1.000008812185765,0.001057959574067895
945.4436887377475,1.0000088140507701,0.0010577358556733494
945.6435287057411,1.0000088159157754,0.001057512231033195
945.8433686737347,1.0000088177807807,0.0010572887000921637
946.0432086417283,1.000008819645786,0.0010570652627950755
946.2430486097219,1.0000088215107912,0.0010568419190868372
946.4428885777155,1.0000088233757962,0.001056618668912445
946.6427285457091,1.0000088252408015,0.0010563955122169816
946.8425685137026,1.0000088271058067,0.0010561724489456183
947.0424084816963,1.000008828970812,0.0010559494790436134
947.2422484496899,1.000008830835817,0.001055726602456314
947.4420884176835,1.0000088327008223,0.0010555038191291542
947.6419283856771,1.0000088345658276,0.0010552811290076565
947.8417683536707,1.0000088364308326,0.0010550585320374306
948.0416083216643,1.0000088382958379,0.0010548360281641743
948.2414482896579,1.0000088401608431,0.0010546136173336734
948.4412882576515,1.0000088420258482,0.0010543912994918016
948.641128225645,1.0000088438908534,0.0010541690745845197
948.8409681936387,1.0000088457558587,0.0010539469425578769
949.0408081616323,1.0000088476208637,0.0010537249033580102
949.2406481296259,1.000008849485869,0.0010535029569311441
949.4404880976194,1.000008851350874,0.0010532811032235917
949.6403280656131,1.0000088532158793,0.0010530593421817522
949.8401680336067,1.0000088550808843,0.0010528376737521145
950.0400080016003,1.0000088569458896,0.0010526160978812545
950.2398479695938,1.0000088588108949,0.0010523946145158357
950.4396879375875,1.0000088606759,0.0010521732236026095
950.6395279055811,1.000008862540905,0.0010519519250884158
950.8393678735747,1.0000088644059102,0.001051730718920181
951.0392078415682,1.0000088662709152,0.0010515096050449208
951.2390478095618,1.0000088681359205,0.0010512885834097377
951.4388877775555,1.0000088700009255,0.001051067653961822
951.6387277455491,1.0000088718659308,0.0010508468166484522
951.8385677135427,1.0000088737309358,0.001050626071416995
952.0384076815362,1.0000088755959409,0.001050405418214904
952.2382476495299,1.0000088774609461,0.001050184856989721
952.4380876175235,1.0000088793259512,0.0010499643876890753
952.6379275855171,1.0000088811909562,0.0010497440102606851
952.8377675535106,1.0000088830559615,0.0010495237246523552
953.0376075215042,1.0000088849209665,0.0010493035308119785
953.2374474894979,1.0000088867859716,0.0010490834286875361
953.4372874574915,1.0000088886509768,0.001048863418227097
953.637127425485,1.0000088905159819,0.001048643499378817
953.8369673934786,1.000008892380987,0.0010484236720909408
954.0368073614723,1.000008894245992,0.0010482039363118006
954.2366473294659,1.0000088961109972,0.001047984291989816
954.4364872974594,1.0000088979760022,0.0010477647390734948
954.636327265453,1.0000088998410073,0.0010475452775114327
954.8361672334466,1.0000089017060123,0.0010473259072523128
955.0360072014403,1.0000089035710173,0.0010471066282449063
955.2358471694339,1.0000089054360224,0.0010468874404380721
955.4356871374274,1.0000089073010276,0.0010466683437807573
955.635527105421,1.0000089091660327,0.0010464493382219963
955.8353670734147,1.0000089110310377,0.0010462304237109112
956.0352070414083,1.0000089128960428,0.0010460116001967123
956.2350470094018,1.0000089147610478,0.0010457928676286983
956.4348869773954,1.0000089166260528,0.0010455742259562538
956.634726945389,1.0000089184910579,0.0010453556751288532
956.8345669133827,1.000008920356063,0.0010451372150960577
957.0344068813762,1.000008922221068,0.001044918845807517
957.2342468493698,1.000008924086073,0.0010447005672129673
957.4340868173634,1.000008925951078,0.001044482379262234
957.6339267853571,1.000008927816083,0.0010442642819052297
957.8337667533506,1.0000089296810881,0.0010440462750919547
958.0336067213442,1.0000089315460932,0.0010438283587724975
958.2334466893378,1.0000089334110982,0.0010436105328970342
958.4332866573315,1.0000089352761032,0.0010433927974158282
958.6331266253251,1.0000089371411083,0.0010431751522792317
958.8329665933186,1.000008939006113,0.0010429575974376843
959.0328065613122,1.0000089408711181,0.001042740132841713
959.2326465293058,1.0000089427361232,0.0010425227584419331
959.4324864972995,1.0000089446011282,0.0010423054741890475
959.632326465293,1.0000089464661333,0.001042088280033847
959.8321664332866,1.0000089483311383,0.00104187117592721
960.0320064012802,1.000008950196143,0.0010416541618201033
960.2318463692739,1.0000089520611481,0.0010414372376635803
960.4316863372674,1.0000089539261532,0.0010412204034087836
960.631526305261,1.0000089557911582,0.001041003659006943
960.8313662732546,1.000008957656163,0.0010407870044093757
961.0312062412482,1.000008959521168,0.0010405704395674877
961.2310462092418,1.0000089613861731,0.0010403539644327716
961.4308861772354,1.0000089632511782,0.0010401375789568087
961.630726145229,1.000008965116183,0.001039921283091268
961.8305661132226,1.000008966981188,0.001039705076787906
962.0304060812161,1.000008968846193,0.0010394889599985673
962.2302460492098,1.0000089707111979,0.0010392729326751836
962.4300860172034,1.000008972576203,0.0010390569947697757
962.629925985197,1.0000089744412077,0.0010388411462344512
962.8297659531906,1.0000089763062128,0.0010386253870214059
963.0296059211842,1.0000089781712178,0.001038409717082923
963.2294458891778,1.0000089800362226,0.001038194136371374
963.4292858571714,1.0000089819012277,0.001037978644839218
963.629125825165,1.0000089837662325,0.0010377632424390022
963.8289657931585,1.0000089856312375,0.001037547929123361
964.0288057611522,1.0000089874962423,0.001037332704845017
964.2286457291458,1.0000089893612474,0.0010371175695567806
964.4284856971394,1.0000089912262522,0.0010369025232115497
964.6283256651329,1.0000089930912572,0.001036687565762311
964.8281656331266,1.000008994956262,0.0010364726971621378
965.0280056011202,1.000008996821267,0.0010362579173641916
965.2278455691138,1.000008998686272,0.0010360432263217217
965.4276855371073,1.0000090005512767,0.001035828623988066
965.627525505101,1.0000090024162818,0.0010356141103166489
965.8273654730946,1.0000090042812866,0.0010353996852609832
966.0272054410882,1.0000090061462914,0.0010351853487746698
966.2270454090818,1.0000090080112964,0.001034971100811397
966.4268853770753,1.0000090098763013,0.0010347569413249416
966.626725345069,1.000009011741306,0.0010345428702691667
966.8265653130626,1.0000090136063111,0.0010343288875980248
967.0264052810562,1.000009015471316,0.0010341149932655556
967.2262452490497,1.0000090173363207,0.0010339011872258865
967.4260852170434,1.0000090192013258,0.0010336874694332325
967.625925185037,1.0000090210663306,0.001033473839841897
967.8257651530306,1.0000090229313354,0.001033260298406271
968.0256051210241,1.0000090247963402,0.0010330468450808331
968.2254450890177,1.000009026661345,0.00103283347982015
968.4252850570114,1.00000902852635,0.0010326202025788757
968.625125025005,1.000009030391355,0.0010324070133117525
968.8249649929985,1.0000090322563597,0.0010321939119736106
969.0248049609921,1.0000090341213645,0.0010319808985193675
969.2246449289858,1.0000090359863694,0.0010317679729040287
969.4244848969794,1.0000090378513742,0.001031555135082688
969.624324864973,1.000009039716379,0.0010313423850105263
969.8241648329665,1.000009041581384,0.0010311297226428128
970.0240048009601,1.0000090434463889,0.001030917147934904
970.2238447689538,1.0000090453113937,0.0010307046608422448
970.4236847369474,1.0000090471763985,0.0010304922613203675
970.6235247049409,1.0000090490414033,0.0010302799493248926
970.8233646729345,1.0000090509064081,0.0010300677248115276
971.0232046409282,1.000009052771413,0.001029855587736069
971.2230446089218,1.0000090546364178,0.0010296435380544
971.4228845769153,1.0000090565014226,0.0010294315757224926
971.6227245449089,1.0000090583664274,0.0010292197006964055
971.8225645129025,1.0000090602314322,0.0010290079129322862
972.0224044808962,1.0000090620964368,0.0010287962123863696
972.2222444488897,1.0000090639614416,0.001028584599014978
972.4220844168833,1.0000090658264464,0.0010283730727745223
972.6219243848769,1.0000090676914513,0.0010281616336215008
972.8217643528706,1.000009069556456,0.0010279502815124994
973.0216043208641,1.000009071421461,0.0010277390164041926
973.2214442888577,1.0000090732864657,0.0010275278382533416
973.4212842568513,1.0000090751514703,0.0010273167470167962
973.621124224845,1.0000090770164751,0.0010271057426514936
973.8209641928386,1.00000907888148,0.0010268948251144594
974.0208041608321,1.0000090807464848,0.0010266839943628065
974.2206441288257,1.0000090826114896,0.0010264732503537353
974.4204840968193,1.0000090844764942,0.0010262625930445345
974.620324064813,1.000009086341499,0.001026052022392581
974.8201640328065,1.0000090882065038,0.0010258415383553388
975.0200040008001,1.0000090900715084,0.0010256311408903596
975.2198439687937,1.0000090919365132,0.0010254208299552837
975.4196839367874,1.000009093801518,0.0010252106055078385
975.6195239047809,1.0000090956665229,0.0010250004675058397
975.8193638727745,1.0000090975315274,0.0010247904159071904
976.0192038407681,1.0000090993965323,0.0010245804506698816
976.2190438087617,1.0000091012615369,0.0010243705717519925
976.4188837767553,1.0000091031265417,0.0010241607791116895
976.6187237447489,1.0000091049915465,0.0010239510727072273
976.8185637127425,1.000009106856551,0.0010237414524969482
977.0184036807361,1.000009108721556,0.0010235319184392824
977.2182436487298,1.0000091105865605,0.0010233224704927473
977.4180836167233,1.0000091124515653,0.0010231131086159495
977.6179235847169,1.00000911431657,0.0010229038327675822
977.8177635527105,1.0000091161815747,0.0010226946429064264
978.0176035207041,1.0000091180465793,0.0010224855389913518
978.2174434886977,1.0000091199115841,0.0010222765209813155
978.4172834566913,1.0000091217765887,0.0010220675888353615
978.6171234246849,1.0000091236415936,0.001021858742512623
978.8169633926785,1.0000091255065982,0.0010216499819723204
979.016803360672,1.0000091273716027,0.001021441307173762
979.2166433286657,1.0000091292366076,0.0010212327180763436
979.4164832966593,1.0000091311016122,0.0010210242146395487
979.6163232646529,1.000009132966617,0.0010208157968229496
979.8161632326464,1.0000091348316216,0.0010206074645862059
980.0160032006401,1.0000091366966262,0.001020399217889064
980.2158431686337,1.000009138561631,0.0010201910566913597
980.4156831366273,1.0000091404266356,0.0010199829809530154
980.6155231046209,1.0000091422916402,0.001019774990634042
980.8153630726144,1.000009144156645,0.0010195670856945384
981.0152030406081,1.0000091460216496,0.0010193592660946902
981.2150430086017,1.0000091478866542,0.001019151531794772
981.4148829765953,1.0000091497516588,0.0010189438827551457
981.6147229445888,1.0000091516166636,0.001018736318936261
981.8145629125825,1.0000091534816682,0.0010185288402986552
982.0144028805761,1.0000091553466728,0.001018321446802954
982.2142428485697,1.0000091572116774,0.0010181141384098705
982.4140828165632,1.000009159076682,0.0010179069150802055
982.6139227845568,1.0000091609416866,0.0010176997767748477
982.8137627525505,1.0000091628066914,0.001017492723454774
983.0136027205441,1.000009164671696,0.0010172857550810486
983.2134426885376,1.0000091665367006,0.001017078871614824
983.4132826565312,1.0000091684017052,0.00101687207301734
983.6131226245249,1.0000091702667098,0.0010166653592499242
983.8129625925185,1.0000091721317144,0.0010164587302739928
984.0128025605121,1.000009173996719,0.0010162521860510485
984.2126425285056,1.0000091758617236,0.0010160457265426834
984.4124824964993,1.0000091777267281,0.001015839351710576
984.6123224644929,1.0000091795917327,0.0010156330615164932
984.8121624324865,1.0000091814567373,0.00101542685592229
985.01200240048,1.000009183321742,0.0010152207348899085
985.2118423684736,1.0000091851867465,0.0010150146983813793
985.4116823364673,1.0000091870517511,0.0010148087463588205
985.6115223044609,1.0000091889167557,0.0010146028787844379
985.8113622724544,1.0000091907817603,0.0010143970956205252
986.011202240448,1.000009192646765,0.001014191396829464
986.2110422084417,1.0000091945117695,0.0010139857823737238
986.4108821764353,1.0000091963767739,0.0010137802522158612
986.6107221444288,1.0000091982417785,0.001013574806318522
986.8105621124224,1.000009200106783,0.0010133694446444383
987.010402080416,1.0000092019717877,0.001013164167156431
987.2102420484097,1.0000092038367923,0.0010129589738174084
987.4100820164032,1.0000092057017969,0.0010127538645903669
987.6099219843968,1.0000092075668012,0.0010125488394383902
987.8097619523904,1.0000092094318058,0.00101234389832465
988.0096019203841,1.0000092112968104,0.0010121390412124063
988.2094418883777,1.000009213161815,0.0010119342680650063
988.4092818563712,1.0000092150268194,0.0010117295788458856
988.6091218243648,1.000009216891824,0.001011524973518567
988.8089617923584,1.0000092187568286,0.0010113204520466612
989.0088017603521,1.000009220621833,0.0010111160143938672
989.2086417283456,1.0000092224868375,0.0010109116605239712
989.4084816963392,1.0000092243518421,0.001010707390400848
989.6083216643328,1.0000092262168465,0.0010105032039884588
989.8081616323265,1.000009228081851,0.0010102991012508541
990.00800160032,1.0000092299468557,0.0010100950821521717
990.2078415683136,1.00000923181186,0.0010098911466566367
990.4076815363072,1.0000092336768647,0.0010096872947285632
990.6075215043008,1.000009235541869,0.0010094835263323512
990.8073614722944,1.0000092374068736,0.001009279841432491
991.007201440288,1.0000092392718782,0.001009076239993558
991.2070414082816,1.0000092411368826,0.0010088727219802179
991.4068813762752,1.0000092430018872,0.0010086692873572225
991.6067213442689,1.0000092448668916,0.0010084659360894118
991.8065613122624,1.0000092467318962,0.0010082626681417145
992.006401280256,1.0000092485969005,0.001008059483479146
992.2062412482496,1.000009250461905,0.0010078563820668097
992.4060812162433,1.0000092523269095,0.0010076533638698972
992.6059211842368,1.0000092541919139,0.001007450428853688
992.8057611522304,1.0000092560569185,0.0010072475769835488
993.005601120224,1.0000092579219229,0.0010070448082249348
993.2054410882176,1.0000092597869275,0.001006842122543388
993.4052810562112,1.0000092616519318,0.0010066395199045397
993.6051210242048,1.0000092635169362,0.0010064370002741078
993.8049609921984,1.0000092653819408,0.001006234563617898
994.004800960192,1.0000092672469452,0.0010060322099018047
994.2046409281855,1.0000092691119495,0.00100582993909181
994.4044808961792,1.000009270976954,0.0010056277511539824
994.6043208641728,1.0000092728419585,0.0010054256460544798
994.8041608321664,1.0000092747069629,0.001005223623759547
995.00400080016,1.0000092765719673,0.0010050216842355177
995.2038407681536,1.0000092784369716,0.0010048198274488118
995.4036807361472,1.0000092803019762,0.0010046180533659383
995.6035207041408,1.0000092821669806,0.0010044163619534934
995.8033606721344,1.000009284031985,0.0010042147531781614
996.003200640128,1.0000092858969893,0.0010040132270067144
996.2030406081216,1.0000092877619937,0.001003811783406012
996.4028805761152,1.0000092896269983,0.0010036104223430018
996.6027205441088,1.0000092914920027,0.0010034091437847192
996.8025605121023,1.000009293357007,0.0010032079476982876
997.002400480096,1.0000092952220114,0.0010030068340509176
997.2022404480896,1.0000092970870158,0.0010028058028099087
997.4020804160832,1.0000092989520202,0.0010026048539426469
997.6019203840767,1.0000093008170245,0.001002403987416607
997.8017603520703,1.000009302682029,0.0010022032031993516
998.001600320064,1.0000093045470333,0.00100200250125853
998.2014402880576,1.0000093064120377,0.0010018018815618806
998.4012802560511,1.000009308277042,0.0010016013440772291
998.6011202240447,1.0000093101420464,0.0010014008887724887
998.8009601920384,1.0000093120070508,0.0010012005156156611
999.000800160032,1.0000093138720552,0.0010010002245748352
999.2006401280256,1.0000093157370595,0.0010008000156181878
999.4004800960191,1.000009317602064,0.001000599888713984
999.6003200640127,1.0000093194670683,0.001000399843830576
999.8001600320064,1.0000093213320727,0.0010001998809364043
1000.0,1.000009323197077,0.0009999999999999972
