Title: The 4th Fermi-GBM Gamma-Ray Burst Catalog: A Decade of Data 
Authors: von Kienlin A., Meegan C.A., Paciesas W.S., Bhat P.N., Bissaldi E., 
         Briggs M.S., Burns E., Cleveland W.H., Gibby M.H., Giles M.M., 
         Goldstein A., Hamburg R., Hui C.M., Kocevski D., Mailyan B., 
         Malacaria C., Poolakkil S., Preece R.D., Roberts O.J., 
         Veres P., Wilson-Hodge C.A. 
Table: GRB Fluence & Peak Flux (50-300 keV)
================================================================================
Byte-by-byte Description of file: apjab7a18t7_mrt.txt
--------------------------------------------------------------------------------
   Bytes Format Units       Label    Explanations
--------------------------------------------------------------------------------
   1- 11 A11    ---         ID       Trigger identifier
  13- 20 E8.2   10-7J/cm2   Fluence  Fluence; erg/cm^2^
  22- 29 E8.2   10-7J/cm2 e_Fluence  Uncertainty in Fluence  
  31- 36 F6.2   ph/cm2/s    PF64     Peak flux on the 0.064 s timescale
  38- 42 F5.2   ph/cm2/s  e_PF64     Uncertainty in PF64  
  44- 49 F6.2   ph/cm2/s    PF256    Peak flux on the 0.256 s timescale
  51- 54 F4.2   ph/cm2/s  e_PF256    Uncertainty in PF256  
  56- 61 F6.2   ph/cm2/s    PF1024   Peak flux on the 1.024 s timescale
  63- 66 F4.2   ph/cm2/s  e_PF1024   Uncertainty in PF1024  
--------------------------------------------------------------------------------
bn080714086 3.54E-07 1.73E-08   1.52  0.74   0.91 0.36   0.43 0.18 
bn080714425 9.79E-07 1.36E-08   1.03  0.45   0.71 0.19   0.46 0.08 
bn080714745 3.26E-06 6.03E-08   4.41  1.66   3.27 0.71   2.82 0.36 
bn080715950 2.54E-06 3.52E-08  10.70  0.95   6.61 0.45   3.83 0.22 
bn080717543 2.37E-06 4.51E-08   2.14  1.03   1.30 0.47   1.05 0.23 
bn080719529 3.88E-07 1.47E-08   0.59  0.18   0.32 0.08   0.23 0.04 
bn080720316 3.88E-07 1.47E-08   0.59  0.18   0.32 0.08   0.23 0.04 
bn080723557 3.92E-05 1.15E-07  21.19  1.79  19.81 1.09  15.14 0.48 
bn080723913 7.45E-08 5.19E-09   2.62  0.66   2.14 0.32   0.69 0.13 
bn080723985 1.57E-05 1.07E-07   5.92  1.23   5.17 0.54   4.85 0.28 
bn080724401 8.65E-06 2.51E-08  10.71  0.66   8.75 0.30   4.76 0.12 
bn080725435 4.18E-06 2.29E-08   2.48  0.77   1.64 0.32   1.38 0.17 
bn080725541 2.57E-07 2.20E-08   2.99  0.78   2.32 0.36   0.92 0.13 
bn080727964 6.45E-06 4.22E-08   2.65  0.48   2.17 0.33   1.71 0.17 
bn080730520 3.00E-06 5.87E-08   3.70  0.75   2.81 0.41   2.48 0.21 
bn080730786 3.96E-06 4.39E-08   8.75  0.90   8.50 0.45   7.06 0.22 
bn080802386 2.54E-07 3.46E-09   6.33  1.12   3.48 0.50   1.38 0.22 
bn080803772 2.66E-06 3.19E-08   1.86  0.35   1.38 0.29   1.11 0.11 
bn080804456 3.56E-06 1.50E-08   1.40  0.39   0.90 0.16   0.73 0.07 
bn080804972 5.29E-06 5.50E-08   2.52  0.68   2.08 0.37   1.85 0.16 
bn080805496 6.82E-07 2.22E-08   1.10  0.37   0.78 0.17   0.47 0.07 
bn080805584 2.27E-06 3.37E-08   1.66  0.78   0.76 0.32   0.51 0.18 
bn080806584 2.38E-07 1.13E-08   1.19  0.62   1.08 0.32   0.75 0.16 
bn080806896 6.16E-06 1.01E-07   3.83  0.85   3.51 0.42   2.72 0.21 
bn080807993 2.75E-06 2.96E-08   9.23  0.82   7.14 0.39   4.12 0.18 
bn080808451 4.11E-07 2.18E-08   1.21  0.45   0.91 0.23   0.72 0.14 
bn080808565 2.13E-06 2.22E-08   2.45  0.74   1.83 0.44   1.67 0.20 
bn080808772 3.37E-06 2.79E-08   1.52  0.41   0.75 0.20   0.47 0.08 
bn080809808 2.06E-06 2.34E-08   2.59  1.19   1.96 0.58   1.23 0.26 
bn080810549 5.37E-06 2.26E-08   2.88  0.52   2.30 0.23   1.75 0.10 
bn080812889 1.57E-06 1.92E-08   1.68  0.71   1.27 0.37   0.82 0.18 
bn080815917 2.78E-07 1.50E-08   2.62  0.88   2.09 0.46   1.40 0.20 
bn080816503 8.23E-06 5.04E-08   5.64  0.71   4.38 0.35   3.06 0.18 
bn080816989 8.14E-07 2.50E-08   4.11  0.62   3.22 0.29   2.25 0.13 
bn080817161 2.56E-05 3.50E-08   8.14  1.04   6.94 0.52   6.65 0.24 
bn080817720 5.51E-07 1.13E-08   4.17  0.92   2.02 0.53   1.38 0.21 
bn080818579 2.10E-06 3.33E-08   3.71  0.77   3.03 0.40   2.14 0.19 
bn080818945 8.43E-07 1.07E-08   2.41  0.73   1.60 0.43   1.20 0.19 
bn080821332 2.20E-06 1.07E-08   5.49  1.03   4.80 0.59   4.31 0.27 
bn080823363 3.19E-06 2.20E-08   2.23  0.79   1.72 0.46   1.39 0.21 
bn080824909 1.58E-06 3.47E-08   5.94  0.96   5.14 0.52   2.93 0.23 
bn080825593 2.05E-05 5.81E-08  16.65  1.09  15.29 0.60  12.66 0.27 
bn080828189 3.05E-07 1.10E-08   2.12  0.53   1.86 0.29   0.76 0.12 
bn080829790 1.36E-06 1.33E-08   2.77  0.99   2.12 0.54   1.71 0.24 
bn080830368 3.83E-06 6.16E-08   2.99  0.73   2.57 0.38   2.29 0.18 
bn080831053 3.91E-08 9.59E-09   2.68  0.58   0.51 0.22   0.15 0.10 
bn080831921 5.09E-06 2.44E-08   2.24  0.93   1.46 0.49   1.24 0.21 
bn080904886 2.13E-06 3.72E-08   3.79  1.23   3.63 0.57   2.92 0.28 
bn080905499 3.17E-07 1.25E-08   4.55  0.57   3.09 0.31   1.31 0.14 
bn080905570 2.27E-06 3.05E-08   1.81  1.22   1.55 0.57   1.19 0.27 
bn080905705 1.61E-06 2.07E-08   1.13  0.42   0.79 0.16   0.58 0.07 
bn080906212 3.86E-06 7.35E-08  13.02  0.75  12.23 0.37  10.19 0.17 
bn080912360 1.10E-06 1.67E-08   1.23  0.58   0.94 0.29   0.78 0.15 
bn080913735 2.12E-06 4.71E-08   2.70  0.81   1.92 0.40   1.32 0.18 
bn080916009 2.75E-05 3.80E-08   7.32  0.69   6.92 0.33   6.28 0.16 
bn080916406 4.73E-06 4.63E-08   4.20  0.67   2.74 0.30   2.08 0.13 
bn080919790 2.36E-08 2.95E-09   0.99  0.30   0.57 0.12   0.15 0.05 
bn080920268 9.41E-07 2.87E-08   1.19  0.57   0.68 0.24   0.50 0.11 
bn080924766 2.52E-06 3.56E-08   2.29  0.69   1.96 0.36   1.61 0.17 
bn080925775 1.02E-05 2.27E-08   8.58  0.91   7.70 0.46   6.90 0.23 
bn080927480 1.67E-06 5.31E-08   1.44  0.44   1.01 0.22   0.64 0.08 
bn080928628 5.97E-07 1.61E-08   1.69  0.31   1.30 0.16   0.83 0.07 
bn081003644 3.49E-06 3.79E-08   2.56  0.98   2.07 0.46   1.03 0.22 
bn081006604 3.77E-07 9.95E-09   3.06  0.62   1.41 0.30   0.47 0.07 
bn081006872 2.39E-07 1.10E-08   1.99  0.50   0.99 0.17   0.45 0.07 
bn081008832 2.37E-06 2.97E-08   2.03  0.48   1.22 0.18   0.93 0.08 
bn081009140 1.40E-05 1.63E-08  39.93  2.49  36.75 1.23  30.43 0.61 
bn081009690 4.28E-06 1.54E-08   3.98  0.68   2.90 0.29   2.49 0.12 
bn081012045 1.33E-07 2.43E-08   1.82  0.37   1.31 0.15   0.89 0.07 
bn081012549 1.80E-06 4.24E-08   1.45  0.69   1.02 0.31   0.90 0.13 
bn081017474 7.33E-07 1.15E-08   1.78  0.45   0.91 0.17   0.69 0.08 
bn081021398 3.62E-06 5.75E-08   2.86  1.07   2.24 0.47   1.81 0.23 
bn081022364 7.17E-07 1.88E-08   1.41  0.38   0.99 0.19   0.79 0.09 
bn081024245 7.88E-08 9.11E-09   3.78  0.81   1.50 0.24   0.57 0.09 
bn081024851 3.44E-06 3.78E-08   1.82  0.73   1.02 0.37   0.70 0.18 
bn081024891 2.07E-07 1.41E-08   3.60  0.56   1.93 0.26   1.07 0.14 
bn081025349 3.32E-06 5.82E-08   2.98  0.68   2.60 0.36   2.14 0.17 
bn081028538 1.28E-06 1.52E-08   3.14  0.85   2.63 0.43   2.01 0.21 
bn081101167 7.26E-07 3.24E-08   1.73  0.53   0.92 0.26   0.58 0.12 
bn081101491 8.60E-08 1.50E-09   3.32  0.80   1.75 0.37   0.43 0.15 
bn081101532 6.81E-06 1.39E-07   6.24  1.39   5.64 0.64   4.96 0.31 
bn081102365 5.21E-07 1.81E-08   2.91  0.57   2.27 0.29   1.38 0.14 
bn081102739 2.28E-06 5.56E-08   1.83  0.76   1.34 0.40   0.92 0.17 
bn081105614 8.46E-08 8.58E-09   3.50  0.69   1.21 0.24   0.32 0.09 
bn081107321 6.78E-07 1.59E-08   5.08  0.79   4.39 0.40   3.05 0.19 
bn081109293 3.39E-06 2.80E-08   1.70  0.70   1.07 0.40   0.79 0.19 
bn081110601 3.06E-06 4.74E-08  11.00  1.02   9.31 0.57   7.13 0.27 
bn081113230 1.75E-07 1.85E-08   3.96  0.99   2.78 0.47   1.15 0.18 
bn081115891 4.63E-08 6.74E-09   2.70  0.50   0.97 0.15   0.35 0.05 
bn081118876 2.71E-06 1.99E-08   3.41  0.77   2.59 0.37   2.32 0.18 
bn081119184 6.14E-08 9.29E-09   2.43  0.65   1.11 0.22   0.42 0.08 
bn081120618 8.64E-07 1.04E-08   1.67  0.45   1.38 0.22   1.20 0.11 
bn081121858 8.47E-06 1.20E-07   7.16  1.25   5.69 0.75   3.50 0.37 
bn081122520 4.61E-06 4.46E-08   9.44  1.05   8.97 0.52   6.09 0.24 
bn081122614 7.05E-08 4.38E-09   3.62  0.51   1.86 0.19   0.45 0.06 
bn081124060 2.07E-06 2.86E-08   2.17  1.15   2.14 0.55   1.74 0.30 
bn081125496 1.10E-05 8.32E-08  14.90  1.83  14.47 0.90  12.76 0.43 
bn081126899 5.37E-06 3.22E-08   4.28  0.81   3.72 0.39   3.34 0.19 
bn081129161 8.46E-06 7.31E-08   9.78  1.26   9.09 0.64   6.91 0.31 
bn081130212 9.50E-08 1.20E-08   1.22  0.47   0.86 0.20   0.41 0.08 
bn081130629 1.57E-06 2.65E-08   2.98  0.57   2.09 0.24   1.71 0.11 
bn081204004 7.08E-07 3.46E-08   2.77  0.66   2.05 0.30   1.45 0.15 
bn081204517 1.75E-07 8.22E-09   6.45  0.83   3.26 0.36   0.93 0.13 
bn081206275 2.52E-06 4.39E-08   2.01  0.80   1.30 0.41   0.89 0.16 
bn081206604 2.62E-07 1.86E-08   0.66  0.24   0.54 0.12   0.45 0.06 
bn081206987 6.49E-07 1.77E-08   0.85  0.41   0.60 0.14   0.41 0.06 
bn081207680 2.61E-05 5.93E-08   3.34  0.73   2.74 0.34   2.41 0.17 
bn081209981 4.17E-07 6.89E-09  11.82  1.21   6.88 0.54   1.82 0.22 
bn081213173 5.63E-08 9.37E-09   2.96  0.58   1.19 0.20   0.36 0.06 
bn081215784 2.32E-05 2.51E-08  70.61  2.13  57.89 1.00  31.29 0.39 
bn081215880 1.04E-06 1.66E-08   3.08  0.74   2.33 0.34   1.33 0.13 
bn081216531 9.46E-07 3.24E-08  16.66  1.27  13.12 0.57   4.17 0.21 
bn081217983 5.29E-06 7.06E-08   3.50  0.64   2.98 0.30   2.67 0.16 
bn081221681 1.78E-05 3.72E-08  12.01  1.36  11.38 0.64  11.06 0.32 
bn081222204 6.94E-06 5.26E-08   6.63  0.93   5.93 0.45   5.30 0.23 
bn081223419 5.04E-07 9.49E-09   7.70  0.88   6.76 0.42   2.68 0.18 
bn081224887 1.69E-05 7.74E-08  13.46  1.08  13.18 0.55  12.85 0.27 
bn081225257 2.35E-06 3.02E-08   1.30  0.63   0.76 0.29   0.64 0.14 
bn081226044 2.07E-07 1.46E-08   3.32  0.83   2.97 0.39   1.04 0.13 
bn081226156 2.42E-06 2.27E-08   1.80  0.46   1.24 0.19   0.92 0.08 
bn081226509 1.93E-07 7.25E-09   5.13  0.78   3.46 0.33   0.95 0.13 
bn081229187 2.81E-07 3.55E-08   2.66  0.60   2.27 0.33   0.75 0.16 
bn081229675 6.99E-08 1.52E-08   5.37  0.75   1.91 0.23   0.44 0.09 
bn081230871 9.14E-08 7.74E-09   2.37  0.62   0.98 0.30   0.51 0.15 
bn081231140 9.08E-06 6.37E-08   7.30  1.05   6.62 0.50   4.96 0.23 
bn090101758 6.96E-06 6.05E-08   6.44  0.95   5.52 0.55   4.84 0.28 
bn090102122 1.30E-05 3.02E-08  10.01  0.97   8.50 0.47   6.45 0.21 
bn090107681 1.71E-06 5.67E-08   2.37  1.63   1.62 0.69   0.97 0.33 
bn090108020 5.17E-07 9.23E-09  13.13  0.75   8.97 0.32   3.09 0.11 
bn090108322 1.83E-07 7.72E-09   4.65  0.68   3.46 0.29   0.90 0.09 
bn090109332 1.07E-07 9.15E-09   1.94  0.82   1.00 0.47   0.48 0.22 
bn090112332 2.15E-06 3.66E-08   3.44  0.60   2.78 0.27   1.84 0.11 
bn090112729 5.54E-06 5.44E-08   7.42  1.32   7.13 0.63   5.86 0.29 
bn090113778 8.27E-07 2.60E-08   3.61  0.71   2.56 0.36   1.69 0.17 
bn090117335 6.96E-07 2.37E-08   1.97  0.50   1.55 0.23   1.24 0.11 
bn090117632 5.19E-06 2.49E-08   2.68  0.59   1.92 0.28   1.66 0.13 
bn090117640 9.85E-07 2.16E-08   2.82  0.98   2.68 0.49   1.74 0.21 
bn090120627 3.82E-07 1.07E-08   2.54  0.63   1.66 0.30   0.93 0.15 
bn090126227 4.92E-07 9.30E-09   1.47  0.67   0.93 0.37   0.77 0.18 
bn090126245 2.02E-07 1.06E-08   2.41  0.48   1.39 0.23   0.86 0.11 
bn090129880 2.70E-06 2.81E-08   3.92  0.77   2.88 0.43   2.66 0.21 
bn090131090 8.64E-06 2.82E-08  13.77  1.52  12.75 0.74   9.21 0.35 
bn090202347 2.93E-06 1.37E-08   4.00  0.77   3.49 0.40   2.74 0.20 
bn090206620 2.61E-07 6.55E-09   6.58  0.73   4.33 0.31   1.21 0.09 
bn090207777 1.43E-06 2.25E-08   1.86  0.40   1.37 0.18   0.91 0.07 
bn090213236 6.61E-07 3.28E-08   1.33  0.43   0.84 0.20   0.47 0.10 
bn090217206 1.14E-05 1.79E-08   6.91  0.69   5.52 0.32   4.51 0.14 
bn090219074 9.30E-08 2.58E-08   2.78  0.97   1.58 0.40   0.68 0.15 
bn090222179 1.93E-06 3.04E-08   2.16  0.70   1.67 0.33   1.29 0.17 
bn090225009 7.22E-08 8.10E-09   1.05  0.68   0.64 0.13   0.29 0.07 
bn090227310 1.50E-06 1.17E-08   3.91  0.61   1.75 0.20   1.25 0.09 
bn090227772 1.81E-06 6.24E-09  38.43  1.48  23.81 0.62   6.61 0.17 
bn090228204 1.76E-06 1.32E-08  60.99  2.19  25.46 0.70   7.22 0.19 
bn090228976 5.42E-07 3.88E-08   1.14  0.38   0.83 0.15   0.60 0.08 
bn090301315 1.14E-06 1.62E-08   2.06  0.63   1.58 0.35   1.34 0.18 
bn090304216 4.80E-07 5.26E-08   1.80  0.52   1.28 0.36   0.84 0.14 
bn090305052 7.73E-07 6.47E-09   4.89  0.51   4.08 0.28   2.68 0.15 
bn090306245 7.13E-07 1.93E-08   1.27  0.35   0.67 0.15   0.41 0.06 
bn090307167 5.54E-07 2.03E-08   0.81  0.26   0.46 0.17   0.32 0.06 
bn090308734 1.01E-06 1.36E-08   6.20  0.71   4.78 0.34   3.04 0.17 
bn090309767 2.28E-06 3.76E-08   2.00  0.74   1.30 0.43   1.00 0.19 
bn090310189 3.00E-06 3.28E-08   2.90  0.80   1.83 0.40   1.39 0.20 
bn090316311 5.72E-07 1.09E-08   4.25  0.52   3.05 0.29   1.17 0.11 
bn090319622 3.49E-06 3.38E-08   2.12  0.49   1.39 0.18   0.99 0.09 
bn090320045 2.49E-07 1.15E-08   0.93  0.58   0.80 0.25   0.55 0.13 
bn090320418 4.96E-07 1.77E-08   1.49  0.49   1.05 0.31   0.74 0.14 
bn090320801 8.84E-07 3.26E-08   2.00  0.47   1.50 0.21   0.99 0.10 
bn090323002 5.39E-05 2.61E-08   9.16  0.66   8.23 0.34   7.16 0.16 
bn090326633 8.79E-07 3.09E-08   1.90  0.82   1.54 0.45   1.27 0.22 
bn090327404 1.57E-06 2.92E-08   1.65  0.70   1.20 0.31   0.98 0.17 
bn090328401 1.97E-05 3.81E-08  11.90  0.84  11.06 0.41   8.30 0.18 
bn090328713 7.15E-08 1.02E-08   5.80  0.55   2.53 0.20   0.61 0.06 
bn090330279 8.23E-06 2.66E-08   3.63  0.48   3.36 0.25   2.89 0.11 
bn090331681 1.73E-07 1.74E-08   3.98  0.82   1.93 0.35   1.00 0.16 
bn090403314 6.33E-07 1.07E-08   1.41  0.40   0.77 0.13   0.49 0.06 
bn090405663 1.43E-07 1.56E-08   4.00  0.53   2.35 0.23   0.71 0.10 
bn090409288 5.68E-07 3.07E-08   1.12  0.75   0.95 0.38   0.44 0.18 
bn090411838 3.80E-06 6.37E-08   4.45  0.88   3.65 0.49   2.65 0.22 
bn090411991 3.59E-06 5.61E-08   3.84  0.96   3.02 0.50   2.04 0.25 
bn090412061 7.36E-08 7.83E-09   2.37  0.57   1.70 0.24   0.45 0.10 
bn090413122 1.97E-06 2.71E-08   2.50  0.67   2.06 0.33   1.32 0.16 
bn090418816 9.99E-08 1.72E-08   3.10  0.56   1.85 0.25   0.74 0.11 
bn090419997 7.27E-06 2.64E-08   2.00  0.47   1.52 0.21   1.23 0.10 
bn090422150 2.67E-07 1.84E-08   1.71  0.43   1.47 0.22   0.80 0.10 
bn090423330 4.36E-07 4.05E-08   1.26  0.47   0.79 0.20   0.58 0.10 
bn090424592 2.80E-05 2.02E-08  64.98  1.88  58.04 0.99  45.97 0.49 
bn090425377 8.04E-06 6.66E-08   6.71  1.79   5.62 0.79   4.64 0.39 
bn090426066 3.75E-07 2.04E-08   1.40  0.33   1.00 0.16   0.78 0.08 
bn090426690 1.41E-06 3.04E-08   3.03  0.78   2.71 0.41   2.29 0.19 
bn090427644 1.52E-07 9.99E-09   1.42  0.60   1.08 0.29   0.76 0.15 
bn090427688 9.36E-07 1.58E-08   1.75  0.48   0.91 0.20   0.63 0.08 
bn090428441 6.16E-07 3.67E-08   5.08  0.90   3.92 0.50   2.26 0.25 
bn090428552 2.80E-06 6.16E-08   2.51  0.96   2.09 0.53   1.76 0.27 
bn090429530 1.67E-06 5.07E-08   2.37  1.16   1.59 0.46   1.24 0.22 
bn090429753 3.93E-07 1.41E-08   3.78  0.83   3.27 0.36   1.77 0.15 
bn090502777 1.73E-06 1.60E-08   2.91  0.51   2.23 0.23   1.39 0.10 
bn090509215 2.06E-06 1.99E-08   2.31  0.49   1.27 0.20   1.03 0.10 
bn090510016 9.01E-07 1.03E-08  16.22  1.58   8.99 0.75   3.82 0.24 
bn090510325 3.17E-07 1.56E-08   0.81  0.32   0.65 0.15   0.47 0.07 
bn090511684 8.25E-07 2.34E-08   1.94  0.68   1.44 0.36   1.17 0.19 
bn090513916 2.68E-06 9.18E-08   2.12  0.77   1.73 0.41   1.08 0.16 
bn090513941 4.83E-07 1.43E-08   0.94  0.34   0.64 0.16   0.41 0.09 
bn090514006 3.34E-06 5.32E-08   4.05  0.75   3.11 0.42   2.74 0.19 
bn090514726 1.30E-06 1.87E-08   7.18  1.03   6.57 0.56   4.06 0.26 
bn090514734 4.99E-06 9.65E-08   2.22  0.97   1.64 0.49   1.22 0.24 
bn090516137 9.63E-06 7.39E-08   2.29  0.43   1.70 0.20   1.46 0.10 
bn090516353 8.82E-06 3.97E-08   2.83  0.66   1.89 0.29   1.54 0.13 
bn090516853 2.25E-06 3.67E-08   4.90  1.07   4.09 0.50   3.31 0.24 
bn090518080 4.28E-07 1.02E-08   1.95  1.15   1.48 0.57   1.32 0.31 
bn090518244 1.38E-06 4.50E-08   3.85  1.00   3.06 0.45   2.19 0.22 
bn090519462 2.12E-06 2.28E-08   1.65  0.91   1.49 0.37   1.02 0.19 
bn090519881 1.81E-06 2.24E-08   1.15  0.62   0.76 0.32   0.46 0.15 
bn090520832 1.61E-07 1.39E-08   2.76  1.01   1.79 0.43   0.87 0.19 
bn090520850 2.06E-06 5.56E-08   4.29  1.00   2.90 0.43   2.48 0.21 
bn090520876 2.65E-06 2.24E-08   2.71  0.86   2.32 0.46   1.93 0.23 
bn090522344 8.84E-07 1.80E-08   1.95  0.81   1.45 0.38   1.05 0.20 
bn090524346 9.49E-06 3.72E-08   6.43  0.85   6.22 0.44   5.77 0.22 
bn090528173 2.78E-06 4.64E-08   2.18  0.84   1.41 0.42   1.00 0.20 
bn090528516 2.45E-05 4.42E-08   8.45  0.85   7.38 0.45   5.50 0.21 
bn090529310 5.64E-07 1.85E-08   1.94  0.72   1.57 0.33   1.24 0.16 
bn090529564 4.85E-06 1.91E-08  15.73  1.15  12.99 0.56  10.53 0.27 
bn090530760 3.31E-05 4.87E-08   6.36  0.65   5.97 0.32   5.45 0.15 
bn090531775 1.60E-07 1.10E-08   2.74  0.56   1.61 0.22   1.06 0.09 
bn090602564 1.15E-06 2.79E-08   1.10  0.57   0.73 0.14   0.51 0.08 
bn090606471 5.60E-07 4.43E-08   2.48  1.16   1.17 0.47   0.74 0.22 
bn090608052 6.16E-07 7.98E-09   1.44  0.80   1.07 0.36   0.67 0.17 
bn090610648 7.45E-07 3.21E-08   1.90  0.65   1.63 0.29   1.48 0.15 
bn090610723 2.06E-06 4.88E-08   1.79  0.49   1.14 0.22   0.78 0.10 
bn090610883 3.92E-07 1.20E-08   1.02  0.52   0.84 0.21   0.54 0.09 
bn090612619 3.41E-06 2.39E-08   5.18  0.53   4.45 0.26   4.12 0.13 
bn090616157 2.03E-07 1.17E-08   1.57  0.70   1.46 0.32   0.98 0.15 
bn090617208 3.59E-07 8.17E-09   9.74  0.81   5.99 0.38   1.52 0.14 
bn090618353 1.42E-04 2.33E-07  35.50  2.57  32.42 1.25  29.98 0.61 
bn090620400 9.18E-06 2.61E-08  13.18  0.78  11.50 0.38   9.75 0.18 
bn090620901 2.32E-07 1.65E-08   1.76  0.71   1.36 0.29   1.06 0.14 
bn090621185 5.42E-06 1.11E-07   1.93  0.71   1.28 0.38   1.03 0.19 
bn090621417 2.07E-06 4.99E-08   2.36  0.70   1.87 0.36   1.41 0.17 
bn090621447 8.38E-07 2.47E-08   1.37  0.36   0.97 0.17   0.71 0.07 
bn090621922 1.97E-07 1.16E-08   5.80  0.91   2.96 0.37   0.92 0.12 
bn090623107 5.58E-06 3.70E-08   5.01  0.77   4.44 0.38   3.23 0.18 
bn090623913 1.30E-06 3.06E-08   2.59  0.51   2.01 0.22   1.16 0.08 
bn090625234 8.37E-07 7.05E-09   1.45  0.47   0.86 0.25   0.59 0.13 
bn090625560 1.46E-06 3.96E-08   3.13  0.80   1.95 0.34   1.36 0.15 
bn090626189 3.38E-05 5.85E-08  27.26  1.85  23.93 0.83  16.05 0.35 
bn090626707 3.38E-05 5.85E-08  27.26  1.85  23.93 0.83  16.05 0.35 
bn090629543 2.23E-07 1.39E-08   0.80  0.34   0.48 0.17   0.25 0.06 
bn090630311 5.42E-07 6.37E-09   2.79  0.83   2.29 0.41   1.84 0.20 
bn090701225 2.32E-07 9.12E-09   1.69  0.72   1.29 0.36   1.05 0.18 
bn090703329 4.51E-07 1.57E-08   1.84  0.45   1.26 0.21   0.74 0.08 
bn090704242 4.17E-06 4.60E-08   2.60  0.88   1.19 0.45   0.77 0.21 
bn090704783 8.34E-07 1.96E-08   1.03  0.43   0.77 0.21   0.57 0.08 
bn090706283 1.64E-06 2.81E-08   1.49  0.55   0.68 0.25   0.60 0.09 
bn090708152 5.26E-07 1.67E-08   0.78  0.32   0.54 0.14   0.37 0.05 
bn090709630 1.28E-06 2.40E-08   2.04  0.60   1.58 0.30   1.34 0.15 
bn090711850 2.89E-06 4.31E-08   2.73  0.79   1.71 0.44   1.48 0.21 
bn090712160 2.16E-06 2.39E-08   1.65  0.42   1.09 0.19   0.87 0.09 
bn090713020 5.39E-06 1.95E-08   2.65  0.79   1.60 0.38   1.26 0.18 
bn090717034 1.31E-05 3.95E-08   8.29  0.92   6.89 0.50   6.18 0.24 
bn090717111 1.57E-07 1.26E-08   1.94  0.50   1.74 0.26   0.84 0.13 
bn090718720 1.89E-06 1.91E-08   1.64  1.02   1.12 0.42   0.55 0.20 
bn090718762 1.36E-05 5.60E-08  15.54  1.29  14.52 0.65  12.71 0.33 
bn090719063 2.69E-05 8.15E-08  23.37  1.61  21.86 0.79  21.17 0.39 
bn090720276 1.90E-06 2.02E-08   5.76  0.84   4.65 0.40   4.13 0.19 
bn090720710 4.82E-06 1.15E-08  18.04  0.98  14.59 0.45   4.69 0.14 
bn090725838 1.29E-06 2.58E-08   1.76  1.11   1.38 0.53   1.03 0.27 
bn090726218 3.06E-07 1.03E-08   0.86  0.38   1.03 0.21   0.36 0.05 
bn090730608 1.92E-06 4.26E-08   3.49  0.41   3.00 0.19   2.44 0.09 
bn090802235 2.81E-07 4.98E-09  16.04  1.28   5.60 0.43   1.48 0.15 
bn090802666 1.45E-06 3.16E-08   1.64  0.98   1.18 0.46   0.85 0.24 
bn090804940 9.73E-06 7.24E-08  19.40  1.68  18.70 0.80  16.36 0.41 
bn090805622 2.50E-06 2.79E-08   2.32  1.45   1.31 0.77   0.92 0.34 
bn090807832 5.53E-07 1.31E-08   4.98  0.50   3.85 0.24   1.73 0.09 
bn090809978 1.20E-05 7.03E-08  13.56  1.16  12.52 0.58  11.27 0.28 
bn090810659 4.50E-06 2.54E-08   2.38  0.66   1.65 0.24   1.36 0.13 
bn090810781 2.47E-06 2.90E-08   1.58  0.71   1.09 0.40   0.85 0.19 
bn090811696 4.59E-07 1.14E-08   2.14  0.83   1.43 0.40   0.74 0.20 
bn090813174 1.81E-06 2.24E-08  15.16  1.10  10.02 0.53   5.59 0.25 
bn090814368 2.41E-07 3.81E-09   6.13  0.69   4.38 0.29   1.14 0.09 
bn090814950 8.73E-06 1.91E-07   3.22  0.96   2.60 0.41   2.11 0.20 
bn090815300 7.86E-07 2.26E-08   1.00  0.44   1.07 0.20   0.49 0.06 
bn090815438 1.84E-06 2.19E-08   2.78  0.54   2.33 0.26   2.10 0.13 
bn090815946 2.16E-06 2.67E-08   1.14  0.49   0.88 0.23   0.54 0.10 
bn090817036 2.54E-06 5.90E-08   3.53  0.70   1.92 0.26   1.30 0.10 
bn090819607 1.36E-07 8.29E-09   4.11  0.70   2.37 0.32   0.65 0.13 
bn090820027 9.11E-05 8.84E-08  68.12  2.98  67.23 1.45  63.17 0.71 
bn090820509 5.47E-07 1.99E-08   4.25  0.82   2.64 0.42   1.25 0.15 
bn090823133 9.69E-07 3.12E-08   1.51  0.43   1.28 0.21   0.85 0.09 
bn090824918 1.77E-06 3.25E-08   2.38  1.14   1.29 0.52   0.70 0.25 
bn090826068 4.75E-07 2.26E-08   1.76  0.68   1.50 0.32   1.12 0.16 
bn090828099 1.28E-05 1.02E-07   7.06  1.21   6.27 0.60   5.80 0.30 
bn090829672 3.83E-05 8.43E-08  25.44  1.35  20.88 0.66  16.25 0.32 
bn090829702 2.67E-06 2.70E-08   1.84  0.58   1.38 0.27   1.10 0.14 
bn090831317 4.82E-06 2.93E-08  19.27  1.56   9.00 0.68   2.58 0.26 
bn090902401 7.35E-07 2.23E-08   3.66  0.74   3.14 0.30   2.35 0.15 
bn090902462 9.44E-05 1.77E-07  47.05  1.92  39.91 0.92  32.14 0.44 
bn090904058 1.16E-05 1.13E-07   3.57  0.67   2.96 0.29   2.33 0.14 
bn090904581 8.69E-07 1.49E-08   0.87  0.39   0.46 0.12   0.31 0.06 
bn090907017 2.80E-06 6.52E-08   2.72  1.03   1.73 0.51   1.22 0.24 
bn090907808 5.84E-07 1.22E-08   4.66  0.51   4.48 0.28   2.56 0.11 
bn090908314 1.90E-06 2.06E-08   2.36  0.48   1.47 0.21   0.99 0.11 
bn090908341 1.25E-06 6.49E-09   2.72  0.71   1.65 0.35   1.11 0.16 
bn090909487 3.06E-06 8.64E-08   5.11  1.57   2.39 0.55   1.72 0.25 
bn090909854 1.03E-07 1.12E-08   2.66  0.45   1.37 0.16   0.67 0.07 
bn090910812 1.07E-05 1.16E-07   3.54  0.72   2.60 0.29   2.31 0.15 
bn090912660 4.41E-06 2.22E-08   1.59  0.46   1.02 0.21   0.64 0.09 
bn090915650 1.72E-06 2.71E-08   2.01  0.83   1.29 0.41   0.95 0.20 
bn090917661 5.84E-07 2.03E-08   1.57  0.35   1.05 0.18   0.79 0.08 
bn090920035 1.75E-06 1.98E-08   2.19  1.45   1.23 0.70   0.91 0.33 
bn090922539 6.42E-06 2.67E-08   7.98  0.87   7.37 0.49   6.88 0.23 
bn090922605 2.46E-06 5.29E-08   6.78  1.39   4.19 0.54   1.58 0.19 
bn090924625 1.71E-07 6.86E-09   4.79  0.82   2.98 0.34   0.80 0.15 
bn090925389 4.97E-06 1.61E-07   3.27  0.97   2.53 0.52   1.86 0.24 
bn090926181 7.44E-05 1.79E-07  48.53  1.56  48.06 0.78  43.10 0.37 
bn090926914 6.62E-06 1.51E-08   2.95  0.59   2.15 0.26   1.83 0.13 
bn090927422 1.24E-07 9.01E-09   2.50  1.09   1.60 0.59   0.73 0.27 
bn090928646 1.16E-06 2.79E-08   2.78  1.13   1.97 0.53   1.56 0.30 
bn090929190 3.86E-06 5.08E-08  14.90  1.66  13.54 0.94   9.09 0.41 
bn091002685 1.63E-07 6.14E-09   1.70  0.59   1.45 0.33   0.91 0.17 
bn091003191 1.20E-05 3.73E-08  22.19  2.11  19.68 1.04  14.57 0.49 
bn091005679 7.91E-07 3.27E-08   1.70  0.70   1.27 0.29   0.94 0.13 
bn091006360 7.82E-08 9.67E-09   2.47  0.52   1.93 0.23   0.71 0.10 
bn091010113 6.00E-06 2.99E-08  37.33  1.75  33.35 0.88  16.76 0.39 
bn091012783 8.03E-07 2.29E-08   9.35  1.09   6.35 0.47   3.88 0.19 
bn091013989 1.28E-06 2.05E-08   1.56  0.52   1.27 0.25   0.99 0.11 
bn091015129 7.88E-07 2.65E-08   2.92  0.97   2.10 0.46   1.58 0.20 
bn091017861 2.38E-07 7.90E-09   1.30  0.45   1.09 0.20   0.86 0.09 
bn091017985 1.15E-06 1.68E-08   1.10  0.38   0.99 0.18   0.57 0.07 
bn091018957 1.16E-07 1.40E-08   5.77  2.68   3.46 1.13   1.14 0.41 
bn091019750 6.08E-08 3.03E-09   4.48  0.69   1.28 0.28   0.34 0.13 
bn091020900 4.52E-06 8.08E-08   3.72  1.07   3.33 0.55   2.90 0.27 
bn091020977 5.22E-06 2.94E-08   4.93  0.60   4.08 0.31   3.50 0.15 
bn091023021 2.56E-07 1.01E-08   2.29  0.59   1.51 0.25   1.19 0.12 
bn091024372 4.97E-06 3.47E-08   2.54  0.66   1.49 0.21   1.18 0.10 
bn091024380 1.47E-05 2.67E-08   2.15  0.58   1.37 0.22   0.93 0.09 
bn091026485 3.15E-07 1.18E-08   2.35  0.96   1.48 0.42   0.75 0.20 
bn091026550 7.17E-07 2.72E-08   4.10  2.06   2.09 0.90   1.21 0.49 
bn091030613 2.57E-06 1.87E-08   2.79  0.64   2.04 0.40   1.50 0.20 
bn091030828 1.40E-05 8.43E-08   5.69  0.90   5.15 0.47   4.96 0.22 
bn091031500 8.04E-06 4.47E-08   5.47  0.85   4.28 0.43   3.54 0.22 
bn091101143 4.27E-06 4.38E-08   8.70  1.15   6.80 0.57   5.93 0.28 
bn091102607 1.06E-06 6.28E-08   3.21  0.91   2.11 0.41   1.34 0.20 
bn091103912 3.30E-06 6.38E-08   4.16  0.63   3.67 0.40   3.23 0.20 
bn091106762 7.85E-07 3.76E-08   2.07  1.48   1.03 0.65   0.52 0.29 
bn091107635 5.37E-07 2.29E-08   1.70  0.32   1.14 0.17   0.95 0.08 
bn091109895 1.15E-06 2.91E-08   5.18  0.63   4.37 0.29   2.29 0.12 
bn091112737 4.04E-06 2.87E-08   2.94  0.80   2.04 0.39   1.77 0.19 
bn091112928 2.65E-06 2.67E-08   2.49  0.67   1.62 0.35   1.12 0.17 
bn091115177 8.38E-07 3.16E-08   1.14  0.40   0.55 0.13   0.35 0.05 
bn091117080 1.85E-06 2.41E-08   2.00  0.51   0.88 0.21   0.57 0.10 
bn091120191 1.61E-05 2.00E-07  10.95  1.08  10.07 0.56   7.28 0.26 
bn091122163 7.92E-08 6.09E-09   0.92  0.54   0.70 0.21   0.36 0.07 
bn091123081 1.14E-06 4.78E-08   2.09  0.63   1.54 0.27   1.32 0.14 
bn091123298 1.93E-05 6.56E-08   4.37  0.74   3.49 0.34   2.40 0.15 
bn091126333 2.24E-07 1.66E-08   6.19  0.92   4.50 0.42   1.14 0.15 
bn091126389 6.97E-08 4.87E-09   2.19  0.43   1.08 0.17   0.22 0.05 
bn091127976 9.43E-06 2.00E-08  31.08  2.04  25.97 0.95  16.71 0.45 
bn091128285 2.15E-05 3.84E-08   7.46  0.96   6.15 0.46   5.21 0.21 
bn091201089 4.48E-07 9.54E-09   1.00  0.45   0.65 0.25   0.52 0.12 
bn091202072 8.76E-07 1.97E-08   1.84  0.71   1.11 0.35   0.85 0.18 
bn091202219 3.62E-06 2.78E-08   1.88  0.50   1.67 0.25   0.83 0.08 
bn091207333 2.94E-06 5.80E-08   2.58  0.80   1.97 0.36   1.60 0.18 
bn091208410 3.17E-06 9.86E-08  11.08  1.43  10.47 0.68   6.96 0.32 
bn091209001 5.46E-06 1.02E-07   3.76  0.95   2.25 0.40   1.69 0.19 
bn091215234 4.38E-07 3.35E-09   1.29  0.35   0.81 0.17   0.59 0.08 
bn091219462 4.51E-07 1.35E-08   2.54  0.48   2.11 0.23   1.29 0.09 
bn091220442 3.09E-06 2.49E-08   3.43  0.95   2.71 0.48   2.52 0.24 
bn091221870 5.27E-06 9.28E-08   3.35  0.73   2.76 0.33   2.17 0.16 
bn091223191 1.56E-07 2.44E-09   2.56  0.61   1.80 0.29   0.75 0.14 
bn091223511 5.27E-06 3.33E-08   2.25  0.82   1.57 0.33   1.14 0.15 
bn091224373 1.41E-07 6.52E-09   3.04  0.87   1.72 0.38   0.65 0.15 
bn091227294 3.81E-06 5.71E-08   3.13  0.80   2.28 0.38   2.00 0.19 
bn091230260 1.06E-06 2.29E-08   0.97  0.32   0.60 0.15   0.36 0.07 
bn091230712 1.50E-06 4.79E-08   2.33  0.92   1.45 0.49   1.07 0.24 
bn091231206 5.58E-06 1.06E-07   2.35  0.63   2.01 0.33   1.83 0.17 
bn091231540 4.06E-07 1.60E-08   0.83  0.45   0.62 0.13   0.46 0.06 
bn100101028 2.50E-07 9.38E-09   2.29  0.79   1.34 0.36   0.64 0.12 
bn100101988 3.75E-07 1.18E-08   1.34  0.55   1.15 0.24   0.84 0.12 
bn100107074 9.05E-08 1.10E-08   6.43  1.49   1.70 0.50   0.63 0.23 
bn100111176 6.01E-07 8.87E-09   1.18  0.91   1.05 0.44   0.69 0.19 
bn100112418 5.56E-07 5.99E-09   0.89  0.34   0.49 0.14   0.36 0.06 
bn100116897 1.28E-05 6.14E-08   7.83  1.03   7.06 0.48   6.73 0.23 
bn100117879 1.98E-07 2.74E-08   5.23  0.86   3.61 0.39   0.99 0.14 
bn100118100 7.91E-07 5.19E-08   1.74  0.97   1.55 0.36   1.31 0.17 
bn100122616 5.79E-06 8.58E-08  11.05  1.69  10.29 0.91   9.45 0.44 
bn100126460 5.31E-07 3.24E-08   2.38  0.82   1.19 0.41   0.74 0.16 
bn100130729 5.76E-06 2.23E-08   4.16  0.62   3.31 0.29   2.71 0.14 
bn100130777 7.37E-06 7.43E-08   2.16  0.69   1.74 0.40   1.28 0.18 
bn100131730 4.29E-06 4.35E-08  19.51  1.36  16.46 0.64  12.00 0.27 
bn100201588 7.82E-06 3.20E-08   2.37  0.50   1.41 0.21   0.97 0.09 
bn100204024 5.90E-06 1.42E-08   2.72  0.48   2.42 0.22   1.78 0.10 
bn100204566 1.97E-06 2.20E-08   2.46  1.26   1.60 0.48   1.13 0.29 
bn100204858 1.71E-07 1.47E-08   2.00  0.86   1.66 0.33   0.71 0.15 
bn100205490 7.95E-07 1.42E-08   1.58  0.80   1.26 0.40   0.85 0.20 
bn100206563 3.36E-07 5.73E-09  12.82  0.86   6.17 0.30   1.55 0.09 
bn100207665 1.26E-06 2.57E-08   1.77  0.90   1.41 0.45   0.92 0.18 
bn100207721 2.28E-07 1.20E-08   0.74  0.60   0.40 0.29   0.28 0.15 
bn100208386 4.33E-08 3.39E-09   1.20  1.07   0.92 0.60   0.23 0.22 
bn100210101 1.21E-06 1.45E-08   1.74  0.72   1.16 0.37   0.96 0.19 
bn100211440 7.80E-06 7.88E-08   4.39  1.32   3.46 0.77   3.20 0.37 
bn100212550 1.52E-06 3.59E-08   2.96  0.72   2.75 0.33   2.13 0.16 
bn100212588 2.44E-07 8.43E-09   1.47  0.48   1.23 0.22   0.90 0.10 
bn100216422 1.50E-07 8.42E-09   4.46  0.76   2.68 0.28   0.70 0.11 
bn100218194 1.55E-06 6.08E-08   1.35  0.51   0.67 0.32   0.52 0.15 
bn100219026 1.74E-06 3.10E-08   2.94  1.08   1.51 0.48   0.64 0.22 
bn100221368 1.05E-06 1.56E-08   1.38  0.67   1.11 0.32   0.69 0.16 
bn100223110 3.09E-07 3.39E-09   7.49  0.87   4.58 0.58   1.28 0.20 
bn100224112 5.77E-06 1.87E-07   6.81  1.06   6.22 0.58   5.03 0.29 
bn100225115 3.06E-06 4.85E-08   3.49  0.61   2.70 0.30   2.13 0.15 
bn100225249 3.25E-07 3.31E-08   1.25  0.61   0.69 0.18   0.34 0.09 
bn100225580 3.45E-06 6.07E-08   7.03  0.82   6.29 0.43   5.32 0.20 
bn100225703 8.14E-07 2.25E-08   2.32  0.60   2.02 0.28   1.60 0.14 
bn100228544 1.46E-06 2.68E-08   0.97  0.73   0.55 0.34   0.34 0.16 
bn100228873 3.43E-07 8.98E-09   1.21  0.74   0.75 0.34   0.57 0.17 
bn100301068 1.41E-07 6.60E-09   5.20  1.05   2.24 0.46   0.68 0.20 
bn100301223 1.38E-06 3.31E-08   2.57  0.80   1.86 0.37   1.28 0.19 
bn100302061 9.51E-08 1.05E-08   1.38  0.39   0.87 0.15   0.42 0.07 
bn100304004 3.13E-06 8.27E-08   2.60  1.31   1.60 0.43   1.26 0.27 
bn100304534 2.65E-06 8.94E-08   2.50  1.10   2.08 0.53   1.55 0.27 
bn100306199 3.26E-07 1.37E-08   1.32  0.40   0.81 0.19   0.57 0.09 
bn100307928 7.13E-07 1.22E-08   2.08  0.71   1.35 0.37   0.83 0.18 
bn100311518 1.43E-06 5.40E-08   2.33  0.84   1.44 0.35   1.14 0.16 
bn100313288 2.77E-06 3.41E-08   4.45  0.72   3.66 0.38   3.22 0.21 
bn100313509 1.30E-06 2.23E-08   1.02  0.38   0.74 0.16   0.45 0.06 
bn100315361 1.36E-06 2.42E-08   1.22  0.40   0.67 0.17   0.45 0.08 
bn100318611 9.50E-07 1.13E-08   1.61  0.82   0.82 0.40   0.59 0.20 
bn100322045 3.12E-05 3.01E-08  11.73  0.90  10.20 0.42   8.79 0.21 
bn100323542 1.07E-06 7.14E-08   2.35  0.93   1.61 0.45   1.26 0.22 
bn100324172 1.95E-05 9.77E-08  20.84  1.26  19.50 0.64  16.45 0.30 
bn100325246 5.74E-07 8.43E-09   1.68  0.77   1.40 0.47   1.22 0.24 
bn100325275 2.11E-06 2.76E-08   4.53  0.63   3.51 0.31   2.80 0.14 
bn100326294 2.43E-07 3.56E-08   2.84  0.51   2.13 0.24   1.03 0.11 
bn100326402 7.07E-06 6.51E-08   2.30  0.56   1.66 0.25   1.35 0.11 
bn100328141 3.72E-07 1.15E-08   6.53  0.62   5.53 0.36   2.15 0.14 
bn100330309 2.44E-06 2.82E-08   3.78  0.50   3.16 0.25   2.94 0.12 
bn100330856 3.07E-07 6.52E-09   1.36  0.67   0.83 0.34   0.71 0.17 
bn100401297 9.64E-07 1.52E-08   1.78  0.38   1.73 0.19   1.24 0.08 
bn100406758 7.23E-07 2.24E-08   1.96  0.71   1.44 0.37   1.29 0.18 
bn100410356 4.55E-07 2.07E-08   0.88  0.34   0.81 0.25   0.47 0.09 
bn100410740 2.92E-06 1.51E-07   5.20  2.37   3.82 1.44   2.67 0.69 
bn100411516 1.15E-07 9.52E-09   3.37  0.47   1.24 0.19   0.62 0.08 
bn100413732 4.92E-06 4.83E-08   1.90  0.54   1.02 0.18   0.73 0.09 
bn100414097 3.34E-05 1.04E-07  14.51  1.05  13.34 0.52  10.98 0.24 
bn100417166 1.75E-07 1.96E-09   4.22  0.71   2.24 0.35   0.59 0.13 
bn100417789 8.95E-07 2.86E-08   1.64  0.86   0.75 0.41   0.62 0.20 
bn100420008 2.78E-06 2.25E-08   3.80  0.50   2.81 0.23   2.45 0.11 
bn100421917 2.55E-06 2.34E-08   2.29  0.55   1.69 0.24   1.25 0.11 
bn100423244 4.02E-06 5.87E-08   2.59  0.59   2.14 0.32   1.89 0.15 
bn100424729 5.18E-06 2.45E-08   2.48  0.61   1.69 0.22   1.19 0.11 
bn100424876 7.49E-06 6.97E-08   3.18  0.81   2.57 0.37   2.08 0.18 
bn100427356 1.28E-06 3.48E-08   2.85  0.82   1.88 0.39   1.30 0.20 
bn100429999 1.69E-06 2.39E-08   2.10  0.66   1.28 0.34   0.94 0.16 
bn100502356 8.66E-06 1.05E-07   3.36  0.61   2.86 0.37   2.48 0.20 
bn100503554 1.01E-05 2.25E-08   5.75  0.55   4.77 0.28   3.00 0.12 
bn100504806 1.06E-06 5.76E-08   0.96  0.36   0.75 0.15   0.56 0.07 
bn100506653 1.41E-06 3.37E-08   1.97  0.74   1.23 0.38   0.94 0.18 
bn100507577 7.14E-06 6.07E-08   2.77  0.52   2.09 0.24   1.82 0.12 
bn100510810 1.86E-06 4.10E-08   2.81  1.06   1.35 0.52   1.07 0.26 
bn100511035 1.27E-05 3.80E-08  11.89  1.06  10.12 0.51   6.40 0.23 
bn100513879 2.19E-06 3.02E-08   3.65  0.85   3.03 0.42   2.52 0.22 
bn100515467 3.47E-06 2.87E-08   8.65  1.00   7.71 0.48   6.68 0.24 
bn100516369 1.11E-07 7.74E-09   3.14  0.49   1.35 0.17   0.53 0.06 
bn100516396 9.15E-08 8.96E-09   1.75  0.47   1.25 0.25   0.50 0.12 
bn100517072 3.15E-06 8.16E-09   3.97  0.95   3.53 0.47   3.13 0.24 
bn100517132 6.86E-07 2.79E-08   1.50  0.71   1.25 0.29   0.92 0.15 
bn100517154 1.27E-06 1.60E-08   6.97  0.75   5.08 0.34   3.10 0.15 
bn100517243 1.17E-06 2.46E-08   1.45  0.68   1.26 0.47   1.02 0.21 
bn100517639 1.81E-06 7.24E-08   5.18  0.64   4.66 0.31   3.17 0.14 
bn100519204 1.15E-05 1.17E-07   2.88  0.80   2.32 0.29   2.15 0.16 
bn100522157 2.28E-06 2.93E-08   8.91  0.95   4.93 0.47   3.87 0.25 
bn100525744 4.23E-07 4.70E-08   5.60  0.96   3.17 0.44   1.31 0.21 
bn100527795 8.41E-06 2.95E-08   4.52  0.56   4.18 0.27   3.52 0.13 
bn100528075 1.41E-05 2.71E-08   7.37  1.06   6.56 0.52   6.22 0.25 
bn100530737 2.72E-07 9.60E-09   1.40  0.57   1.09 0.36   0.81 0.16 
bn100604287 3.05E-06 2.06E-08   3.45  1.14   3.07 0.55   2.85 0.27 
bn100605774 4.34E-07 1.19E-08   1.08  0.39   0.78 0.13   0.51 0.06 
bn100608382 9.22E-07 1.14E-08   1.62  0.41   1.06 0.19   0.87 0.09 
bn100609783 8.72E-06 1.74E-08   2.63  0.50   1.72 0.24   1.40 0.12 
bn100612545 6.06E-07 1.76E-08   5.27  0.97   4.21 0.46   2.62 0.21 
bn100612726 8.58E-06 2.07E-07  11.81  1.13  11.34 0.54  10.91 0.28 
bn100614498 8.92E-06 1.41E-07   1.64  0.80   1.14 0.39   1.01 0.18 
bn100615083 4.86E-06 4.43E-08   3.42  0.82   3.07 0.40   2.73 0.20 
bn100616773 1.37E-07 8.66E-09   4.24  1.34   2.53 0.60   0.76 0.26 
bn100619015 5.95E-06 4.05E-08   3.33  1.02   2.52 0.64   2.10 0.32 
bn100620119 2.39E-06 4.26E-08   2.66  0.86   1.86 0.37   1.54 0.20 
bn100621452 4.46E-06 1.50E-08   2.32  0.44   1.63 0.21   1.42 0.10 
bn100621529 8.33E-08 2.51E-09   1.55  0.64   0.71 0.32   0.46 0.14 
bn100625773 2.43E-07 1.29E-08  10.53  1.72   7.68 0.66   2.07 0.19 
bn100625891 7.99E-07 8.42E-09   1.13  0.32   0.70 0.13   0.43 0.06 
bn100629801 7.43E-07 5.60E-08  10.11  1.80   8.55 0.87   3.88 0.39 
bn100701490 8.52E-06 2.41E-08  24.71  1.93  15.06 0.74   9.81 0.31 
bn100704149 5.20E-06 3.05E-08   4.68  0.68   4.08 0.31   3.71 0.15 
bn100706693 6.55E-08 3.48E-09   2.40  0.69   1.26 0.35   0.29 0.17 
bn100707032 4.36E-05 7.80E-08  31.96  1.72  31.24 0.84  29.01 0.42 
bn100709602 5.00E-06 4.61E-08   3.04  1.06   2.10 0.47   1.60 0.22 
bn100713980 9.13E-07 9.28E-09   3.42  0.62   2.29 0.41   1.61 0.11 
bn100714672 1.78E-06 5.30E-08   3.35  1.00   1.91 0.32   1.09 0.16 
bn100714686 8.34E-07 2.03E-08   9.55  1.09   7.62 0.51   2.88 0.18 
bn100715477 1.44E-06 7.47E-08   1.68  0.61   1.09 0.27   0.76 0.14 
bn100717372 2.32E-07 1.27E-08   1.82  0.44   1.37 0.18   0.90 0.08 
bn100717446 1.78E-07 7.70E-09   2.39  0.45   1.42 0.18   0.87 0.07 
bn100718160 1.59E-06 2.53E-08   2.98  0.48   2.70 0.23   1.55 0.09 
bn100718796 1.40E-06 2.17E-08   1.09  0.36   0.72 0.21   0.58 0.08 
bn100719311 2.07E-07 1.97E-08   2.02  0.44   1.30 0.21   0.95 0.10 
bn100719825 1.50E-07 1.35E-08   1.18  0.54   0.59 0.18   0.46 0.08 
bn100719989 2.66E-05 3.67E-07  39.98  2.31  36.56 1.09  28.66 0.50 
bn100722096 4.33E-06 2.14E-08  17.50  0.90  15.19 0.42   8.09 0.16 
bn100722291 6.28E-08 1.22E-08   1.81  0.51   1.07 0.24   0.42 0.11 
bn100724029 9.65E-05 2.75E-07  13.21  0.79  12.05 0.38  11.12 0.18 
bn100725475 2.18E-06 1.03E-07   2.03  1.33   1.19 0.56   0.78 0.29 
bn100727238 5.63E-07 1.33E-08   0.66  0.25   0.56 0.12   0.41 0.06 
bn100728095 6.20E-05 3.14E-07   7.17  0.54   6.10 0.32   5.72 0.17 
bn100728439 1.95E-06 3.36E-08   3.30  0.52   2.92 0.25   2.12 0.12 
bn100730463 3.88E-06 9.37E-08   2.20  0.67   1.43 0.32   1.15 0.15 
bn100802240 6.67E-07 1.75E-08   1.54  0.43   1.08 0.19   0.71 0.09 
bn100804104 7.00E-06 1.02E-07   9.39  1.11   8.65 0.57   7.68 0.29 
bn100805300 1.11E-07 4.10E-08  11.35  1.78   2.99 0.62   0.83 0.26 
bn100805845 6.01E-06 8.89E-08   3.92  0.69   3.72 0.40   3.35 0.20 
bn100810049 1.92E-07 2.63E-08   1.33  0.46   0.89 0.21   0.66 0.09 
bn100811108 5.83E-07 9.09E-09   7.30  0.69   6.00 0.32   2.31 0.10 
bn100811781 2.57E-06 4.43E-08   1.99  0.48   1.70 0.24   1.17 0.11 
bn100814160 9.85E-06 5.57E-08   3.48  0.60   2.82 0.29   2.40 0.14 
bn100814351 2.50E-06 2.09E-08   3.97  0.61   3.60 0.29   3.14 0.14 
bn100816009 1.48E-05 1.32E-07   4.63  1.35   3.02 0.71   2.62 0.36 
bn100816026 2.50E-06 3.39E-08   9.86  1.08   8.56 0.52   7.61 0.25 
bn100819498 1.81E-06 5.48E-08   1.98  0.71   1.37 0.39   1.06 0.18 
bn100820373 1.65E-06 2.88E-08   7.91  0.57   6.30 0.27   5.07 0.12 
bn100825287 5.81E-07 1.50E-08   2.65  0.63   2.11 0.28   1.75 0.13 
bn100826957 7.76E-05 5.47E-08  17.44  0.99  15.11 0.47  13.79 0.23 
bn100827455 3.26E-07 1.21E-08   9.34  0.82   4.39 0.30   1.43 0.09 
bn100829374 3.93E-06 2.53E-08   3.93  0.57   3.21 0.27   2.34 0.12 
bn100829876 9.07E-06 4.09E-08  50.30  2.08  39.31 1.08  23.22 0.45 
bn100831651 1.64E-06 6.52E-08   1.19  0.42   1.20 0.36   0.76 0.10 
bn100902990 1.13E-06 2.46E-08   1.68  0.47   0.94 0.19   0.69 0.08 
bn100905907 1.11E-06 1.08E-08   2.46  0.61   1.23 0.21   0.91 0.09 
bn100906576 1.27E-05 3.21E-08   8.09  0.80   7.53 0.40   5.76 0.18 
bn100907751 4.34E-07 3.39E-08   1.81  0.48   1.55 0.23   1.16 0.11 
bn100910818 7.92E-06 2.51E-08  17.00  0.78  15.81 0.39  10.65 0.16 
bn100911816 4.37E-07 1.70E-08   1.58  0.35   1.11 0.16   0.88 0.08 
bn100915243 2.48E-07 1.49E-08   1.04  0.36   0.66 0.17   0.42 0.09 
bn100916779 9.24E-07 7.88E-08  10.10  1.33   7.89 0.59   2.49 0.21 
bn100918863 5.92E-05 6.32E-08   7.77  0.87   7.11 0.39   6.44 0.19 
bn100919884 3.30E-06 4.64E-08   2.38  0.56   1.83 0.34   1.55 0.16 
bn100922625 2.18E-07 6.81E-09   0.62  0.25   0.47 0.12   0.36 0.06 
bn100923844 2.04E-06 3.00E-08   1.91  0.56   1.56 0.25   1.37 0.13 
bn100924165 1.73E-06 1.90E-08   5.55  0.59   4.49 0.35   3.56 0.18 
bn100926595 3.77E-06 8.65E-09   3.92  0.75   3.63 0.37   2.69 0.16 
bn100926694 7.67E-07 1.68E-08   1.44  0.39   0.68 0.15   0.44 0.06 
bn100929235 3.14E-07 1.09E-08   1.10  0.30   0.60 0.14   0.42 0.06 
bn100929315 2.00E-07 1.01E-08   1.55  0.48   0.83 0.18   0.56 0.08 
bn100929916 2.92E-07 1.22E-08   7.88  1.08   3.91 0.39   1.44 0.13 
bn101002279 2.52E-07 1.89E-08   1.00  0.41   0.52 0.14   0.33 0.07 
bn101003244 8.30E-07 1.78E-08   1.84  0.48   1.65 0.17   1.15 0.09 
bn101004426 4.77E-06 5.82E-08   2.00  0.50   1.17 0.30   0.85 0.11 
bn101008697 7.34E-07 2.40E-08   2.62  0.56   1.65 0.22   0.83 0.08 
bn101010190 9.31E-07 3.76E-08   1.24  0.42   0.95 0.19   0.70 0.08 
bn101011707 1.45E-06 4.63E-08   2.21  0.70   1.23 0.28   0.65 0.13 
bn101013412 3.48E-06 4.28E-08   4.78  0.90   3.86 0.47   2.50 0.21 
bn101014175 1.05E-04 2.22E-07  36.28  1.51  35.35 0.76  28.31 0.35 
bn101015558 1.53E-05 7.14E-08   2.42  0.48   1.78 0.23   1.45 0.11 
bn101016243 1.36E-06 8.41E-09   5.88  0.52   5.79 0.26   4.30 0.12 
bn101017619 9.95E-07 9.88E-09   1.12  0.33   0.61 0.10   0.32 0.05 
bn101021009 1.10E-05 2.43E-07   6.54  2.28   4.42 0.95   3.60 0.48 
bn101021063 1.91E-07 1.11E-08   2.43  0.47   1.29 0.20   0.73 0.08 
bn101023951 3.30E-05 3.09E-07  18.57  1.93  17.83 1.02  16.23 0.51 
bn101024486 1.92E-06 8.22E-08   5.44  1.16   3.71 0.51   2.64 0.24 
bn101025146 1.52E-07 8.50E-09   0.59  0.21   0.44 0.10   0.30 0.05 
bn101025267 1.87E-06 2.26E-08   0.93  0.58   0.86 0.28   0.22 0.07 
bn101026034 3.28E-07 1.18E-08   7.47  1.02   5.37 0.47   1.41 0.13 
bn101027230 6.80E-08 3.94E-09   2.83  0.60   1.42 0.22   0.36 0.07 
bn101030664 2.69E-06 2.10E-08   1.10  0.43   0.70 0.22   0.51 0.07 
bn101031625 1.51E-07 1.57E-08   5.23  0.74   3.28 0.31   1.02 0.10 
bn101101744 1.90E-07 1.36E-08   2.18  0.51   1.52 0.24   1.12 0.10 
bn101101899 1.44E-06 1.26E-08   1.48  0.44   0.74 0.19   0.47 0.08 
bn101102840 9.29E-07 1.86E-08   0.82  0.21   0.43 0.14   0.33 0.05 
bn101104810 4.21E-07 1.18E-08   3.20  0.71   1.46 0.21   0.85 0.08 
bn101107011 3.51E-06 1.23E-07   1.82  1.22   1.14 0.59   0.87 0.27 
bn101112924 1.39E-06 4.18E-08   4.18  0.75   3.52 0.34   2.89 0.16 
bn101112984 4.49E-06 5.13E-08   1.47  0.44   1.10 0.21   0.85 0.11 
bn101113483 1.62E-06 1.61E-08   1.98  0.42   1.61 0.20   1.36 0.10 
bn101116481 1.55E-07 3.62E-08   3.03  0.67   2.00 0.32   0.88 0.14 
bn101117496 4.87E-06 4.11E-08   2.73  0.60   1.49 0.22   0.97 0.09 
bn101119685 8.61E-08 8.83E-09   2.58  0.70   1.29 0.23   0.59 0.09 
bn101123952 5.27E-05 2.91E-08  23.96  1.27  22.20 0.62  19.05 0.29 
bn101126198 1.63E-05 7.76E-08   8.88  0.97   8.40 0.52   7.96 0.25 
bn101127093 3.75E-07 9.95E-09   0.85  0.41   0.45 0.12   0.31 0.06 
bn101127102 1.71E-06 1.56E-08   0.93  0.40   0.63 0.16   0.48 0.07 
bn101128322 4.89E-07 8.75E-09   1.70  0.39   1.13 0.19   0.81 0.09 
bn101129652 3.91E-07 2.96E-08   7.17  0.73   5.28 0.37   1.97 0.13 
bn101129726 5.78E-07 1.19E-08   8.72  0.67   6.75 0.32   2.82 0.11 
bn101130074 1.69E-07 2.69E-08   1.13  0.47   0.69 0.23   0.48 0.11 
bn101201418 1.21E-05 4.58E-08   3.02  0.48   2.46 0.23   2.11 0.10 
bn101202154 6.98E-07 3.25E-08   3.74  0.92   1.50 0.38   0.79 0.16 
bn101204343 1.17E-07 6.78E-09   4.08  0.63   2.11 0.23   0.52 0.06 
bn101205309 2.17E-07 2.03E-08   0.95  0.41   0.50 0.12   0.32 0.06 
bn101206036 3.12E-06 4.36E-08   3.05  0.94   2.36 0.46   2.02 0.22 
bn101207536 3.77E-06 3.59E-08   3.06  0.49   2.67 0.24   1.47 0.11 
bn101208203 1.08E-07 8.92E-09   2.42  0.75   2.16 0.30   0.63 0.09 
bn101208498 2.22E-06 2.82E-08  22.16  1.16  19.96 0.54  10.59 0.21 
bn101211485 9.08E-07 2.38E-08   2.64  0.58   1.44 0.27   1.15 0.13 
bn101213451 4.07E-06 5.53E-08   3.49  0.86   2.90 0.38   1.36 0.13 
bn101213849 6.71E-07 8.80E-09   3.51  0.49   2.54 0.22   1.66 0.10 
bn101214748 1.57E-07 1.67E-08   5.02  0.76   2.90 0.32   0.82 0.10 
bn101214993 5.83E-07 2.17E-08   1.66  0.39   1.35 0.23   0.87 0.07 
bn101216721 1.88E-06 3.86E-08  11.54  0.85  11.15 0.41   8.00 0.18 
bn101219686 2.49E-06 3.06E-08   1.49  0.35   0.90 0.18   0.68 0.08 
bn101220576 5.68E-06 5.51E-08   3.35  0.87   1.84 0.33   0.97 0.12 
bn101220864 2.94E-06 5.57E-08   3.03  0.75   2.71 0.39   2.18 0.20 
bn101223834 1.30E-06 2.45E-08   0.93  0.29   0.69 0.19   0.42 0.08 
bn101224227 1.06E-07 1.59E-08   2.77  0.44   1.99 0.24   0.53 0.08 
bn101224578 1.97E-06 1.08E-08   1.85  0.38   1.39 0.18   1.20 0.08 
bn101224614 1.32E-06 3.44E-08   1.61  0.46   1.12 0.22   0.91 0.11 
bn101224998 8.73E-07 1.63E-08   2.34  0.65   1.28 0.22   0.78 0.09 
bn101225377 1.14E-05 1.60E-07   4.45  0.63   3.80 0.30   3.20 0.14 
bn101227195 1.93E-06 4.95E-08   4.05  0.86   1.75 0.27   1.28 0.13 
bn101227406 7.96E-06 5.44E-08   4.37  0.59   3.70 0.28   3.12 0.13 
bn101227536 2.56E-06 1.86E-08   4.35  0.63   3.37 0.27   2.07 0.11 
bn101231067 9.86E-06 6.17E-08   9.84  0.93   8.81 0.43   6.15 0.20 
bn110101202 1.45E-07 1.44E-08   1.38  0.43   0.89 0.15   0.48 0.06 
bn110101506 3.53E-06 4.06E-08   1.60  0.45   0.86 0.25   0.45 0.09 
bn110102788 1.95E-05 1.15E-07   8.61  0.65   7.66 0.34   6.07 0.15 
bn110105877 1.25E-05 6.29E-08   4.94  0.70   4.31 0.32   3.29 0.14 
bn110106893 1.96E-06 2.98E-08   1.52  0.50   1.09 0.24   0.82 0.11 
bn110107886 7.07E-06 6.68E-08   1.62  0.42   1.50 0.21   1.03 0.08 
bn110108977 1.36E-06 2.98E-08   1.06  0.59   0.69 0.16   0.45 0.08 
bn110112934 1.84E-07 1.47E-08   4.85  0.69   2.75 0.30   0.86 0.09 
bn110117364 1.68E-06 9.30E-08   2.15  0.77   1.47 0.37   0.80 0.17 
bn110117626 1.29E-06 9.45E-09   2.43  0.60   1.57 0.23   0.84 0.08 
bn110118857 1.60E-06 2.31E-08   3.62  0.49   3.24 0.24   2.71 0.11 
bn110119931 5.76E-06 2.54E-08   2.84  0.55   2.33 0.24   1.29 0.09 
bn110120666 7.20E-06 2.42E-08   9.69  0.95   7.68 0.42   6.72 0.21 
bn110123804 1.13E-05 4.09E-08   5.42  0.56   4.93 0.28   4.53 0.14 
bn110124784 8.73E-08 7.35E-09   0.89  0.29   0.38 0.12   0.25 0.05 
bn110125894 3.90E-07 1.71E-08   1.33  0.46   1.07 0.15   0.90 0.08 
bn110128073 7.76E-07 5.63E-08   1.41  0.42   0.85 0.19   0.68 0.09 
bn110130230 1.54E-06 2.14E-08   1.23  0.35   0.78 0.18   0.48 0.06 
bn110131780 3.80E-08 9.09E-09   2.17  0.55   1.24 0.20   0.41 0.08 
bn110201399 1.69E-06 8.78E-08   3.28  0.91   1.96 0.44   1.53 0.20 
bn110204179 1.91E-06 3.68E-08   2.34  0.61   1.82 0.27   1.10 0.10 
bn110205027 3.01E-07 4.02E-08   2.56  0.71   1.69 0.32   1.14 0.15 
bn110205588 2.20E-06 3.78E-08   1.81  0.84   1.10 0.29   0.72 0.14 
bn110206202 4.49E-07 2.20E-08   1.94  0.60   1.35 0.29   0.94 0.14 
bn110207470 1.40E-06 2.05E-08   4.78  0.64   2.61 0.27   0.76 0.08 
bn110207959 1.90E-07 2.88E-08   0.91  0.32   0.74 0.15   0.50 0.08 
bn110209165 4.26E-07 1.96E-08   1.61  0.59   1.24 0.26   0.85 0.11 
bn110212550 2.13E-07 6.23E-09   9.43  0.75   4.40 0.27   1.15 0.08 
bn110213220 4.72E-06 2.73E-08   6.49  0.85   5.40 0.40   4.75 0.19 
bn110213876 6.94E-08 9.94E-09   1.75  0.52   1.01 0.19   0.39 0.07 
bn110217591 7.78E-07 2.31E-08   0.82  0.32   0.62 0.12   0.30 0.05 
bn110220761 1.20E-06 1.39E-08   1.93  0.39   1.44 0.18   1.17 0.08 
bn110221244 1.38E-06 1.90E-08   2.15  0.48   1.76 0.22   1.44 0.10 
bn110226989 1.06E-06 1.23E-08   1.37  0.46   0.93 0.17   0.69 0.08 
bn110227009 9.59E-08 5.82E-09   1.87  0.49   0.96 0.16   0.50 0.06 
bn110227229 1.10E-06 1.40E-08   2.16  0.53   1.32 0.24   1.03 0.11 
bn110227420 1.34E-06 4.52E-08   1.74  0.49   1.33 0.21   1.13 0.10 
bn110228011 2.77E-06 2.89E-08   3.16  0.73   2.20 0.31   1.59 0.13 
bn110228792 5.42E-07 1.15E-08   0.81  0.26   0.50 0.10   0.28 0.05 
bn110301214 2.19E-05 1.65E-08  48.69  1.72  44.78 0.83  35.76 0.38 
bn110302043 1.67E-06 2.74E-08   1.94  0.48   1.65 0.23   1.30 0.11 
bn110304071 2.21E-06 5.13E-08   3.96  0.70   2.94 0.32   2.45 0.15 
bn110307972 3.00E-07 2.44E-08   3.06  0.51   2.57 0.24   1.16 0.10 
bn110311812 5.31E-07 1.74E-08   2.14  0.53   1.03 0.19   0.78 0.09 
bn110316139 6.44E-08 1.84E-08   1.83  0.33   1.02 0.13   0.37 0.06 
bn110318552 4.89E-06 4.69E-08   7.33  0.59   6.10 0.29   5.21 0.14 
bn110319628 9.15E-07 2.02E-08   1.32  0.49   0.88 0.21   0.60 0.09 
bn110319815 1.39E-06 4.66E-08   2.44  0.81   1.11 0.23   0.94 0.13 
bn110321346 6.12E-07 2.39E-08   0.67  0.34   0.47 0.09   0.35 0.05 
bn110322558 1.98E-06 1.93E-08   2.24  0.45   1.37 0.18   0.78 0.07 
bn110328520 1.01E-05 5.68E-08   4.38  0.63   3.92 0.30   3.42 0.14 
bn110331604 1.40E-07 1.51E-08   0.92  0.33   0.68 0.12   0.52 0.06 
bn110401920 4.61E-07 1.46E-08   6.90  0.81   3.64 0.28   1.64 0.11 
bn110402009 3.87E-06 5.94E-08  11.90  1.51   6.67 0.46   3.33 0.20 
bn110407998 1.07E-05 9.97E-09  11.04  0.79  10.21 0.38   8.90 0.18 
bn110409179 1.55E-07 6.87E-09   6.71  0.61   2.95 0.23   0.70 0.07 
bn110410133 3.61E-06 1.00E-08   1.68  0.42   1.41 0.20   0.94 0.08 
bn110410772 5.04E-07 1.20E-08   1.81  0.49   1.33 0.22   0.82 0.08 
bn110411629 2.03E-06 3.89E-08   3.15  0.83   1.77 0.33   1.19 0.13 
bn110412315 1.48E-06 1.59E-08   1.68  0.35   1.03 0.16   0.80 0.08 
bn110413938 6.10E-07 1.73E-08   1.04  0.38   0.57 0.12   0.28 0.05 
bn110415541 2.67E-06 2.79E-08   3.15  0.68   2.55 0.30   2.31 0.15 
bn110420946 1.06E-07 1.35E-08   6.72  1.09   2.26 0.32   0.58 0.10 
bn110421757 5.49E-06 4.00E-08   3.18  0.48   3.00 0.24   2.57 0.11 
bn110422029 5.69E-08 1.05E-08   2.76  0.41   1.36 0.16   0.53 0.06 
bn110424758 2.59E-08 5.02E-09   2.77  0.55   1.14 0.19   0.27 0.08 
bn110426629 1.38E-05 5.06E-08   2.18  0.56   1.68 0.27   1.25 0.12 
bn110428338 6.84E-06 3.33E-08   4.55  0.59   4.03 0.28   3.26 0.13 
bn110428388 1.41E-05 8.13E-08  18.61  0.92  17.42 0.41  15.43 0.20 
bn110430375 3.54E-06 2.03E-08   2.16  0.45   1.63 0.19   1.55 0.10 
bn110503145 8.88E-07 2.07E-08   2.53  0.47   1.83 0.20   1.34 0.08 
bn110505203 1.01E-06 3.38E-08   3.43  0.51   3.07 0.25   2.66 0.12 
bn110509142 2.14E-06 2.19E-08   1.31  0.50   0.92 0.21   0.59 0.08 
bn110509475 2.39E-07 7.65E-09   4.99  0.55   3.26 0.23   1.24 0.08 
bn110511616 2.57E-07 2.34E-08   0.82  0.41   0.65 0.13   0.51 0.07 
bn110517453 5.30E-08 1.27E-08   3.03  0.57   1.51 0.21   0.44 0.07 
bn110517573 5.82E-06 2.02E-08   5.53  0.61   4.77 0.31   3.65 0.14 
bn110517902 5.82E-06 2.02E-08   5.53  0.61   4.77 0.31   3.65 0.14 
bn110520302 5.76E-07 2.68E-08   1.33  0.63   0.84 0.19   0.72 0.10 
bn110521478 1.71E-06 3.95E-08   8.26  1.24   6.60 0.58   5.27 0.26 
bn110522256 1.19E-06 1.73E-08   1.37  0.40   0.61 0.17   0.46 0.06 
bn110522296 6.36E-07 1.90E-08   1.38  0.42   0.99 0.18   0.80 0.09 
bn110522633 1.22E-06 1.21E-08   3.42  0.54   2.55 0.27   1.95 0.11 
bn110523344 1.30E-06 2.45E-08   3.34  0.59   2.18 0.26   1.70 0.12 
bn110526715 2.69E-07 4.94E-09   6.42  0.89   5.00 0.40   2.11 0.13 
bn110528624 2.67E-06 3.18E-08   1.58  0.45   0.96 0.17   0.55 0.07 
bn110529034 7.96E-07 8.35E-09  22.46  0.98  11.88 0.41   4.02 0.13 
bn110529262 3.69E-06 2.38E-08   7.32  0.71   7.08 0.36   4.18 0.15 
bn110529811 1.95E-06 1.61E-08   1.58  0.41   1.12 0.18   0.68 0.06 
bn110531448 1.12E-06 1.37E-08   1.03  0.37   0.72 0.16   0.56 0.07 
bn110601681 5.02E-06 6.65E-08   2.89  0.41   2.02 0.21   1.79 0.09 
bn110605183 1.16E-05 3.17E-08   5.25  0.69   4.75 0.36   4.31 0.17 
bn110605780 3.16E-07 1.16E-08   2.07  0.40   1.26 0.17   0.92 0.08 
bn110609185 2.70E-07 1.91E-08   0.98  0.44   0.73 0.14   0.49 0.07 
bn110609425 1.19E-06 2.28E-08   1.41  0.34   0.92 0.18   0.64 0.07 
bn110610640 4.74E-06 3.35E-08   3.77  0.53   3.10 0.25   2.42 0.11 
bn110613631 1.78E-06 2.03E-08   1.21  0.40   0.64 0.14   0.49 0.06 
bn110616648 5.88E-07 2.54E-08   1.19  0.62   0.76 0.20   0.51 0.09 
bn110618366 3.37E-05 8.90E-08   5.21  1.13   4.30 0.48   3.06 0.21 
bn110618760 5.64E-06 2.62E-08   2.66  0.54   1.89 0.23   1.19 0.09 
bn110622158 3.09E-05 8.10E-08   8.14  0.70   7.15 0.33   6.79 0.17 
bn110624906 1.43E-07 1.38E-08   0.91  0.34   0.66 0.14   0.43 0.06 
bn110625579 2.10E-06 1.89E-08   1.80  0.49   1.25 0.21   1.01 0.10 
bn110625881 3.91E-05 5.02E-08  39.77  1.55  38.93 0.75  35.88 0.36 
bn110626448 5.74E-07 1.61E-08   2.15  0.48   1.61 0.21   1.38 0.11 
bn110629174 1.29E-06 1.30E-08   4.77  0.67   4.11 0.31   2.15 0.11 
bn110702187 4.37E-06 7.06E-08   3.22  0.70   2.81 0.34   2.28 0.16 
bn110703557 5.60E-07 1.09E-08   2.89  0.44   2.23 0.20   1.70 0.09 
bn110705151 7.49E-07 1.18E-08  18.25  1.32  12.74 0.58   3.39 0.15 
bn110705364 4.98E-06 5.08E-08   4.02  0.51   3.36 0.24   2.86 0.11 
bn110706202 2.09E-06 5.60E-08   2.39  0.38   1.84 0.19   1.37 0.10 
bn110706477 4.06E-06 4.06E-08   2.14  0.46   1.93 0.21   1.11 0.08 
bn110706728 1.39E-06 4.39E-08   3.30  0.60   2.84 0.25   1.81 0.10 
bn110706977 3.06E-06 2.46E-08   2.95  0.57   2.25 0.28   1.88 0.12 
bn110709463 4.01E-06 2.41E-08   8.04  0.80   7.37 0.39   6.06 0.18 
bn110709642 1.92E-05 3.20E-08   8.18  0.85   7.19 0.44   6.05 0.21 
bn110709862 4.29E-07 1.35E-08   2.22  0.53   1.27 0.22   0.91 0.10 
bn110710954 4.87E-06 2.18E-08   9.46  0.89   7.33 0.41   3.83 0.17 
bn110716018 8.14E-07 1.98E-08   7.22  0.83   5.41 0.38   2.23 0.14 
bn110717180 1.43E-07 5.96E-09  10.95  1.08   3.32 0.34   0.84 0.13 
bn110717319 2.15E-05 2.86E-08  10.01  0.89   8.86 0.43   7.61 0.20 
bn110720177 3.27E-06 1.53E-08   3.42  0.49   2.64 0.22   2.36 0.10 
bn110721200 1.53E-05 2.09E-08  16.99  0.84  15.78 0.42  14.10 0.20 
bn110722694 1.15E-05 5.96E-08   3.19  0.64   2.81 0.28   2.53 0.13 
bn110722710 9.83E-07 3.18E-08   2.28  0.55   1.31 0.24   0.90 0.09 
bn110725236 7.59E-07 1.33E-08   2.43  0.46   1.90 0.22   1.28 0.09 
bn110726211 2.53E-06 5.23E-08   2.56  0.53   1.84 0.23   1.26 0.09 
bn110728056 1.69E-07 2.82E-08   2.65  0.48   1.71 0.21   1.05 0.10 
bn110729142 2.54E-05 2.63E-08   4.59  0.62   4.15 0.32   3.58 0.15 
bn110730008 6.49E-07 1.86E-08   1.18  0.37   0.97 0.17   0.53 0.07 
bn110730660 4.00E-06 4.83E-08   3.48  0.79   2.85 0.35   2.30 0.16 
bn110731465 1.09E-05 2.90E-08  12.25  0.95  10.36 0.45   8.35 0.21 
bn110801335 2.17E-07 2.02E-08   6.10  1.21   4.33 0.50   1.46 0.15 
bn110803783 1.61E-06 2.80E-08   0.93  0.32   0.73 0.13   0.56 0.06 
bn110806934 3.80E-06 1.43E-08   2.45  0.38   2.16 0.19   1.76 0.09 
bn110809461 2.37E-06 5.41E-08   4.18  0.73   3.12 0.30   2.22 0.14 
bn110812899 6.15E-07 1.25E-08   1.55  0.44   1.26 0.20   1.06 0.08 
bn110813237 2.59E-06 2.11E-08   3.88  0.55   3.11 0.24   2.65 0.12 
bn110817191 6.98E-06 2.12E-08  14.41  0.85  13.17 0.42  12.87 0.21 
bn110818860 2.78E-06 1.67E-08   1.85  0.41   1.21 0.17   0.74 0.08 
bn110819665 1.77E-06 4.43E-08   9.00  1.68   7.66 0.79   5.09 0.33 
bn110820476 4.42E-07 2.36E-08   1.11  0.40   0.91 0.18   0.74 0.09 
bn110824009 6.16E-06 8.35E-08  14.13  0.85  11.32 0.43   7.31 0.16 
bn110825102 2.46E-05 3.93E-08  36.30  1.30  30.62 0.58  25.08 0.26 
bn110825265 1.18E-06 1.31E-08   1.21  0.32   0.91 0.17   0.70 0.08 
bn110828575 1.39E-06 2.09E-08   1.71  0.49   0.94 0.17   0.66 0.07 
bn110831282 2.75E-06 1.89E-08   2.54  0.50   1.83 0.22   1.43 0.11 
bn110901230 7.16E-07 2.94E-08   0.93  0.39   0.76 0.15   0.54 0.08 
bn110903009 5.04E-06 2.30E-08   7.96  0.90   6.24 0.42   4.75 0.19 
bn110903111 1.89E-05 4.20E-08   3.85  0.58   3.27 0.27   2.57 0.12 
bn110904124 6.26E-06 3.69E-08   4.20  0.65   3.15 0.29   2.40 0.13 
bn110904163 1.86E-06 1.33E-08   2.27  0.42   1.81 0.19   1.25 0.09 
bn110904531 1.14E-06 2.79E-08   2.13  0.50   1.55 0.24   1.18 0.11 
bn110906302 2.41E-06 2.15E-08   3.37  0.57   2.47 0.27   2.14 0.13 
bn110909116 4.65E-06 1.10E-07  12.33  2.60  11.15 1.43   8.61 0.74 
bn110911071 2.88E-07 3.30E-08   2.37  0.82   1.41 0.39   0.84 0.17 
bn110916016 2.17E-07 3.27E-08   1.65  0.46   1.27 0.21   0.81 0.09 
bn110919634 1.42E-05 9.80E-08   6.53  0.84   5.84 0.35   5.20 0.17 
bn110920338 1.57E-06 1.14E-08   4.12  0.64   2.94 0.27   1.82 0.11 
bn110920546 9.07E-05 1.23E-07   9.25  0.86   8.22 0.43   7.73 0.22 
bn110921444 3.48E-06 7.41E-08   1.38  0.40   0.95 0.16   0.68 0.07 
bn110921577 1.89E-06 2.37E-08   1.72  0.51   1.21 0.25   0.90 0.12 
bn110921912 1.46E-05 4.16E-08  19.41  1.21  16.92 0.55  14.72 0.28 
bn110923481 6.60E-08 5.36E-09   0.81  0.22   0.60 0.11   0.34 0.05 
bn110923835 2.20E-06 4.27E-08   2.37  0.49   1.67 0.22   1.18 0.09 
bn110926107 6.42E-06 3.83E-08   3.89  0.60   2.60 0.26   2.18 0.12 
bn110928180 8.23E-06 4.71E-08   3.70  0.55   3.01 0.25   2.37 0.11 
bn110929187 1.35E-06 1.08E-08   3.67  0.54   2.97 0.26   2.79 0.13 
bn110930564 3.38E-06 6.82E-08   2.50  0.66   1.28 0.29   1.10 0.14 
bn111001804 6.26E-08 6.73E-09   2.02  0.46   1.45 0.19   0.42 0.08 
bn111003465 1.21E-05 3.28E-08  10.96  0.70  10.71 0.36   9.40 0.17 
bn111005398 1.17E-06 1.66E-08   1.35  0.36   0.78 0.16   0.48 0.06 
bn111008992 1.65E-06 1.45E-08   0.96  0.33   0.66 0.14   0.45 0.06 
bn111009282 8.92E-06 5.65E-08   8.57  0.81   7.23 0.38   6.26 0.18 
bn111010237 4.99E-06 6.75E-08   1.78  0.49   1.02 0.20   0.79 0.10 
bn111010660 4.80E-07 1.85E-08   1.61  0.44   1.30 0.19   0.98 0.09 
bn111010709 6.48E-06 2.69E-08   3.02  0.48   1.85 0.23   1.57 0.10 
bn111010899 5.89E-07 3.06E-08   1.47  0.43   1.06 0.20   0.76 0.10 
bn111011094 2.32E-07 1.04E-08   8.61  0.69   4.07 0.24   1.11 0.07 
bn111012456 1.01E-05 4.23E-08   6.83  0.95   6.45 0.47   5.37 0.22 
bn111012811 2.08E-06 1.74E-08  12.76  0.77  11.35 0.37   7.13 0.15 
bn111015427 1.32E-05 2.09E-07   5.80  0.91   4.89 0.41   4.24 0.19 
bn111017657 9.23E-06 2.95E-08   9.41  0.72   8.56 0.33   8.00 0.16 
bn111018595 6.84E-07 3.08E-08   1.88  0.45   1.40 0.23   1.17 0.11 
bn111018785 9.38E-07 1.79E-08   1.25  0.48   0.88 0.21   0.61 0.11 
bn111022854 9.90E-08 7.40E-09   3.78  0.54   2.29 0.23   0.62 0.08 
bn111024722 8.05E-06 3.84E-08   6.13  0.66   5.70 0.34   4.02 0.15 
bn111024896 1.41E-07 8.48E-09   3.50  0.74   1.95 0.27   0.67 0.09 
bn111025078 1.58E-06 1.63E-08   1.81  0.58   0.76 0.18   0.51 0.07 
bn111103441 1.92E-06 3.76E-08   3.86  0.61   3.26 0.30   2.37 0.13 
bn111103948 1.69E-07 2.79E-08   4.32  0.62   3.27 0.28   1.28 0.12 
bn111105457 1.12E-06 2.19E-08   1.62  0.48   0.96 0.22   0.65 0.09 
bn111107035 5.00E-07 1.98E-08   1.28  0.57   0.97 0.24   0.56 0.09 
bn111107076 5.68E-06 3.28E-08   2.30  0.44   1.72 0.21   1.49 0.10 
bn111109453 1.75E-07 1.75E-08   0.95  0.45   0.65 0.15   0.46 0.06 
bn111109873 4.28E-06 3.48E-07   8.81  2.49   6.22 1.07   4.41 0.50 
bn111112908 3.46E-07 4.63E-09   7.94  0.69   6.21 0.30   1.76 0.10 
bn111113410 1.55E-06 3.83E-08   2.90  0.45   2.64 0.22   2.15 0.11 
bn111114233 6.04E-07 1.42E-08   1.24  0.30   1.07 0.16   0.74 0.07 
bn111117510 2.21E-07 6.56E-09   6.24  0.71   2.52 0.23   1.24 0.09 
bn111117526 7.89E-07 1.39E-08   1.49  0.41   0.61 0.13   0.31 0.05 
bn111120556 3.19E-06 3.85E-08   2.06  0.48   1.72 0.23   1.37 0.11 
bn111124308 3.43E-07 1.20E-08   0.96  0.31   0.50 0.13   0.39 0.06 
bn111127810 4.31E-06 4.30E-08   5.66  0.76   5.29 0.36   4.69 0.17 
bn111201599 9.39E-07 3.78E-08   1.51  0.40   0.90 0.19   0.55 0.08 
bn111203054 2.61E-06 2.22E-08   3.84  0.54   3.00 0.24   2.38 0.11 
bn111203609 3.64E-07 2.37E-08   1.50  0.39   0.73 0.17   0.54 0.08 
bn111207512 1.16E-07 1.20E-08   1.90  0.45   0.89 0.19   0.55 0.09 
bn111208353 2.06E-06 2.49E-08   1.40  0.42   0.97 0.19   0.79 0.09 
bn111216389 2.51E-05 3.31E-08   9.20  1.01   6.92 0.47   5.15 0.21 
bn111220486 2.83E-05 1.41E-07  19.40  1.02  16.83 0.47  12.34 0.20 
bn111221739 1.10E-06 3.01E-08  10.64  1.35   9.36 0.63   4.22 0.20 
bn111222619 1.75E-06 1.07E-08  31.76  2.15  23.33 0.97   7.27 0.29 
bn111226795 7.20E-06 7.12E-08   2.24  0.40   1.93 0.18   1.51 0.09 
bn111228453 9.17E-07 2.51E-08   4.10  0.52   3.73 0.25   3.26 0.12 
bn111228657 7.45E-06 3.10E-08   7.30  0.68   6.37 0.32   4.88 0.15 
bn111230683 1.47E-06 2.68E-08   2.98  0.86   2.10 0.34   1.32 0.14 
bn111230819 2.18E-06 2.36E-08   4.10  0.57   3.58 0.26   2.46 0.12 
bn111231622 5.85E-07 5.09E-08   2.84  1.25   1.72 0.48   0.80 0.21 
bn120101354 8.76E-08 7.66E-09   4.61  0.54   2.11 0.22   0.55 0.09 
bn120102095 6.77E-06 2.32E-08   9.18  0.87   8.49 0.39   7.74 0.19 
bn120102416 1.46E-06 3.09E-08   2.33  0.52   1.48 0.22   1.28 0.09 
bn120105584 7.70E-07 1.55E-08   1.42  0.36   1.06 0.18   0.65 0.08 
bn120107384 3.90E-06 2.50E-08   4.20  0.55   3.51 0.25   2.74 0.11 
bn120109824 1.01E-06 2.55E-08   1.68  0.72   0.81 0.25   0.57 0.11 
bn120111051 2.36E-06 3.08E-08   1.60  0.49   0.84 0.17   0.53 0.08 
bn120114433 8.65E-08 1.63E-08   1.56  0.41   0.64 0.15   0.36 0.06 
bn120114681 1.30E-06 2.12E-08   1.47  0.46   1.01 0.22   0.58 0.08 
bn120117291 6.67E-08 9.50E-09   1.12  0.37   0.53 0.16   0.30 0.06 
bn120118709 1.27E-06 2.37E-08   1.65  0.53   0.90 0.23   0.72 0.10 
bn120118898 8.87E-07 1.87E-08   7.40  0.72   6.63 0.32   2.98 0.12 
bn120119170 2.22E-05 7.25E-08   8.75  0.77   8.05 0.39   7.39 0.19 
bn120119229 2.79E-06 1.86E-08   2.68  0.60   2.25 0.22   1.69 0.10 
bn120119354 1.66E-06 3.94E-08   2.27  0.47   2.11 0.24   1.56 0.10 
bn120120432 8.15E-07 1.81E-08   1.40  0.42   0.64 0.14   0.35 0.06 
bn120121101 1.13E-06 1.65E-08   1.53  0.38   1.15 0.17   0.79 0.08 
bn120121251 6.64E-06 3.54E-08   3.58  0.55   3.16 0.28   2.55 0.12 
bn120122300 1.55E-06 2.62E-08   2.08  0.56   1.39 0.22   0.91 0.09 
bn120129312 6.39E-08 9.14E-09   1.01  0.31   0.72 0.15   0.29 0.07 
bn120129580 2.94E-05 3.92E-08 112.97  2.99 110.18 1.47  81.16 0.63 
bn120130699 3.55E-06 7.61E-08   4.72  0.79   4.04 0.37   2.81 0.17 
bn120130906 3.27E-07 1.78E-08   1.30  0.29   0.88 0.15   0.63 0.06 
bn120130938 6.12E-06 9.33E-08   4.42  0.78   3.45 0.35   2.76 0.16 
bn120203812 6.26E-07 1.47E-08   2.80  0.74   1.37 0.24   0.88 0.11 
bn120204054 5.26E-05 4.41E-08  16.64  0.86  15.98 0.42  15.43 0.21 
bn120205285 1.37E-07 1.24E-08   1.48  0.40   1.26 0.19   0.67 0.09 
bn120206949 3.40E-06 3.46E-08  13.20  1.14  11.58 0.52   9.86 0.24 
bn120210650 3.28E-07 8.69E-09   3.80  0.44   3.09 0.20   1.71 0.07 
bn120212353 3.47E-08 6.64E-09   3.86  0.68   1.87 0.25   0.72 0.10 
bn120212383 5.80E-07 1.38E-08   1.58  0.44   0.99 0.20   0.79 0.11 
bn120213606 1.60E-06 2.51E-08   4.93  0.56   3.59 0.26   2.78 0.12 
bn120217808 8.23E-07 3.78E-08   3.48  0.73   3.36 0.34   2.58 0.15 
bn120217904 2.61E-06 2.12E-08  23.54  1.21  20.75 0.58  10.44 0.21 
bn120218276 6.31E-06 3.95E-08   1.58  0.45   1.04 0.19   0.80 0.09 
bn120219563 3.27E-07 9.87E-09   0.78  0.25   0.72 0.12   0.47 0.06 
bn120220210 6.99E-07 1.35E-08   1.61  0.41   0.60 0.13   0.42 0.07 
bn120222021 1.15E-06 1.19E-08  10.91  0.79   9.66 0.37   6.47 0.16 
bn120222119 1.38E-06 3.54E-08   2.29  0.56   1.16 0.24   0.86 0.12 
bn120223933 2.11E-06 4.48E-08   2.59  0.57   2.40 0.23   2.08 0.12 
bn120224282 4.63E-06 1.09E-07   2.74  0.55   1.93 0.25   1.46 0.12 
bn120224898 1.43E-06 3.24E-08   1.41  0.36   0.89 0.15   0.69 0.07 
bn120226447 3.20E-06 4.11E-08   4.65  1.22   3.27 0.47   2.31 0.19 
bn120226871 2.72E-05 4.78E-08   6.56  0.68   6.05 0.33   5.04 0.16 
bn120227391 1.91E-06 4.64E-08   3.43  0.92   1.82 0.30   0.96 0.12 
bn120227725 1.37E-05 5.18E-08  11.19  1.43   9.46 0.70   8.06 0.33 
bn120302080 1.29E-06 2.77E-08   0.91  0.35   0.71 0.15   0.51 0.07 
bn120302722 6.00E-08 8.66E-09   1.98  0.45   1.17 0.17   0.50 0.07 
bn120304061 2.08E-06 1.10E-08   3.78  0.30   3.78 0.15   3.25 0.09 
bn120304248 3.35E-06 2.41E-08  12.78  0.99   8.93 0.52   5.30 0.21 
bn120308588 3.24E-06 3.37E-08   8.77  1.20   7.99 0.57   6.21 0.24 
bn120312671 4.75E-07 1.53E-08   1.17  0.36   0.69 0.19   0.47 0.07 
bn120314412 9.24E-08 1.76E-08   0.97  0.31   0.84 0.13   0.45 0.05 
bn120316008 7.58E-06 1.65E-08   6.26  0.89   5.82 0.43   3.52 0.17 
bn120319983 1.30E-06 2.06E-08   1.23  0.40   0.95 0.16   0.51 0.06 
bn120323162 9.31E-07 9.99E-09   4.60  0.60   3.42 0.27   2.43 0.12 
bn120323507 5.37E-06 1.69E-08 188.58  3.19 105.90 1.20  34.76 0.35 
bn120326056 1.55E-06 2.51E-08   2.86  0.44   2.09 0.21   1.84 0.10 
bn120327418 7.30E-08 2.02E-08   3.48  0.81   1.59 0.25   0.50 0.09 
bn120328268 4.09E-05 9.20E-08  19.88  0.91  18.62 0.45  16.98 0.22 
bn120331055 2.53E-07 2.63E-08   6.05  0.87   2.24 0.30   0.52 0.11 
bn120402669 1.33E-06 1.26E-08   3.04  0.36   2.76 0.30   2.46 0.13 
bn120403857 1.25E-07 1.08E-08   0.60  0.25   0.55 0.12   0.40 0.06 
bn120410585 1.51E-07 1.12E-08   4.61  0.56   2.86 0.26   0.77 0.10 
bn120411925 7.26E-07 1.44E-08   1.13  0.34   0.69 0.12   0.42 0.05 
bn120412055 6.81E-07 4.89E-08   1.77  0.50   1.44 0.24   1.04 0.11 
bn120412920 3.91E-06 2.91E-08   3.67  0.69   3.11 0.33   2.38 0.15 
bn120415076 1.47E-06 2.90E-08   2.69  0.48   2.33 0.22   1.92 0.10 
bn120415891 7.17E-08 4.16E-09   1.59  0.31   1.23 0.14   0.53 0.06 
bn120415958 1.10E-06 3.03E-08   2.51  0.65   1.60 0.35   1.16 0.15 
bn120420249 1.63E-06 3.39E-08   2.10  0.53   1.56 0.25   1.20 0.11 
bn120420858 2.33E-05 1.19E-07   3.49  0.67   2.49 0.31   2.10 0.15 
bn120426090 1.38E-05 1.20E-08  43.71  1.85  41.16 0.90  38.17 0.44 
bn120426585 2.13E-06 2.16E-08   1.94  0.42   1.08 0.21   0.70 0.07 
bn120427054 5.17E-06 2.10E-08  10.10  0.85   9.50 0.42   8.74 0.20 
bn120427153 3.75E-07 2.05E-08   0.80  0.39   0.67 0.15   0.41 0.07 
bn120429003 1.59E-07 1.16E-08   2.58  0.51   1.40 0.18   0.87 0.08 
bn120429484 1.11E-06 9.04E-09   1.87  0.44   1.55 0.19   1.26 0.09 
bn120430980 3.19E-07 1.06E-08   0.76  0.44   0.52 0.18   0.40 0.07 
bn120504468 1.66E-06 1.42E-08   1.01  0.38   0.72 0.17   0.53 0.07 
bn120504945 8.06E-07 1.45E-08   2.48  0.66   1.67 0.27   1.22 0.12 
bn120506128 1.57E-07 1.36E-08   1.22  0.39   0.69 0.16   0.58 0.07 
bn120509619 9.65E-08 8.39E-09   1.79  0.48   1.21 0.18   0.54 0.07 
bn120510900 3.01E-06 3.21E-08   1.43  0.49   0.92 0.21   0.52 0.08 
bn120511638 5.66E-06 5.26E-08   3.83  0.81   2.90 0.36   2.21 0.17 
bn120512112 6.69E-06 3.99E-08   4.01  0.41   3.77 0.22   3.53 0.11 
bn120513531 6.68E-07 2.00E-08   1.30  0.40   1.14 0.20   0.75 0.09 
bn120519721 5.69E-07 1.20E-08   6.10  0.84   4.55 0.40   3.21 0.16 
bn120520949 4.41E-07 1.41E-08   1.70  0.35   1.32 0.18   1.06 0.09 
bn120521380 1.79E-06 1.91E-08   1.39  0.38   0.77 0.17   0.52 0.08 
bn120522361 5.02E-06 2.84E-08   5.49  0.79   4.76 0.38   3.95 0.17 
bn120524134 1.27E-07 7.96E-09   5.49  0.78   2.84 0.33   0.91 0.10 
bn120526303 4.66E-05 1.19E-07  12.63  2.07   7.99 0.93   6.36 0.49 
bn120528442 2.12E-06 2.46E-08   2.87  0.57   2.25 0.27   1.84 0.12 
bn120530121 4.10E-06 2.51E-08   2.74  0.55   2.19 0.25   1.56 0.12 
bn120531393 5.16E-07 1.01E-08   1.00  0.38   0.70 0.16   0.47 0.07 
bn120603439 3.05E-07 1.54E-08   6.48  0.94   4.91 0.37   1.60 0.11 
bn120604220 7.14E-07 2.70E-08   3.45  0.56   2.29 0.23   0.99 0.09 
bn120604343 8.62E-07 3.81E-08   1.16  0.38   1.14 0.20   0.69 0.08 
bn120605453 1.71E-06 3.08E-08   5.94  0.71   4.56 0.32   3.74 0.15 
bn120608489 2.95E-07 1.09E-08   4.18  0.65   3.77 0.31   1.40 0.10 
bn120608777 1.77E-06 2.40E-08   2.37  0.54   1.51 0.23   1.13 0.09 
bn120609580 2.60E-07 1.33E-08   1.73  0.44   1.61 0.22   1.15 0.09 
bn120611108 2.29E-06 2.73E-08   3.60  0.52   2.98 0.25   1.45 0.09 
bn120612680 1.10E-06 1.55E-08   1.36  0.38   0.61 0.18   0.48 0.08 
bn120612687 2.50E-07 1.18E-08   5.83  0.82   3.95 0.35   1.14 0.10 
bn120616630 6.42E-08 6.03E-09   3.25  0.80   1.07 0.23   0.28 0.08 
bn120618128 3.79E-06 3.79E-08   3.25  0.51   2.92 0.24   2.63 0.38 
bn120618919 1.95E-06 3.16E-08   4.67  1.00   3.17 0.41   1.75 0.18 
bn120619884 2.24E-07 1.69E-08   2.72  0.61   1.97 0.23   1.00 0.09 
bn120624309 2.55E-06 4.19E-08  48.93  1.31  33.11 0.63  10.60 0.20 
bn120624933 7.64E-05 1.09E-07   9.99  0.71   9.31 0.35   8.28 0.17 
bn120625119 6.10E-06 2.00E-08  10.74  1.04   9.94 0.49   9.55 0.23 
bn120629565 3.24E-08 6.57E-09   0.83  0.21   0.51 0.10   0.24 0.05 
bn120701654 4.91E-08 2.92E-08   1.56  0.50   1.05 0.24   0.41 0.11 
bn120702891 9.95E-07 3.40E-08   1.16  0.41   0.66 0.14   0.44 0.06 
bn120703417 5.49E-06 2.78E-08   3.58  0.56   2.90 0.25   2.55 0.12 
bn120703498 1.54E-06 3.29E-08   1.90  0.54   1.22 0.21   0.73 0.08 
bn120703726 4.31E-06 5.25E-08  11.92  0.73  10.30 0.36   8.60 0.17 
bn120707800 5.21E-05 3.38E-07  28.34  2.53  24.61 1.23  22.60 0.59 
bn120709883 6.30E-06 2.11E-08  10.91  0.77   8.50 0.36   5.00 0.16 
bn120710100 2.71E-06 1.10E-08   1.99  0.44   1.17 0.17   0.90 0.08 
bn120711115 6.65E-05 7.69E-08  19.05  1.68  14.42 0.64  12.19 0.28 
bn120711446 1.00E-06 1.18E-08   0.73  0.34   0.54 0.10   0.31 0.05 
bn120712571 2.61E-06 2.62E-08   2.49  0.41   1.75 0.18   1.61 0.09 
bn120713226 5.97E-07 5.92E-08   1.04  0.41   0.71 0.17   0.52 0.08 
bn120715066 1.13E-06 1.95E-08   2.14  0.60   1.28 0.20   0.75 0.07 
bn120716577 2.79E-06 6.16E-08   2.03  0.60   1.62 0.24   1.43 0.12 
bn120716712 7.43E-06 1.76E-08   7.73  0.76   6.97 0.37   3.54 0.14 
bn120719146 8.12E-06 4.02E-08   3.31  0.58   3.05 0.28   2.25 0.12 
bn120727354 6.62E-08 1.20E-08   0.73  0.21   0.42 0.10   0.27 0.05 
bn120727681 5.29E-06 3.75E-08   6.69  0.59   6.18 0.29   5.70 0.14 
bn120728434 6.99E-05 1.31E-06  17.70  1.22  17.28 0.60  15.98 0.29 
bn120728934 1.92E-06 2.24E-08   3.32  0.76   1.32 0.23   0.80 0.10 
bn120729456 2.67E-06 2.89E-08   2.39  0.49   2.03 0.22   1.80 0.11 
bn120801920 1.82E-05 1.45E-07   6.91  1.76   4.55 0.79   3.78 0.38 
bn120805706 9.64E-08 1.13E-08   0.76  0.44   0.63 0.15   0.50 0.07 
bn120806007 2.21E-06 1.97E-08   3.23  0.47   2.60 0.21   2.37 0.10 
bn120811014 4.66E-07 1.04E-08   8.16  0.95   4.97 0.40   1.82 0.13 
bn120811649 1.61E-06 1.19E-07   3.34  0.82   3.00 0.40   2.17 0.19 
bn120814201 2.28E-07 1.97E-08   3.57  0.94   2.16 0.35   1.44 0.14 
bn120814803 7.19E-08 1.98E-08   2.81  0.46   1.56 0.19   0.36 0.07 
bn120817057 5.71E-07 1.46E-08   0.99  0.29   0.59 0.12   0.29 0.06 
bn120817168 5.00E-07 5.93E-09  19.28  1.44   8.08 0.47   2.19 0.13 
bn120819048 7.43E-07 1.74E-08   1.59  0.43   1.19 0.18   0.71 0.07 
bn120820585 3.85E-06 1.48E-08   1.16  0.26   0.84 0.12   0.67 0.06 
bn120822628 6.42E-08 7.56E-09   0.82  0.23   0.51 0.11   0.32 0.05 
bn120824594 3.22E-06 2.19E-08   1.56  0.43   0.66 0.14   0.42 0.06 
bn120827216 1.72E-06 5.02E-08   4.48  0.86   3.27 0.34   2.67 0.16 
bn120830212 3.97E-06 1.17E-07   6.94  1.00   6.21 0.47   3.76 0.21 
bn120830297 7.92E-07 1.60E-08   5.06  0.73   4.63 0.34   3.14 0.15 
bn120830702 3.32E-06 1.77E-08   2.69  0.43   2.50 0.21   1.70 0.09 
bn120831901 1.24E-07 1.54E-08   5.33  0.77   2.29 0.25   0.69 0.08 
bn120905657 1.09E-05 3.15E-07   1.71  0.35   1.34 0.18   1.15 0.08 
bn120907017 5.25E-07 2.49E-08   3.67  0.91   2.51 0.41   1.65 0.17 
bn120908873 8.00E-06 4.63E-08   4.13  0.77   2.74 0.36   2.10 0.14 
bn120908938 3.30E-06 6.95E-08   2.22  0.57   1.29 0.23   1.03 0.11 
bn120909070 5.17E-06 7.87E-08   2.29  0.51   2.03 0.26   1.09 0.09 
bn120911298 1.22E-06 2.36E-08   1.85  0.51   1.41 0.24   1.08 0.11 
bn120913846 7.87E-07 1.58E-08   0.99  0.22   0.83 0.14   0.64 0.06 
bn120913997 1.09E-05 3.28E-08   2.80  0.48   2.35 0.22   1.90 0.09 
bn120914144 4.21E-07 1.90E-08   2.11  0.51   1.60 0.22   1.06 0.10 
bn120915000 1.89E-07 1.31E-08   3.05  0.62   2.04 0.26   0.89 0.09 
bn120915474 2.05E-07 1.20E-08   1.16  0.32   0.50 0.11   0.32 0.05 
bn120916085 4.02E-08 5.44E-09   2.53  0.40   1.37 0.19   0.59 0.08 
bn120916173 7.24E-06 2.58E-08   1.33  0.47   5.78 0.40   5.09 0.16 
bn120919052 1.08E-05 2.05E-08   7.36  0.70   6.71 0.34   4.62 0.15 
bn120919309 9.51E-06 2.73E-08  13.78  0.75  13.26 0.37  11.89 0.18 
bn120919816 6.06E-07 9.74E-09   1.77  0.43   1.37 0.20   0.76 0.08 
bn120920003 5.19E-07 1.61E-08   1.06  0.34   0.50 0.13   0.28 0.06 
bn120921877 1.62E-06 1.70E-08   7.30  0.83   6.82 0.40   5.31 0.19 
bn120922939 3.92E-06 1.12E-07   1.13  0.41   0.99 0.21   0.82 0.10 
bn120926335 1.19E-06 2.50E-08   7.83  0.63   5.79 0.27   2.91 0.11 
bn120926426 2.60E-06 4.75E-08   2.97  0.73   2.13 0.30   1.30 0.11 
bn120926753 1.06E-07 1.35E-08   1.33  0.39   0.50 0.14   0.32 0.06 
bn121004211 2.23E-07 8.22E-09   2.50  0.58   1.61 0.24   0.96 0.09 
bn121005030 1.81E-06 3.00E-08   2.77  0.86   1.11 0.25   0.54 0.08 
bn121005340 2.92E-06 2.94E-08   1.92  0.45   0.87 0.14   0.68 0.06 
bn121008424 2.39E-07 7.76E-09   1.96  0.50   1.56 0.22   1.01 0.10 
bn121011469 2.33E-06 1.82E-08   1.69  0.40   0.86 0.13   0.64 0.06 
bn121012724 4.87E-07 5.12E-09   6.29  0.68   5.33 0.31   2.14 0.10 
bn121014638 8.42E-08 1.29E-08   1.59  0.37   1.20 0.16   0.51 0.06 
bn121019233 3.19E-07 4.63E-08   2.22  0.52   0.74 0.16   0.30 0.05 
bn121023322 4.44E-07 2.35E-08   5.35  0.72   4.77 0.38   2.47 0.15 
bn121027038 4.40E-06 3.53E-08   1.51  0.64   1.32 0.29   0.97 0.13 
bn121028280 5.75E-07 1.30E-08   1.73  0.38   1.11 0.17   0.76 0.08 
bn121029350 5.12E-06 3.25E-08  12.74  0.71  10.54 0.34   7.42 0.15 
bn121031949 8.03E-06 7.40E-08   2.67  0.55   2.11 0.26   1.81 0.13 
bn121102064 4.09E-07 3.72E-08   0.79  0.29   0.61 0.14   0.48 0.07 
bn121104627 2.56E-06 6.33E-08   1.69  0.44   1.17 0.19   0.94 0.09 
bn121109338 2.89E-06 3.39E-08   3.13  0.67   2.23 0.28   1.95 0.14 
bn121112806 1.25E-07 1.82E-08   2.29  0.49   0.95 0.14   0.62 0.07 
bn121113544 1.57E-05 5.13E-08   5.41  0.76   4.09 0.35   3.14 0.16 
bn121116459 1.71E-07 7.43E-09   2.90  1.01   1.55 0.31   0.95 0.12 
bn121117018 5.13E-06 3.64E-08   2.10  0.40   1.74 0.18   1.31 0.08 
bn121118576 3.91E-06 1.92E-08  17.23  0.91  12.11 0.39   4.96 0.14 
bn121119579 4.79E-07 1.31E-08   4.85  0.67   3.49 0.29   1.84 0.12 
bn121122564 3.89E-07 1.02E-08   1.37  0.39   1.26 0.18   0.93 0.09 
bn121122870 5.42E-06 3.16E-08   3.29  0.60   3.13 0.31   1.92 0.12 
bn121122885 2.48E-05 6.64E-08  22.18  2.82  20.18 1.43  18.90 0.68 
bn121123421 1.25E-05 4.10E-07   2.53  0.52   2.20 0.25   1.93 0.12 
bn121123442 7.97E-06 5.68E-08   4.06  0.64   2.92 0.26   2.29 0.11 
bn121124606 2.49E-08 5.55E-09   1.58  0.36   0.70 0.13   0.20 0.05 
bn121125356 3.74E-06 3.44E-08   3.05  0.49   2.30 0.21   1.62 0.09 
bn121125469 4.80E-07 1.49E-08   1.09  0.33   0.84 0.13   0.60 0.06 
bn121127914 5.58E-07 1.98E-08   9.86  0.90   7.26 0.43   2.32 0.14 
bn121128212 5.08E-06 5.83E-08  10.82  1.05   9.22 0.49   7.23 0.22 
bn121202181 1.17E-06 3.32E-08   1.15  0.33   0.73 0.18   0.48 0.07 
bn121205507 7.04E-08 4.06E-09   0.90  0.40   0.58 0.18   0.26 0.06 
bn121210081 1.06E-06 3.29E-08   1.56  0.51   1.48 0.26   0.82 0.12 
bn121211574 3.69E-07 2.19E-08   1.39  0.35   0.78 0.16   0.58 0.06 
bn121211695 7.57E-07 1.89E-08   2.11  0.41   1.70 0.19   1.43 0.09 
bn121216419 2.17E-07 1.39E-08   1.42  0.54   1.05 0.22   0.53 0.08 
bn121217313 3.67E-06 3.58E-08   2.53  0.71   1.43 0.27   0.94 0.11 
bn121220311 2.81E-07 1.61E-08   0.67  0.23   0.40 0.11   0.30 0.05 
bn121221916 2.65E-06 2.53E-08   1.83  0.40   1.12 0.18   0.93 0.08 
bn121223300 4.85E-06 1.10E-08   5.56  0.52   4.98 0.25   4.61 0.12 
bn121225417 3.53E-05 9.93E-08  14.02  0.98  12.71 0.47  11.08 0.22 
bn121229533 2.13E-06 1.90E-08   2.42  0.51   1.66 0.21   1.34 0.10 
bn121231445 1.54E-06 2.93E-08   1.45  0.48   0.94 0.18   0.58 0.08 
bn130104721 3.17E-06 3.00E-08   3.32  0.50   2.82 0.24   2.20 0.11 
bn130106829 9.85E-07 2.27E-08   1.68  0.42   1.17 0.19   0.94 0.08 
bn130106995 7.71E-06 3.25E-08   2.66  0.68   2.23 0.33   1.73 0.14 
bn130109206 1.40E-06 3.52E-08   3.53  0.46   2.95 0.22   2.36 0.11 
bn130112286 1.52E-06 2.39E-08   4.68  0.58   4.07 0.27   2.61 0.11 
bn130112353 5.49E-07 1.55E-08   4.22  0.60   3.20 0.28   1.66 0.10 
bn130114019 4.42E-07 3.99E-08   1.36  0.34   0.97 0.17   0.74 0.08 
bn130115716 1.70E-06 1.78E-08   2.61  0.50   1.57 0.21   1.11 0.09 
bn130116415 4.79E-07 1.79E-08   2.38  0.80   1.04 0.25   0.39 0.08 
bn130117087 1.54E-06 1.93E-08   0.96  0.40   0.60 0.13   0.40 0.06 
bn130118482 4.40E-07 1.88E-08   0.80  0.25   0.80 0.13   0.36 0.06 
bn130121835 2.50E-05 6.14E-08  15.72  1.31  14.54 0.66  11.57 0.30 
bn130123843 7.55E-07 1.69E-08   1.78  0.39   1.32 0.19   0.94 0.09 
bn130127299 5.56E-07 3.08E-08   1.04  0.40   0.66 0.14   0.41 0.06 
bn130127743 7.57E-08 6.27E-09   4.85  0.48   2.40 0.23   0.52 0.08 
bn130131511 2.38E-05 3.84E-08   4.91  0.84   4.06 0.35   3.44 0.16 
bn130204484 1.18E-07 7.05E-09   4.15  0.69   2.31 0.25   0.60 0.09 
bn130206482 4.37E-06 3.43E-08   8.31  0.59   7.84 0.29   6.98 0.14 
bn130206817 1.53E-06 4.14E-08   1.82  0.47   1.39 0.21   0.73 0.09 
bn130208684 1.36E-06 2.72E-08   1.85  0.43   0.90 0.16   0.60 0.07 
bn130209961 3.75E-06 1.03E-08   6.70  0.66   5.42 0.30   3.96 0.14 
bn130213905 4.97E-07 2.66E-08   0.75  0.41   0.53 0.20   0.48 0.07 
bn130214137 8.33E-07 5.13E-08   0.81  0.31   0.47 0.10   0.31 0.05 
bn130214800 3.23E-06 4.62E-08   3.57  0.45   3.15 0.22   2.62 0.10 
bn130215063 9.95E-06 1.78E-07   2.06  0.48   1.57 0.21   1.22 0.10 
bn130215649 1.24E-05 3.01E-08   5.20  1.02   4.00 0.42   3.38 0.19 
bn130216790 2.56E-06 1.78E-08   6.36  0.80   4.98 0.32   4.18 0.15 
bn130216927 3.79E-06 3.93E-08   7.62  0.64   5.92 0.31   5.23 0.15 
bn130217688 6.31E-07 2.99E-08   1.94  0.57   1.48 0.24   1.30 0.12 
bn130218261 5.12E-06 4.89E-08   4.17  0.89   3.33 0.43   2.25 0.17 
bn130219197 1.66E-05 5.78E-08   2.43  0.43   1.92 0.22   1.40 0.09 
bn130219626 1.39E-07 1.21E-08   4.16  0.62   2.22 0.23   0.60 0.09 
bn130219775 1.53E-05 3.87E-08   8.85  0.78   7.12 0.35   6.65 0.18 
bn130220964 3.99E-06 2.51E-08  11.53  0.65  11.23 0.32   9.61 0.15 
bn130224370 2.80E-06 3.12E-08   2.09  0.43   1.63 0.18   1.24 0.08 
bn130228111 4.60E-06 3.07E-08   3.20  0.46   2.01 0.21   1.76 0.11 
bn130228212 8.37E-06 3.16E-08  14.40  1.99  12.58 0.95   8.91 0.39 
bn130304410 1.53E-05 4.76E-08   7.10  1.21   5.98 0.59   3.09 0.21 
bn130304658 9.58E-07 2.46E-08   2.52  0.71   1.16 0.22   0.65 0.09 
bn130305486 1.85E-05 3.89E-08  14.97  1.02  14.03 0.49  13.24 0.24 
bn130305526 8.32E-07 2.46E-08   0.99  0.40   0.66 0.16   0.26 0.06 
bn130306991 6.91E-05 3.50E-07  16.05  2.81  11.97 1.26   9.64 0.59 
bn130307126 2.52E-07 3.48E-09   4.36  0.60   3.20 0.25   1.42 0.08 
bn130307238 2.17E-06 3.23E-08   1.69  0.57   0.84 0.17   0.59 0.08 
bn130310840 4.97E-06 3.51E-08  78.95  1.73  42.22 0.77  18.23 0.25 
bn130314147 7.89E-06 2.36E-08   2.60  0.48   1.99 0.23   1.51 0.10 
bn130318456 1.58E-06 2.38E-08   1.67  0.56   0.95 0.27   0.69 0.12 
bn130320560 2.37E-05 1.90E-07  27.51  1.50  26.80 0.71  25.33 0.34 
bn130324042 1.27E-06 1.83E-08   1.12  0.33   0.57 0.12   0.42 0.06 
bn130325005 4.16E-08 9.29E-09   2.84  0.47   1.06 0.16   0.35 0.07 
bn130325203 4.18E-06 1.58E-08   7.77  0.56   7.48 0.29   6.39 0.14 
bn130327350 2.75E-05 4.33E-08   9.11  0.82   8.18 0.40   6.87 0.18 
bn130331566 5.47E-06 2.71E-08   8.00  1.04   7.61 0.53   6.72 0.25 
bn130403866 6.15E-07 3.69E-08   1.65  0.47   0.81 0.21   0.52 0.10 
bn130404428 4.90E-07 2.46E-08   3.87  0.56   2.04 0.21   1.42 0.10 
bn130404840 3.65E-06 3.45E-08   5.20  0.67   4.81 0.33   4.22 0.16 
bn130404877 1.30E-07 3.16E-08   2.48  0.51   1.60 0.23   0.65 0.09 
bn130406288 1.73E-06 2.84E-08   7.37  0.61   6.08 0.29   4.58 0.13 
bn130406334 1.73E-06 5.92E-08   2.58  0.72   1.54 0.28   1.12 0.12 
bn130406354 1.97E-07 1.68E-08   1.24  0.40   1.17 0.20   0.80 0.10 
bn130407800 8.88E-07 2.70E-08   1.07  0.34   0.63 0.14   0.33 0.06 
bn130408653 1.16E-06 2.62E-08   3.74  0.68   3.34 0.34   1.98 0.14 
bn130409960 4.41E-06 2.61E-08   4.18  0.60   3.96 0.29   3.63 0.14 
bn130416690 1.73E-07 1.03E-08   1.45  0.40   0.91 0.19   0.68 0.09 
bn130416770 2.79E-07 1.03E-08  10.67  0.99   4.52 0.32   1.27 0.10 
bn130418844 2.87E-06 1.80E-08   1.73  0.50   1.13 0.18   0.86 0.07 
bn130420313 5.79E-06 1.30E-07   2.47  0.76   1.76 0.35   1.38 0.17 
bn130420343 3.90E-06 3.35E-08   1.90  0.39   1.48 0.17   1.15 0.09 
bn130420422 2.02E-06 2.35E-08   3.73  0.85   2.83 0.34   2.23 0.15 
bn130420539 8.76E-07 3.46E-08   1.37  0.43   0.86 0.19   0.71 0.09 
bn130425327 2.22E-05 7.08E-08  15.05  2.18  11.76 0.94   9.36 0.43 
bn130427324 8.17E-04 6.59E-07 576.56  7.07 556.91 3.58 496.29 1.62 
bn130502327 5.70E-05 3.84E-08  47.10  1.62  40.08 0.76  26.14 0.32 
bn130502743 3.64E-07 2.09E-08   2.97  0.66   2.23 0.30   1.11 0.11 
bn130503214 2.67E-08 5.16E-09   3.28  0.54   1.10 0.20   0.24 0.09 
bn130504314 1.46E-06 1.77E-08  24.19  1.21  15.90 0.65   6.22 0.22 
bn130504978 5.60E-05 1.18E-07  24.79  1.45  23.91 0.71  19.52 0.31 
bn130505955 4.25E-06 1.09E-07   3.68  0.72   2.81 0.29   2.04 0.13 
bn130507545 2.42E-06 2.48E-08   1.62  0.41   1.52 0.20   1.02 0.08 
bn130509078 4.65E-06 3.12E-08   5.70  0.65   4.40 0.29   4.04 0.14 
bn130509839 8.96E-07 1.26E-08   0.82  0.28   0.49 0.11   0.32 0.06 
bn130510877 1.68E-06 4.16E-08   2.00  0.47   1.18 0.20   0.95 0.09 
bn130514560 1.27E-06 2.53E-08   3.99  0.86   3.57 0.40   2.66 0.19 
bn130515056 2.92E-07 4.81E-09   8.13  0.86   4.79 0.35   1.36 0.12 
bn130515430 5.20E-07 2.28E-08   0.92  0.32   0.67 0.15   0.45 0.07 
bn130515755 4.06E-07 1.09E-08   2.25  0.55   2.03 0.28   1.39 0.13 
bn130517781 1.09E-05 4.22E-08   4.18  0.56   3.58 0.27   3.13 0.13 
bn130518551 1.42E-06 2.57E-08   8.63  0.80   6.57 0.29   3.47 0.11 
bn130518580 4.46E-05 8.03E-08  23.01  1.04  22.44 0.52  21.33 0.26 
bn130522510 1.88E-06 1.93E-08   2.90  0.48   2.04 0.22   1.61 0.11 
bn130523095 3.39E-06 2.85E-08   5.43  0.82   4.80 0.40   3.61 0.18 
bn130523198 1.29E-06 1.73E-08   3.17  0.44   2.60 0.21   2.29 0.10 
bn130527627 6.14E-06 3.62E-08   3.56  0.64   2.56 0.27   2.30 0.13 
bn130528503 1.88E-06 1.46E-08   1.57  0.41   1.34 0.20   1.01 0.08 
bn130528695 6.61E-06 6.89E-08   4.72  0.68   3.73 0.31   3.10 0.14 
bn130530719 3.49E-06 2.14E-08   2.51  0.48   1.67 0.20   1.32 0.10 
bn130604033 9.44E-06 6.71E-08   9.33  0.85   7.49 0.38   5.34 0.17 
bn130606316 4.66E-06 2.25E-08   4.82  0.48   3.81 0.21   3.18 0.10 
bn130606497 8.86E-05 1.05E-07  32.55  1.64  29.88 0.75  26.48 0.34 
bn130609129 4.56E-07 3.45E-08   1.04  0.38   0.76 0.14   0.65 0.06 
bn130609902 2.45E-05 1.68E-07   9.08  1.12   8.32 0.56   7.40 0.25 
bn130610133 2.10E-06 2.45E-08   2.27  0.55   1.61 0.25   1.27 0.12 
bn130611538 4.02E-06 5.08E-08   2.06  0.49   1.30 0.23   0.98 0.10 
bn130612141 3.24E-07 4.24E-08   0.31  0.08   0.28 0.04   0.24 0.04 
bn130612456 5.10E-06 2.15E-08  13.58  0.88  12.84 0.43  11.48 0.20 
bn130614997 3.51E-06 4.84E-08   7.63  0.67   6.27 0.44   4.86 0.14 
bn130615398 1.51E-06 8.16E-08   2.21  0.69   1.58 0.30   0.92 0.13 
bn130617564 1.35E-07 8.74E-09   1.85  0.54   1.53 0.26   1.02 0.12 
bn130620498 7.48E-07 3.42E-08   1.66  0.40   1.40 0.19   1.19 0.09 
bn130622615 2.52E-07 1.20E-08   3.39  0.57   2.43 0.23   1.28 0.09 
bn130623130 5.48E-07 9.98E-09   1.53  0.36   1.17 0.16   0.69 0.07 
bn130623396 5.95E-07 2.70E-08   1.22  0.35   0.75 0.18   0.49 0.08 
bn130623488 1.10E-06 1.64E-08   1.60  0.50   1.13 0.22   0.82 0.09 
bn130623699 4.40E-07 2.16E-08   1.33  0.54   0.76 0.22   0.49 0.09 
bn130623790 4.37E-06 2.96E-08   5.66  0.78   4.09 0.30   3.37 0.14 
bn130624093 2.93E-07 1.20E-08   1.45  0.38   0.84 0.17   0.53 0.09 
bn130626452 1.17E-07 4.46E-09   3.28  0.65   1.81 0.23   0.55 0.08 
bn130626596 2.71E-06 1.45E-08   3.75  0.68   2.51 0.29   1.69 0.12 
bn130627372 8.93E-07 1.31E-08   2.15  0.49   1.84 0.24   0.97 0.09 
bn130628531 4.81E-06 2.95E-08   7.92  0.60   7.72 0.32   5.66 0.14 
bn130628860 2.99E-07 5.51E-09   8.64  0.97   3.45 0.29   1.38 0.09 
bn130630272 9.86E-06 3.85E-08   7.50  1.02   6.38 0.49   5.71 0.24 
bn130701060 3.77E-06 4.96E-08   6.34  1.02   5.43 0.49   4.56 0.23 
bn130701761 1.88E-06 1.40E-08   8.52  0.89   6.51 0.38   5.22 0.17 
bn130702004 2.85E-06 6.37E-08   2.69  0.73   1.69 0.34   1.24 0.18 
bn130702951 4.34E-07 2.09E-08   0.87  0.32   0.71 0.12   0.46 0.06 
bn130704560 1.38E-05 2.92E-08  31.54  1.27  26.75 0.59  23.03 0.28 
bn130705398 7.78E-08 1.34E-08   3.32  0.68   1.76 0.24   0.52 0.09 
bn130706900 9.65E-08 1.32E-08   4.20  0.58   1.93 0.25   0.44 0.08 
bn130707505 5.43E-06 5.90E-08   3.75  0.98   2.30 0.41   1.66 0.19 
bn130708488 1.45E-06 1.44E-08   2.29  0.46   1.53 0.18   1.03 0.07 
bn130715906 2.09E-05 8.90E-08   4.87  0.72   4.34 0.36   3.73 0.17 
bn130716352 1.63E-06 3.14E-08   1.40  0.41   0.88 0.18   0.54 0.08 
bn130716442 2.13E-07 4.02E-09   2.74  0.59   2.12 0.26   0.93 0.09 
bn130717734 9.53E-07 2.32E-08   1.56  0.41   1.27 0.20   0.64 0.09 
bn130720116 2.22E-06 3.32E-08   2.45  0.56   1.82 0.22   1.35 0.10 
bn130720582 5.11E-05 8.38E-08   9.63  0.79   8.33 0.38   7.39 0.18 
bn130722021 6.78E-07 2.16E-08   1.39  0.43   0.55 0.13   0.28 0.05 
bn130722990 3.39E-07 9.47E-09   2.66  0.52   2.15 0.22   1.37 0.09 
bn130723092 4.24E-07 1.57E-08   1.95  0.37   1.66 0.19   1.35 0.09 
bn130725527 2.77E-06 3.28E-08   8.51  0.73   7.53 0.36   5.59 0.15 
bn130727698 4.58E-06 3.40E-08   6.05  0.95   5.09 0.44   4.04 0.21 
bn130730243 1.04E-06 2.29E-08   1.48  0.49   1.06 0.20   0.69 0.10 
bn130802730 1.20E-07 7.08E-09   5.11  0.73   1.56 0.25   0.39 0.11 
bn130803419 1.79E-06 2.25E-08   5.02  0.69   3.96 0.32   3.37 0.15 
bn130804023 8.10E-07 8.61E-09  22.88  1.21   9.24 0.40   3.67 0.13 
bn130808253 1.22E-07 9.39E-09   6.77  0.86   3.48 0.36   0.95 0.11 
bn130811186 3.23E-06 4.37E-08   1.68  0.37   1.50 0.20   1.19 0.09 
bn130813791 6.68E-07 1.18E-08   2.30  0.41   1.67 0.19   1.01 0.08 
bn130815420 2.71E-05 5.68E-08   5.01  0.64   3.78 0.31   2.94 0.13 
bn130815660 6.91E-06 2.63E-08  13.91  0.89  12.77 0.43  11.38 0.20 
bn130816074 3.75E-07 1.40E-08   1.16  0.38   0.77 0.16   0.41 0.06 
bn130818941 2.06E-06 3.47E-08   5.27  0.64   4.36 0.31   2.70 0.13 
bn130819394 4.84E-06 3.66E-08   1.71  0.48   1.14 0.21   0.90 0.09 
bn130821674 2.92E-05 4.32E-08  18.92  0.94  17.10 0.44  11.84 0.18 
bn130828306 2.27E-05 3.31E-08   5.25  0.76   3.97 0.35   3.60 0.16 
bn130828808 1.42E-06 1.65E-08   5.27  0.59   4.42 0.27   3.45 0.13 
bn130829672 2.14E-06 2.60E-08   5.01  0.82   4.36 0.39   3.78 0.19 
bn130830864 1.06E-06 2.71E-08   1.24  0.40   0.64 0.16   0.39 0.06 
bn130830921 8.01E-07 1.73E-08   1.86  0.58   0.97 0.22   0.63 0.10 
bn130831058 1.14E-06 1.30E-08   1.23  0.42   0.78 0.19   0.60 0.08 
bn130903033 1.17E-06 2.90E-08   0.90  0.42   0.63 0.18   0.29 0.06 
bn130905377 2.46E-06 4.38E-08   2.54  0.50   1.96 0.24   1.61 0.11 
bn130906222 3.48E-07 1.58E-08   1.28  0.44   0.83 0.18   0.57 0.08 
bn130906435 4.60E-07 1.83E-08   1.86  0.40   1.58 0.21   1.03 0.09 
bn130907760 1.43E-07 1.53E-08   1.77  0.37   1.07 0.14   0.58 0.06 
bn130908677 1.85E-06 9.29E-08   1.38  0.47   0.95 0.23   0.53 0.11 
bn130909817 1.05E-06 3.25E-08   0.92  0.33   0.66 0.16   0.40 0.06 
bn130912358 4.07E-07 1.09E-08   8.53  0.80   5.76 0.36   2.14 0.13 
bn130919173 2.29E-07 4.64E-09   7.46  0.65   4.36 0.27   1.44 0.09 
bn130919352 2.55E-06 1.87E-08   1.54  0.34   1.11 0.15   0.67 0.07 
bn130919985 1.50E-06 3.93E-08   1.98  0.53   1.35 0.26   0.95 0.13 
bn130924255 2.00E-06 2.90E-08   2.99  0.69   2.41 0.32   1.45 0.13 
bn130924910 2.08E-07 1.57E-08   2.34  0.43   1.61 0.18   0.97 0.08 
bn130925164 2.83E-07 1.30E-08   0.85  0.37   0.50 0.15   0.41 0.07 
bn130925173 4.08E-05 1.40E-07   3.51  0.49   3.06 0.23   2.66 0.11 
bn130925546 7.49E-06 1.20E-07   3.25  0.96   1.97 0.44   1.52 0.17 
bn130928537 7.32E-06 3.59E-08   2.68  0.81   1.98 0.33   1.20 0.13 
bn130929375 1.32E-07 5.82E-09   0.82  0.23   0.46 0.11   0.35 0.05 
bn131002288 6.71E-07 2.72E-08   1.73  0.55   1.22 0.32   0.68 0.12 
bn131004904 2.98E-07 1.02E-08   3.67  0.68   2.75 0.31   1.83 0.12 
bn131006367 4.94E-08 7.64E-09   2.10  0.52   1.07 0.23   0.28 0.10 
bn131006840 9.40E-07 2.81E-08   2.71  0.61   1.30 0.24   0.86 0.11 
bn131008858 4.43E-06 3.42E-08   4.29  1.03   2.61 0.38   2.15 0.18 
bn131011741 5.06E-06 3.78E-08   2.67  0.39   2.22 0.24   1.95 0.11 
bn131014215 9.55E-05 7.52E-08 253.48  3.99 230.39 1.91 174.06 0.82 
bn131014513 1.13E-06 2.55E-08   2.27  0.60   1.28 0.22   0.87 0.09 
bn131018673 1.60E-06 6.16E-08   1.46  0.44   0.97 0.19   0.58 0.09 
bn131020113 1.80E-07 1.66E-08   1.29  0.40   0.84 0.19   0.67 0.09 
bn131021352 6.97E-07 2.61E-08   4.84  0.73   3.68 0.33   1.46 0.13 
bn131024900 7.50E-07 2.33E-08   1.88  0.40   1.27 0.19   0.74 0.09 
bn131028076 5.12E-05 7.34E-08  31.52  1.88  29.19 0.93  27.54 0.46 
bn131028096 7.93E-07 2.93E-08   0.73  0.46   0.67 0.11   0.48 0.05 
bn131029973 1.54E-05 6.83E-08   3.10  0.51   2.42 0.23   2.23 0.11 
bn131029990 2.44E-06 5.13E-08   1.41  0.38   0.82 0.16   0.66 0.07 
bn131030653 9.33E-07 1.74E-08   1.67  0.42   1.09 0.17   0.60 0.07 
bn131030791 2.09E-06 1.64E-08   2.49  0.42   1.94 0.20   1.61 0.09 
bn131031482 2.41E-06 3.16E-08   8.35  0.70   6.33 0.30   4.57 0.13 
bn131102622 7.67E-07 2.49E-08   1.07  0.38   0.61 0.17   0.34 0.07 
bn131105087 1.32E-05 5.70E-08   4.93  0.58   4.59 0.30   3.57 0.13 
bn131108024 1.56E-06 2.61E-08   4.33  0.61   3.62 0.31   2.73 0.14 
bn131108862 1.71E-05 6.69E-08  16.82  1.02  12.95 0.44   9.64 0.19 
bn131110373 2.10E-06 2.25E-08   1.71  0.47   1.24 0.21   0.84 0.09 
bn131113483 1.32E-05 5.22E-08   5.25  0.66   3.92 0.31   3.53 0.15 
bn131117766 8.93E-06 3.93E-08   1.80  0.38   1.43 0.17   1.21 0.08 
bn131118958 3.61E-05 1.94E-07   9.94  1.54   8.10 0.65   6.03 0.30 
bn131119781 1.11E-06 1.45E-08   1.83  0.40   1.39 0.19   0.98 0.09 
bn131122490 1.49E-05 3.95E-08   9.48  0.84   8.67 0.46   7.30 0.22 
bn131123543 2.43E-07 1.47E-08   3.18  0.55   1.88 0.20   0.96 0.08 
bn131125689 1.75E-07 1.51E-08   3.75  1.07   1.77 0.31   0.84 0.10 
bn131126163 5.47E-07 1.47E-08  18.42  1.56   9.57 0.60   2.43 0.17 
bn131127480 2.25E-06 2.97E-08   0.84  0.30   0.54 0.10   0.44 0.05 
bn131127592 2.07E-05 7.63E-08  23.05  1.13  21.27 0.56  16.44 0.24 
bn131127696 6.70E-07 3.30E-08   1.25  0.35   1.08 0.17   0.68 0.07 
bn131128629 2.91E-07 2.22E-08   1.92  0.57   1.55 0.27   1.09 0.13 
bn131202633 4.47E-07 2.72E-08   0.87  0.31   0.66 0.14   0.43 0.06 
bn131202906 6.58E-06 2.37E-08   2.53  0.58   1.69 0.27   1.32 0.12 
bn131204937 9.47E-07 1.22E-08   1.66  0.47   1.03 0.19   0.69 0.09 
bn131209547 7.42E-06 4.69E-08   5.96  0.68   5.61 0.33   4.84 0.16 
bn131209963 4.48E-07 4.81E-08   2.25  0.50   1.82 0.25   1.26 0.12 
bn131211510 2.24E-06 2.63E-08   1.94  0.50   1.22 0.23   0.78 0.06 
bn131212814 2.45E-07 2.60E-08   0.72  0.36   0.43 0.13   0.36 0.06 
bn131214705 3.57E-05 1.10E-07   9.77  0.76   9.25 0.38   8.97 0.18 
bn131215298 3.83E-06 4.24E-08   4.65  0.76   3.29 0.31   2.78 0.15 
bn131216081 3.28E-06 2.17E-08   5.62  0.59   5.10 0.29   4.50 0.14 
bn131217108 3.53E-07 2.77E-08   3.82  0.76   3.00 0.35   1.64 0.13 
bn131217183 2.89E-06 4.07E-08   3.96  0.56   3.31 0.28   2.34 0.12 
bn131217506 3.70E-07 2.10E-08   2.52  0.66   1.97 0.31   1.21 0.14 
bn131229277 1.29E-05 3.11E-08  19.49  1.21  16.63 0.56  13.86 0.26 
bn131230529 3.24E-07 1.91E-08   2.11  0.72   1.46 0.35   0.97 0.16 
bn131230808 2.21E-06 2.03E-08   1.55  0.40   1.01 0.16   0.75 0.08 
bn131231198 7.96E-05 6.76E-08  39.73  1.51  38.05 0.75  36.31 0.37 
bn140102887 1.08E-05 1.19E-08  30.97  1.10  28.98 0.54  25.03 0.25 
bn140104731 1.27E-05 2.84E-08   3.60  0.46   3.21 0.23   2.74 0.11 
bn140105065 3.49E-07 9.26E-09   4.47  0.64   3.28 0.30   1.64 0.11 
bn140105748 7.15E-08 1.15E-08   1.18  0.26   0.80 0.12   0.57 0.06 
bn140106345 1.34E-06 4.60E-08   1.84  0.55   1.09 0.20   0.86 0.10 
bn140108721 9.95E-06 1.23E-07   5.42  0.53   4.68 0.27   4.42 0.14 
bn140109771 6.51E-08 1.65E-08   3.04  0.97   1.22 0.29   0.54 0.10 
bn140109877 7.93E-08 1.34E-08   0.26  0.35   0.14 0.11   0.06 0.04 
bn140110263 2.44E-06 2.52E-08   2.76  0.57   2.09 0.18   1.81 0.10 
bn140110411 2.16E-08 2.89E-09   0.74  0.26   0.35 0.11   0.16 0.05 
bn140110814 4.74E-06 8.01E-08   4.15  1.09   2.11 0.40   1.94 0.18 
bn140112060 9.08E-07 2.22E-08   1.37  0.37   1.06 0.17   0.80 0.08 
bn140113183 1.36E-06 2.55E-08   0.79  0.23   0.70 0.10   0.46 0.05 
bn140113624 2.80E-07 1.99E-08   1.41  0.44   0.87 0.17   0.63 0.07 
bn140115863 2.31E-06 2.04E-08   3.54  0.62   3.31 0.27   2.07 0.11 
bn140115899 1.42E-06 2.91E-08   3.12  0.67   2.42 0.30   2.16 0.15 
bn140118064 1.81E-06 2.46E-08   1.14  0.45   0.56 0.19   0.41 0.08 
bn140122597 5.94E-07 3.63E-08   3.02  0.69   2.00 0.29   1.41 0.13 
bn140124527 1.05E-05 7.55E-08   2.93  0.56   2.30 0.23   1.88 0.10 
bn140126815 3.11E-06 2.07E-08   2.15  0.48   1.41 0.20   1.24 0.10 
bn140129499 1.19E-07 8.63E-09   3.96  0.71   2.41 0.29   0.64 0.09 
bn140204547 1.30E-06 2.21E-08   1.23  0.40   0.70 0.16   0.55 0.08 
bn140206275 5.82E-05 1.46E-07  22.04  0.91  21.49 0.46  21.00 0.23 
bn140206304 9.99E-06 5.05E-08  14.07  1.21  12.70 0.58   9.00 0.25 
bn140209313 5.73E-06 2.81E-08  66.72  2.18  58.87 1.03  27.09 0.36 
bn140211091 4.18E-07 1.65E-08   1.63  0.45   1.20 0.18   0.97 0.09 
bn140213807 1.11E-05 3.58E-08  12.03  0.78  11.35 0.38  10.10 0.18 
bn140216331 2.84E-07 3.31E-08   1.32  0.33   1.05 0.17   0.89 0.08 
bn140217043 1.25E-06 2.03E-08   2.29  0.55   1.62 0.25   1.14 0.10 
bn140218427 3.18E-06 4.14E-08   1.44  0.37   0.74 0.17   0.55 0.06 
bn140219319 1.61E-06 1.47E-08   2.61  0.52   2.13 0.22   1.76 0.10 
bn140219824 1.48E-06 2.20E-08   1.37  0.46   1.02 0.21   0.70 0.09 
bn140223495 1.17E-06 1.92E-08   1.41  0.39   1.09 0.18   0.83 0.08 
bn140224382 3.81E-07 2.15E-08   4.05  0.57   2.68 0.26   1.66 0.12 
bn140224788 1.47E-06 2.98E-08   1.76  0.40   1.51 0.20   1.25 0.09 
bn140227738 4.29E-07 4.95E-08   1.22  0.55   0.88 0.25   0.67 0.11 
bn140302342 3.81E-06 2.57E-08   2.75  0.58   2.35 0.27   1.64 0.11 
bn140304557 1.45E-06 1.74E-08   1.63  0.43   1.20 0.18   0.99 0.09 
bn140304849 4.77E-06 3.40E-08   2.65  0.59   2.12 0.25   1.48 0.12 
bn140306146 2.09E-05 4.86E-08   7.99  0.69   6.38 0.31   5.62 0.13 
bn140308710 3.55E-06 2.27E-08  12.32  0.99  11.66 0.46   7.82 0.19 
bn140311453 1.34E-06 2.02E-08   1.71  0.35   1.31 0.17   1.12 0.09 
bn140311618 2.07E-06 6.44E-08   4.02  0.66   3.39 0.29   2.84 0.14 
bn140311885 4.00E-06 3.42E-08   2.39  0.62   1.34 0.26   0.94 0.11 
bn140319964 4.12E-06 1.81E-08   4.62  0.57   4.15 0.28   2.52 0.12 
bn140320092 4.85E-08 4.26E-09   0.62  0.18   0.39 0.09   0.22 0.04 
bn140322424 8.43E-07 1.50E-08   1.59  0.44   1.38 0.21   1.03 0.10 
bn140323433 1.81E-05 1.08E-07   5.79  0.55   5.25 0.27   4.89 0.14 
bn140327065 4.97E-07 2.17E-08   1.63  0.40   1.15 0.18   0.95 0.10 
bn140328560 4.05E-07 6.57E-09   1.63  0.39   1.10 0.18   0.82 0.09 
bn140329272 1.07E-07 4.99E-09   4.44  0.53   2.30 0.21   0.57 0.07 
bn140329295 3.68E-05 1.64E-08  64.16  2.36  55.46 1.08  48.33 0.51 
bn140330180 3.08E-06 4.92E-08   3.51  0.62   2.63 0.25   2.33 0.12 
bn140402007 1.53E-07 1.54E-08   3.27  0.49   2.26 0.23   0.74 0.09 
bn140404030 1.15E-06 3.91E-08   1.07  0.44   0.86 0.20   0.63 0.08 
bn140404171 4.53E-06 1.21E-08   2.26  0.39   1.71 0.18   1.46 0.09 
bn140404900 2.71E-06 2.04E-08   2.02  0.40   1.66 0.20   1.33 0.09 
bn140405033 1.46E-06 1.87E-08   1.87  0.45   1.16 0.19   0.89 0.09 
bn140406120 5.84E-06 5.77E-08   4.12  0.71   3.16 0.30   1.82 0.12 
bn140406144 1.51E-06 5.23E-08   1.26  0.41   0.69 0.16   0.50 0.08 
bn140408553 4.06E-07 2.74E-08   1.39  0.46   0.87 0.17   0.73 0.09 
bn140414693 3.61E-06 2.12E-08   3.34  0.44   2.66 0.20   2.17 0.09 
bn140416060 4.20E-05 1.95E-07  53.74  3.26  49.06 1.56  34.80 0.65 
bn140422194 2.21E-06 5.48E-08   1.71  0.45   0.86 0.21   0.63 0.10 
bn140423356 1.14E-05 6.80E-08   2.23  0.44   1.72 0.21   1.38 0.10 
bn140426515 1.20E-06 1.72E-08   1.44  0.38   0.75 0.18   0.60 0.08 
bn140427702 2.74E-07 3.44E-08   1.90  0.74   1.02 0.33   0.61 0.12 
bn140428906 3.60E-07 1.09E-08  10.71  1.35   5.43 0.50   1.70 0.14 
bn140429975 3.20E-07 1.13E-08   1.24  0.40   0.72 0.20   0.56 0.09 
bn140430716 5.50E-06 8.72E-08   7.35  0.97   6.30 0.48   5.43 0.22 
bn140501139 9.64E-08 1.07E-08   2.84  0.72   1.76 0.26   0.46 0.10 
bn140501497 3.97E-06 2.44E-08   4.91  0.78   4.26 0.38   3.52 0.17 
bn140502354 1.14E-06 1.91E-08   1.54  0.36   1.08 0.17   0.74 0.08 
bn140506880 3.22E-06 4.86E-08  13.62  1.49  10.31 0.66   6.39 0.28 
bn140508128 3.09E-05 6.22E-08  41.40  2.53  39.49 1.24  31.45 0.55 
bn140508179 2.02E-06 4.46E-08   2.72  0.98   1.58 0.42   1.23 0.20 
bn140508629 1.38E-06 2.49E-08   1.63  0.34   1.17 0.16   0.88 0.07 
bn140511095 2.31E-07 1.88E-08   5.32  0.55   3.21 0.22   1.10 0.08 
bn140511995 3.72E-06 2.09E-08   3.07  0.62   1.87 0.26   1.43 0.11 
bn140512814 1.50E-05 4.45E-08   6.77  0.65   6.24 0.29   4.84 0.12 
bn140513724 2.26E-06 3.13E-08   2.85  0.46   2.32 0.22   1.83 0.10 
bn140516700 1.61E-06 1.80E-08   1.46  0.40   1.27 0.19   0.70 0.08 
bn140516765 3.58E-06 6.58E-08   3.92  0.55   3.20 0.28   2.46 0.13 
bn140517813 2.72E-06 2.27E-08   2.58  0.57   1.88 0.21   1.54 0.10 
bn140518709 1.86E-07 2.33E-08   2.56  0.90   1.68 0.37   1.02 0.16 
bn140519043 2.14E-06 1.96E-08   1.56  0.42   1.09 0.20   0.84 0.09 
bn140521184 1.41E-06 2.12E-08   1.22  0.38   0.63 0.14   0.46 0.06 
bn140521732 1.50E-06 2.53E-08   3.06  0.58   2.46 0.25   1.91 0.11 
bn140523129 2.71E-05 2.47E-08  28.24  1.37  25.31 0.68  20.50 0.28 
bn140526449 3.81E-06 1.89E-08   3.93  0.54   1.13 0.20   0.77 0.07 
bn140526571 8.00E-08 6.38E-09   2.75  0.61   1.49 0.23   0.36 0.07 
bn140528837 1.24E-05 2.62E-08  10.80  0.85   9.34 0.44   7.89 0.20 
bn140603476 1.21E-05 1.60E-07   2.15  0.42   1.68 0.22   1.37 0.10 
bn140605377 2.57E-07 4.62E-09   5.08  0.66   3.62 0.27   1.11 0.09 
bn140606133 3.75E-06 2.42E-08   6.06  0.66   5.72 0.29   5.24 0.13 
bn140608153 6.76E-06 1.19E-07   3.23  0.92   2.09 0.44   1.64 0.20 
bn140608713 1.15E-06 3.40E-08   5.75  1.03   5.16 0.49   3.09 0.18 
bn140610487 1.49E-07 1.96E-08   2.33  0.66   1.82 0.24   0.73 0.10 
bn140610548 1.05E-05 2.82E-08   5.38  0.64   4.79 0.30   4.34 0.15 
bn140610689 6.26E-06 6.04E-08   1.70  0.47   0.87 0.18   0.51 0.07 
bn140612294 2.40E-06 4.78E-08   1.69  0.41   1.37 0.20   1.00 0.08 
bn140616165 1.85E-07 2.24E-08   6.29  1.01   4.05 0.35   1.31 0.11 
bn140619475 4.87E-07 3.41E-08   3.35  0.48   2.64 0.23   1.67 0.14 
bn140619490 1.28E-07 2.67E-08   5.95  0.97   2.18 0.38   0.74 0.16 
bn140620219 3.43E-06 3.32E-08   2.97  0.63   2.27 0.30   1.88 0.14 
bn140621827 2.73E-06 2.86E-08  19.10  1.21   9.36 0.45   4.53 0.17 
bn140623224 1.69E-06 2.55E-08   1.35  0.39   0.87 0.16   0.56 0.07 
bn140624423 1.53E-07 5.13E-09   9.12  0.62   2.83 0.21   0.71 0.07 
bn140626843 6.33E-07 2.08E-08   4.73  0.81   3.10 0.31   2.28 0.15 
bn140627401 3.79E-07 2.91E-08   1.36  0.40   0.87 0.17   0.57 0.08 
bn140628626 8.26E-07 3.44E-08   1.67  0.53   0.83 0.22   0.47 0.07 
bn140628704 9.98E-07 5.34E-08   1.61  0.63   0.90 0.22   0.62 0.10 
bn140630505 4.42E-06 4.18E-08   1.88  0.45   1.22 0.19   0.87 0.09 
bn140701567 1.61E-06 2.73E-08   2.21  0.62   1.28 0.23   0.98 0.11 
bn140701833 1.53E-06 2.80E-08   8.55  0.78   6.75 0.36   4.01 0.14 
bn140703026 4.33E-06 2.90E-08   2.66  0.46   2.23 0.21   1.97 0.10 
bn140705539 1.71E-06 2.59E-08   1.76  0.45   0.87 0.16   0.80 0.08 
bn140706815 1.32E-06 4.12E-08   1.47  0.40   1.05 0.20   0.72 0.09 
bn140709051 3.99E-06 8.52E-08   2.44  0.55   1.78 0.26   1.47 0.12 
bn140709637 4.21E-06 3.40E-08   1.73  0.40   1.19 0.18   0.87 0.08 
bn140710537 2.10E-07 3.82E-09   4.63  0.86   2.68 0.33   0.93 0.13 
bn140710901 6.20E-07 2.91E-08   1.34  0.48   0.72 0.23   0.46 0.09 
bn140711691 1.55E-06 7.25E-08   1.71  0.49   0.86 0.21   0.45 0.10 
bn140712706 1.31E-06 5.08E-08   1.61  0.40   0.88 0.15   0.63 0.08 
bn140712973 2.92E-06 7.66E-08   2.72  0.67   2.02 0.28   1.57 0.12 
bn140713780 4.31E-07 2.05E-08   1.94  0.50   1.54 0.23   1.14 0.10 
bn140714268 1.09E-05 1.50E-08   6.28  0.64   5.36 0.30   4.98 0.15 
bn140715231 5.36E-06 2.74E-08   3.28  0.56   2.43 0.24   2.10 0.12 
bn140716306 1.34E-07 1.78E-08   2.26  0.43   1.77 0.21   1.25 0.10 
bn140716436 6.82E-06 5.34E-08   7.42  1.03   6.32 0.49   4.84 0.22 
bn140717827 3.03E-06 3.73E-08   1.48  0.44   0.86 0.19   0.53 0.07 
bn140720158 7.25E-08 7.69E-09   2.98  0.67   1.55 0.24   0.40 0.09 
bn140720280 1.02E-06 1.35E-08   1.42  0.34   0.83 0.15   0.58 0.07 
bn140721336 2.98E-05 1.22E-07   8.09  0.99   6.78 0.47   5.90 0.23 
bn140723067 5.67E-06 3.67E-08   3.34  0.67   2.57 0.28   2.15 0.12 
bn140723499 9.91E-06 6.39E-08   4.65  0.62   3.72 0.29   3.26 0.14 
bn140724533 8.25E-08 7.81E-09   2.57  0.52   1.24 0.21   0.53 0.07 
bn140725583 9.05E-07 1.61E-08   1.67  0.37   1.35 0.18   1.15 0.09 
bn140727748 8.05E-07 3.01E-08   1.49  0.45   0.94 0.18   0.74 0.09 
bn140729026 3.37E-06 3.66E-08   3.56  0.56   2.55 0.26   1.82 0.11 
bn140801792 8.79E-06 2.18E-08  20.63  0.95  15.72 0.42  11.54 0.18 
bn140807500 5.09E-07 7.90E-09   9.14  0.91   7.57 0.42   2.65 0.13 
bn140808038 2.20E-06 1.67E-08   6.14  0.73   5.05 0.34   4.62 0.16 
bn140809133 9.74E-07 2.59E-08   1.24  0.31   0.74 0.14   0.54 0.07 
bn140810782 5.69E-05 3.83E-08  21.20  1.46  18.56 0.69  16.96 0.33 
bn140817229 1.35E-06 3.56E-08   2.34  0.60   1.50 0.30   1.15 0.14 
bn140817293 3.09E-06 2.07E-08   8.60  1.18   7.70 0.54   4.99 0.22 
bn140818229 1.85E-05 4.72E-08   5.24  0.54   4.56 0.26   4.14 0.13 
bn140818781 4.72E-07 1.52E-08   0.54  0.38   0.39 0.09   0.26 0.04 
bn140819160 1.30E-07 1.04E-08   2.85  0.49   1.91 0.23   1.12 0.09 
bn140821997 2.56E-05 5.51E-08  11.74  0.97  11.16 0.63   9.79 0.31 
bn140824548 1.31E-06 1.29E-08   5.15  1.17   3.73 0.50   3.00 0.24 
bn140824606 7.90E-06 4.10E-08   7.92  0.64   6.17 0.30   3.42 0.12 
bn140825328 4.36E-06 3.87E-08   3.19  0.49   2.58 0.23   1.49 0.09 
bn140825980 5.64E-07 2.06E-08   1.66  0.57   1.22 0.27   1.07 0.13 
bn140827763 6.89E-06 1.82E-08   8.64  0.76   7.42 0.37   6.35 0.17 
bn140828288 1.88E-06 7.96E-08   1.67  0.38   1.04 0.15   0.88 0.08 
bn140829880 3.15E-06 7.44E-08   1.67  0.52   1.02 0.22   0.81 0.11 
bn140831215 2.48E-08 9.60E-09   1.24  0.51   0.49 0.13   0.24 0.07 
bn140831374 5.75E-07 1.67E-08   2.65  0.52   2.46 0.29   1.95 0.13 
bn140901262 1.66E-06 1.39E-08   1.71  0.45   1.34 0.18   1.12 0.08 
bn140901821 9.83E-07 1.77E-08  25.14  1.40  16.14 0.67   4.22 0.18 
bn140905454 1.67E-05 3.37E-08   3.09  0.46   2.11 0.22   1.82 0.10 
bn140906175 8.66E-07 2.29E-08   1.39  0.49   1.00 0.21   0.70 0.08 
bn140906429 4.80E-06 3.81E-08   6.87  0.58   6.34 0.29   4.83 0.13 
bn140907429 6.99E-07 1.01E-07   1.15  0.89   0.98 0.24   0.52 0.12 
bn140907672 3.87E-06 3.58E-08   2.88  0.49   1.81 0.21   1.59 0.10 
bn140911012 3.66E-06 4.48E-08   2.94  0.69   2.06 0.28   1.21 0.12 
bn140912664 3.38E-07 1.15E-08   2.50  0.44   1.54 0.21   1.23 0.10 
bn140916234 2.35E-06 3.91E-08   4.34  0.77   3.46 0.37   2.61 0.17 
bn140917512 2.97E-06 2.71E-08   5.25  0.82   4.53 0.34   3.52 0.15 
bn140918379 1.10E-06 3.28E-08   1.01  0.39   0.61 0.15   0.42 0.07 
bn140919636 5.31E-06 1.30E-08   2.58  0.41   2.52 0.20   2.08 0.10 
bn140928100 1.22E-06 1.27E-08   6.16  0.68   5.76 0.33   3.71 0.14 
bn140928437 1.70E-06 4.56E-08   3.37  0.61   2.80 0.31   2.18 0.14 
bn140929677 9.39E-07 2.51E-08   1.14  0.39   0.85 0.18   0.54 0.07 
bn140930134 1.26E-07 1.17E-08   1.93  0.37   0.89 0.13   0.54 0.05 
bn141003564 9.17E-07 2.23E-08   3.08  0.60   2.06 0.29   1.77 0.16 
bn141003788 8.31E-07 2.83E-08   1.90  0.43   1.55 0.21   0.99 0.10 
bn141004150 2.29E-06 1.29E-08   3.97  0.51   3.51 0.25   3.16 0.12 
bn141004973 6.79E-07 2.09E-08   6.66  0.85   4.86 0.38   2.73 0.16 
bn141005217 1.65E-06 1.71E-08   5.64  0.76   4.60 0.37   3.69 0.18 
bn141005535 4.02E-07 2.23E-08   1.58  0.46   1.27 0.22   0.81 0.09 
bn141011282 3.63E-07 4.23E-09  16.06  1.09   6.51 0.37   1.74 0.11 
bn141011467 1.36E-06 1.60E-08   3.68  0.60   2.82 0.28   2.01 0.12 
bn141012773 3.29E-06 2.28E-08   2.52  0.37   2.20 0.20   1.65 0.10 
bn141013803 4.83E-06 1.12E-07   2.57  0.64   1.47 0.24   1.05 0.11 
bn141016897 2.12E-06 2.67E-08   3.96  0.50   3.67 0.24   3.39 0.12 
bn141020439 5.22E-08 7.09E-09   0.66  0.21   0.48 0.10   0.34 0.06 
bn141022061 3.14E-07 1.26E-08   1.42  0.42   1.01 0.20   0.57 0.09 
bn141022087 3.99E-05 4.95E-08  53.76  3.70  46.20 1.73  33.07 0.73 
bn141026742 2.25E-07 4.87E-09   2.02  0.41   1.32 0.18   0.88 0.07 
bn141028455 1.73E-05 5.19E-08  10.20  0.84   9.40 0.42   8.62 0.20 
bn141029134 2.25E-05 3.12E-08  13.39  0.73  12.67 0.36  10.58 0.17 
bn141030746 1.37E-06 2.67E-08   2.69  0.58   1.81 0.27   1.53 0.14 
bn141031257 8.69E-07 2.00E-08   1.45  0.35   0.81 0.14   0.52 0.06 
bn141031304 2.74E-06 2.71E-08   1.96  0.44   1.46 0.19   1.21 0.09 
bn141031998 6.55E-08 1.31E-08   2.78  0.39   1.60 0.19   0.38 0.07 
bn141102112 3.08E-08 7.81E-09   0.08  0.04   0.03 0.02   0.01 0.01 
bn141102536 6.53E-07 2.10E-08   7.82  0.70   5.14 0.30   2.35 0.11 
bn141102779 4.61E-07 2.13E-08   1.44  0.37   1.11 0.18   0.86 0.09 
bn141105358 1.02E-06 1.57E-08   3.32  0.66   2.48 0.28   1.58 0.12 
bn141105406 4.41E-07 1.48E-08   6.53  0.75   4.57 0.33   2.09 0.11 
bn141109447 2.96E-06 5.26E-08   2.47  0.63   1.92 0.32   1.33 0.15 
bn141110232 1.39E-06 1.83E-08   1.23  0.43   1.15 0.21   0.60 0.08 
bn141111435 1.32E-07 2.09E-08   1.35  0.33   1.00 0.16   0.61 0.08 
bn141112539 1.17E-05 6.52E-08   1.96  0.50   0.92 0.20   0.75 0.09 
bn141112828 9.73E-07 1.25E-08   1.98  0.44   1.52 0.21   1.11 0.09 
bn141113346 1.12E-07 1.30E-08   2.93  0.41   1.55 0.17   0.65 0.07 
bn141114687 1.74E-06 1.67E-08   1.88  0.54   0.95 0.22   0.81 0.11 
bn141118678 1.71E-06 1.52E-08   5.36  0.59   4.82 0.31   3.62 0.14 
bn141121414 5.15E-07 2.19E-08   1.94  0.37   1.50 0.19   1.16 0.09 
bn141122087 1.60E-07 1.27E-08   4.19  0.60   2.82 0.27   0.84 0.10 
bn141122875 1.43E-06 8.89E-08   1.22  0.43   0.82 0.19   0.56 0.08 
bn141122956 1.12E-07 1.71E-08   0.86  0.31   0.62 0.14   0.34 0.06 
bn141124277 2.38E-07 2.91E-08   2.71  0.78   2.02 0.33   1.13 0.15 
bn141126233 2.02E-07 1.29E-08   1.88  0.44   1.36 0.16   0.90 0.07 
bn141128962 1.13E-07 8.01E-09   6.17  0.66   2.87 0.24   0.77 0.08 
bn141202470 1.46E-06 1.27E-08   6.03  0.71   5.36 0.35   4.32 0.16 
bn141205018 8.54E-07 2.34E-08   2.47  0.67   1.89 0.32   1.14 0.15 
bn141205337 3.64E-07 2.21E-08   3.50  0.87   2.57 0.39   1.46 0.16 
bn141205763 3.50E-06 3.84E-08  12.27  1.09  10.86 0.52   8.10 0.23 
bn141206254 3.17E-07 1.36E-08   1.37  0.37   1.07 0.18   0.73 0.08 
bn141207800 9.99E-06 3.14E-08   5.33  0.45   4.29 0.23   3.66 0.12 
bn141208038 9.78E-07 1.52E-08   2.06  0.57   1.26 0.22   0.79 0.08 
bn141208632 1.06E-07 2.11E-08   2.11  0.45   1.05 0.18   0.65 0.07 
bn141209131 3.19E-06 3.28E-08   2.47  0.48   1.89 0.22   1.29 0.10 
bn141213300 3.68E-07 9.85E-09   6.32  0.71   5.37 0.32   2.00 0.11 
bn141215560 1.39E-05 3.55E-08  18.65  1.53  16.47 0.74  12.28 0.33 
bn141220252 3.27E-06 1.93E-08   8.60  0.62   7.96 0.31   6.28 0.14 
bn141221338 2.14E-06 3.15E-08   3.42  0.62   3.10 0.31   2.25 0.14 
bn141221897 4.61E-06 3.97E-08   2.88  0.46   2.04 0.21   1.72 0.10 
bn141222298 3.36E-06 1.33E-08  41.44  1.15  21.01 0.36  12.97 0.16 
bn141222691 1.26E-05 1.84E-08   9.13  0.69   8.59 0.34   7.95 0.17 
bn141223240 1.01E-06 2.53E-08   1.30  0.43   0.72 0.20   0.56 0.09 
bn141225959 2.17E-06 2.03E-08   2.30  0.52   1.74 0.24   1.32 0.11 
bn141226880 1.80E-06 3.64E-08   1.50  0.39   1.02 0.18   0.73 0.08 
bn141229492 2.72E-06 3.79E-08   7.04  0.92   6.39 0.44   5.25 0.20 
bn141229911 2.11E-06 3.11E-08   1.50  0.36   1.16 0.16   0.90 0.08 
bn141230142 8.43E-07 2.80E-08   3.45  0.90   2.95 0.40   1.78 0.16 
bn141230834 1.77E-06 1.70E-08   1.55  0.37   1.05 0.15   0.92 0.07 
bn141230871 9.21E-08 8.33E-09   3.46  0.46   2.24 0.20   0.64 0.07 
bn150101270 4.63E-08 5.20E-09   2.97  0.54   0.91 0.17   0.24 0.07 
bn150101641 8.81E-08 7.78E-09   3.04  0.50   1.03 0.16   0.29 0.06 
bn150105257 1.69E-05 3.97E-08  13.10  0.85  12.08 0.41   8.43 0.18 
bn150106921 5.48E-07 2.14E-08   1.32  0.41   0.74 0.20   0.49 0.09 
bn150110433 4.18E-06 2.75E-08   3.15  0.51   2.53 0.22   2.22 0.10 
bn150110923 3.17E-07 1.61E-08   1.75  0.36   1.05 0.17   0.82 0.09 
bn150118409 5.29E-05 5.80E-08  23.57  1.06  20.30 0.52  19.09 0.25 
bn150118927 3.62E-07 5.65E-09  20.88  1.15   8.94 0.39   2.42 0.12 
bn150120123 1.80E-07 9.38E-09   1.83  0.52   1.72 0.25   0.81 0.09 
bn150120685 1.01E-06 2.12E-08   1.85  0.49   1.52 0.24   1.01 0.11 
bn150122960 1.65E-06 3.30E-08   2.05  0.57   1.61 0.24   1.31 0.11 
bn150126868 1.41E-05 2.88E-08   5.71  0.77   4.92 0.36   4.06 0.16 
bn150127398 4.36E-06 2.97E-08   7.09  1.18   5.86 0.48   3.05 0.17 
bn150127589 3.22E-05 4.40E-08   7.90  0.72   6.97 0.30   6.24 0.14 
bn150127935 9.29E-07 8.10E-08   1.30  0.46   0.87 0.20   0.44 0.09 
bn150128624 1.13E-07 2.77E-08   7.58  1.28   2.80 0.42   0.72 0.16 
bn150128791 6.08E-06 5.58E-08   3.08  0.53   2.41 0.23   1.88 0.11 
bn150131335 8.58E-07 1.44E-08   2.42  0.41   2.18 0.20   1.83 0.10 
bn150131951 1.41E-06 4.71E-08   3.15  0.87   2.34 0.37   1.94 0.16 
bn150201040 4.21E-08 1.25E-08   1.21  0.30   0.77 0.14   0.37 0.07 
bn150201574 3.75E-05 2.52E-08  49.25  1.47  45.60 0.71  39.17 0.31 
bn150201590 1.25E-06 1.92E-08   1.35  0.38   0.84 0.18   0.62 0.08 
bn150202999 1.74E-05 5.21E-08  12.74  0.95  12.40 0.47  10.93 0.21 
bn150203173 9.69E-07 3.36E-08   1.31  0.53   0.87 0.25   0.54 0.12 
bn150203545 2.20E-06 1.14E-08   4.18  0.74   2.90 0.31   1.75 0.14 
bn150204272 9.85E-07 1.84E-08   1.39  0.35   1.02 0.16   0.86 0.08 
bn150206285 1.73E-06 2.14E-08   2.61  0.56   1.50 0.23   1.22 0.09 
bn150206407 7.56E-07 1.63E-08   2.53  0.49   2.02 0.24   1.61 0.11 
bn150208573 2.72E-07 2.04E-08   1.23  0.42   0.76 0.19   0.51 0.09 
bn150208929 1.76E-08 6.56E-09   1.71  0.38   0.73 0.14   0.15 0.06 
bn150210935 7.08E-06 1.36E-08  11.04  0.83   9.37 0.38   7.78 0.16 
bn150211239 4.25E-07 3.23E-08   1.22  0.39   0.75 0.19   0.55 0.09 
bn150213001 1.43E-05 9.65E-09  72.30  1.77  66.50 0.85  49.08 0.37 
bn150214293 1.29E-07 8.77E-09   3.29  0.56   2.36 0.21   0.69 0.08 
bn150215026 1.15E-07 1.67E-08   1.74  0.44   1.26 0.20   0.60 0.09 
bn150216415 1.21E-06 2.01E-08   0.90  0.31   0.70 0.16   0.41 0.06 
bn150219522 4.63E-06 2.24E-08   2.68  0.63   1.95 0.26   1.69 0.13 
bn150220598 1.40E-05 4.70E-08   9.61  0.75   8.69 0.38   7.87 0.19 
bn150222450 1.07E-05 4.00E-08   7.00  0.86   6.00 0.44   5.60 0.21 
bn150222832 2.05E-06 4.94E-08   1.36  0.46   0.88 0.18   0.55 0.05 
bn150226223 6.18E-07 1.49E-08   6.18  0.50   5.50 0.27   3.50 0.11 
bn150226545 4.94E-06 2.78E-08   3.45  0.55   2.85 0.26   2.38 0.12 
bn150226948 4.73E-07 1.19E-08   1.55  0.38   0.79 0.15   0.59 0.07 
bn150227702 1.24E-06 2.21E-08   2.28  0.40   1.17 0.17   0.84 0.08 
bn150228845 2.07E-06 1.03E-08   7.96  0.89   5.78 0.32   5.02 0.15 
bn150228981 6.67E-06 1.55E-08   3.97  0.56   3.59 0.26   3.06 0.12 
bn150301045 9.53E-08 6.54E-09   3.82  0.67   1.68 0.25   0.55 0.08 
bn150301818 1.77E-06 1.61E-08   2.53  0.40   1.89 0.19   1.70 0.09 
bn150303516 2.90E-07 9.22E-09   1.70  0.36   1.64 0.18   0.84 0.08 
bn150305724 7.69E-07 3.18E-08   1.55  0.34   1.26 0.19   0.99 0.09 
bn150306993 1.73E-05 4.66E-08  14.42  1.86  13.30 0.89  11.96 0.43 
bn150309958 2.50E-05 1.16E-07   8.77  0.66   7.93 0.33   7.49 0.16 
bn150312403 1.01E-07 1.18E-08   3.58  0.51   1.77 0.21   0.54 0.08 
bn150313657 4.01E-07 3.20E-08   2.07  0.52   1.49 0.25   1.22 0.12 
bn150314205 4.14E-05 6.46E-08  40.64  1.29  40.08 0.64  36.41 0.30 
bn150316400 6.84E-08 1.00E-08   0.64  0.22   0.41 0.10   0.29 0.05 
bn150318521 2.25E-06 2.88E-08   1.80  0.46   0.83 0.17   0.56 0.07 
bn150319271 4.64E-06 1.98E-08   5.63  0.80   4.49 0.42   3.84 0.19 
bn150320462 1.31E-07 2.35E-08   7.85  1.49   2.61 0.50   0.72 0.20 
bn150322066 1.87E-06 1.46E-08   2.36  0.38   2.14 0.19   1.79 0.09 
bn150323395 1.07E-05 3.72E-08   4.14  0.52   3.45 0.22   3.23 0.11 
bn150323712 1.02E-06 1.40E-08   0.78  0.23   0.59 0.11   0.42 0.06 
bn150324164 2.00E-06 1.36E-08   4.75  0.58   3.65 0.28   3.02 0.12 
bn150324319 5.17E-06 3.01E-08   4.86  0.58   4.05 0.27   3.72 0.13 
bn150325696 6.08E-08 9.36E-09   4.26  0.57   2.03 0.24   0.54 0.08 
bn150326521 2.61E-07 6.82E-09   1.32  0.39   1.24 0.18   0.80 0.08 
bn150326542 8.54E-07 1.16E-08   3.21  0.49   2.46 0.22   1.93 0.11 
bn150329288 9.40E-07 2.02E-08   1.54  0.53   0.81 0.18   0.57 0.07 
bn150330828 7.02E-05 3.29E-08  34.23  1.32  31.92 0.65  25.61 0.29 
bn150403913 2.55E-05 3.03E-08  18.09  1.28  17.53 0.62  16.10 0.30 
bn150404733 3.38E-07 1.37E-08   1.92  0.54   1.58 0.27   1.11 0.12 
bn150411026 3.43E-07 2.41E-08   1.05  0.32   0.77 0.17   0.56 0.08 
bn150412507 7.66E-08 6.03E-09   2.01  0.39   1.46 0.18   0.47 0.06 
bn150412931 2.24E-07 1.50E-08   2.85  0.50   2.34 0.23   0.91 0.10 
bn150415029 2.10E-06 2.19E-08   2.10  0.43   1.58 0.17   1.37 0.08 
bn150416773 3.39E-06 3.01E-08   2.77  0.54   2.39 0.22   2.03 0.10 
bn150418819 3.15E-07 1.23E-08   3.36  0.52   2.19 0.23   1.05 0.08 
bn150422294 1.26E-06 2.07E-08   0.71  0.19   0.56 0.09   0.43 0.05 
bn150422703 1.64E-05 5.22E-08   8.11  0.58   7.48 0.28   6.22 0.14 
bn150423285 6.45E-07 2.26E-08   1.47  0.54   1.02 0.23   0.80 0.10 
bn150424403 1.96E-06 3.96E-08   2.32  0.59   1.58 0.25   0.95 0.09 
bn150425617 5.45E-07 2.55E-08   1.74  0.43   1.44 0.22   0.98 0.11 
bn150426594 6.32E-06 4.25E-08  16.57  1.45  13.10 0.67   9.08 0.29 
bn150428305 8.48E-07 2.57E-08   1.27  0.48   0.80 0.21   0.54 0.09 
bn150430015 8.05E-06 3.46E-08   5.71  0.85   4.96 0.40   4.63 0.18 
bn150501017 8.71E-07 1.52E-08   2.31  0.48   1.91 0.22   1.57 0.10 
bn150502435 1.42E-05 5.50E-08   3.05  0.46   2.67 0.22   2.28 0.10 
bn150506398 2.17E-06 9.99E-09   7.47  0.74   7.25 0.36   5.05 0.15 
bn150506630 1.84E-07 8.30E-09   6.53  0.85   3.13 0.27   1.10 0.09 
bn150506972 1.43E-07 5.70E-09   2.39  0.50   1.83 0.21   0.77 0.07 
bn150507026 8.52E-06 5.04E-08   7.21  0.68   6.03 0.34   4.74 0.16 
bn150508945 1.44E-06 1.62E-08   1.95  0.56   0.94 0.22   0.61 0.09 
bn150510139 3.14E-05 3.01E-08  24.91  1.07  20.57 0.49  13.94 0.22 
bn150511362 1.84E-06 3.02E-08   2.41  0.53   1.70 0.23   1.35 0.10 
bn150512432 8.26E-06 5.92E-08   3.75  0.66   3.37 0.30   2.76 0.14 
bn150513856 4.16E-06 4.51E-08   2.48  0.49   2.20 0.23   1.51 0.10 
bn150514774 2.53E-06 2.46E-08   7.61  0.55   7.11 0.27   6.16 0.13 
bn150520893 4.67E-07 2.63E-08   1.36  0.36   0.77 0.13   0.63 0.06 
bn150522433 1.29E-06 2.28E-08   1.32  0.40   1.02 0.18   0.65 0.08 
bn150522944 1.12E-07 5.58E-09   2.34  0.55   1.44 0.21   0.62 0.07 
bn150523396 1.32E-05 2.22E-08   5.56  0.67   5.26 0.35   4.31 0.16 
bn150523690 3.08E-06 6.98E-08   2.53  0.91   1.63 0.43   0.95 0.18 
bn150527283 1.40E-06 2.66E-08   2.15  0.42   1.22 0.20   1.04 0.09 
bn150527662 2.90E-06 2.59E-08   1.47  0.36   0.97 0.16   0.81 0.07 
bn150528656 2.57E-06 2.24E-08   4.25  0.43   3.95 0.28   3.37 0.12 
bn150530488 2.21E-06 2.16E-08   4.19  0.64   3.75 0.30   2.78 0.14 
bn150601904 7.20E-08 9.26E-09   1.32  0.40   0.94 0.16   0.44 0.06 
bn150602840 2.97E-06 1.80E-08   4.15  0.58   2.89 0.27   2.44 0.13 
bn150603105 9.81E-07 1.64E-08   1.51  0.42   1.00 0.19   0.81 0.09 
bn150603823 2.57E-06 3.49E-08   1.64  0.41   1.06 0.17   0.83 0.08 
bn150604284 7.88E-07 1.58E-08   1.60  0.39   0.82 0.15   0.48 0.07 
bn150604434 2.24E-07 6.10E-09   6.22  0.65   3.37 0.24   1.22 0.08 
bn150605782 4.74E-08 9.80E-09   4.16  0.55   1.23 0.16   0.30 0.06 
bn150607330 2.35E-06 4.78E-08   4.13  0.90   3.39 0.42   2.52 0.19 
bn150609316 5.95E-08 9.26E-09   3.28  0.45   1.25 0.17   0.38 0.06 
bn150612702 1.12E-05 5.48E-08   3.03  0.45   2.63 0.23   2.26 0.11 
bn150613420 1.36E-06 1.52E-08   1.57  0.41   1.18 0.19   0.78 0.09 
bn150613995 3.41E-06 2.47E-08   2.55  0.53   2.06 0.25   1.66 0.12 
bn150614073 1.57E-06 1.58E-08   3.98  0.56   3.29 0.27   2.73 0.13 
bn150618674 1.99E-06 2.66E-08   2.81  0.61   2.30 0.30   1.84 0.15 
bn150619287 8.54E-06 4.93E-08   3.93  0.49   3.57 0.24   3.25 0.12 
bn150622393 1.71E-05 5.52E-08   6.85  0.80   6.04 0.39   4.58 0.17 
bn150627183 9.30E-05 2.05E-07  37.62  1.41  35.25 0.68  28.83 0.31 
bn150628767 1.58E-07 6.26E-09   3.07  0.59   1.78 0.21   0.78 0.07 
bn150629564 2.44E-07 9.81E-09   4.16  0.45   3.32 0.22   1.10 0.08 
bn150630223 4.92E-06 2.98E-08   5.69  0.84   4.57 0.38   4.00 0.17 
bn150630958 1.32E-06 3.51E-08   2.12  0.65   1.77 0.31   1.39 0.15 
bn150702998 5.39E-06 2.72E-08   8.28  0.75   6.99 0.44   4.89 0.20 
bn150703149 2.63E-06 3.53E-08   2.04  0.47   1.34 0.21   0.88 0.08 
bn150703259 5.57E-06 1.99E-08   2.31  0.49   1.88 0.22   1.33 0.09 
bn150705009 2.38E-06 3.42E-08   3.85  0.60   3.29 0.29   2.74 0.14 
bn150705588 1.22E-07 1.29E-08   2.85  0.48   1.86 0.21   0.71 0.08 
bn150707124 1.32E-05 2.70E-08   4.35  0.78   3.28 0.34   2.67 0.16 
bn150708339 9.27E-06 6.67E-08   2.07  0.45   1.44 0.20   1.24 0.10 
bn150710646 7.81E-07 1.66E-08   1.24  0.35   0.82 0.18   0.49 0.07 
bn150711766 4.92E-06 5.99E-08   2.52  0.45   1.91 0.19   1.70 0.09 
bn150712846 1.35E-06 2.75E-08   1.42  0.40   1.01 0.19   0.60 0.07 
bn150715136 1.86E-07 1.18E-08   2.07  0.57   2.07 0.28   0.83 0.10 
bn150716552 6.11E-07 1.63E-08   2.08  0.50   1.13 0.20   0.83 0.09 
bn150717795 7.09E-07 1.45E-08   2.16  0.48   1.46 0.23   1.30 0.11 
bn150718656 6.93E-07 1.55E-08   2.78  0.50   1.77 0.22   1.38 0.10 
bn150721242 7.99E-06 2.36E-08   7.67  0.64   6.80 0.31   6.38 0.15 
bn150721431 8.68E-08 1.06E-08   3.21  0.59   1.48 0.23   0.54 0.09 
bn150721732 7.71E-07 1.89E-08   2.06  0.57   1.61 0.31   1.22 0.14 
bn150723608 1.27E-06 1.45E-08   1.58  0.44   1.13 0.19   0.85 0.08 
bn150724398 1.34E-06 2.37E-08   1.83  0.43   1.26 0.18   0.80 0.08 
bn150724782 1.03E-05 2.20E-08   5.68  0.58   5.17 0.28   4.50 0.13 
bn150726877 4.01E-06 2.67E-08   2.11  0.47   1.60 0.22   1.39 0.10 
bn150727793 2.51E-06 3.08E-08   2.05  0.54   1.38 0.25   1.05 0.12 
bn150728151 3.85E-07 1.10E-08   4.37  0.60   2.66 0.24   1.13 0.08 
bn150729517 8.32E-06 2.20E-08   5.35  0.50   4.65 0.30   4.24 0.14 
bn150802127 8.27E-06 3.54E-08   4.58  0.84   3.77 0.42   2.64 0.18 
bn150802207 1.04E-06 1.63E-08   1.66  0.54   1.48 0.23   0.87 0.11 
bn150804806 3.73E-06 2.90E-08   2.58  0.53   2.23 0.24   1.74 0.11 
bn150805445 3.57E-06 3.23E-08   2.57  0.61   1.84 0.28   1.47 0.14 
bn150805746 2.01E-07 4.82E-09   1.74  0.48   1.42 0.23   1.06 0.10 
bn150806348 3.86E-06 3.68E-08   1.68  0.41   1.32 0.17   1.16 0.09 
bn150809516 3.42E-06 2.50E-08   2.76  0.51   2.14 0.23   1.51 0.10 
bn150810485 7.33E-07 1.80E-08  10.01  0.73   6.55 0.30   3.00 0.11 
bn150811849 7.88E-07 2.17E-08  13.13  1.15   8.30 0.51   3.35 0.17 
bn150815604 1.44E-06 3.09E-08   1.52  0.39   0.86 0.14   0.61 0.06 
bn150817087 6.55E-06 2.81E-08  12.27  1.12  11.91 0.56   8.82 0.25 
bn150817251 4.15E-06 5.42E-08   4.03  0.96   3.28 0.44   2.81 0.20 
bn150819440 3.30E-06 9.21E-09  79.36  2.74  31.20 0.78  14.83 0.30 
bn150820880 2.02E-07 8.42E-09   1.05  0.28   0.91 0.15   0.59 0.07 
bn150821406 2.79E-05 1.51E-07   6.02  0.78   5.44 0.39   4.63 0.17 
bn150822178 1.47E-06 1.55E-08   2.21  0.46   1.81 0.21   1.54 0.10 
bn150824079 1.14E-05 2.27E-08  17.64  1.08  14.38 0.46  11.68 0.22 
bn150824125 6.79E-07 1.91E-08   1.38  0.46   0.87 0.21   0.61 0.10 
bn150826557 2.09E-06 1.91E-08   2.30  0.54   1.53 0.24   1.21 0.10 
bn150827785 1.05E-06 1.46E-08   1.48  0.40   1.07 0.18   0.87 0.09 
bn150828333 2.23E-06 2.87E-08   2.96  0.46   2.30 0.22   1.93 0.10 
bn150828901 8.28E-08 1.10E-08   0.85  0.32   0.43 0.11   0.34 0.05 
bn150830128 2.03E-06 1.39E-08   2.38  0.48   1.55 0.18   0.88 0.09 
bn150831930 1.43E-06 1.52E-08   4.90  0.74   3.93 0.50   2.83 0.15 
bn150901924 1.01E-07 1.92E-08   5.17  0.79   1.93 0.28   0.50 0.11 
bn150902733 3.89E-05 2.66E-08  45.21  1.42  42.16 0.69  34.20 0.31 
bn150904479 5.63E-07 1.69E-08   0.62  0.19   0.37 0.10   0.24 0.05 
bn150906944 1.85E-07 6.66E-09   8.11  0.79   3.81 0.28   1.03 0.09 
bn150908408 2.12E-06 3.55E-08   2.59  0.45   1.80 0.20   0.78 0.08 
bn150911315 1.49E-06 2.59E-08   1.93  0.54   1.93 0.27   1.20 0.11 
bn150911588 5.55E-06 4.23E-08   3.40  0.57   2.80 0.28   2.35 0.12 
bn150912443 1.90E-06 3.15E-08   1.62  0.43   1.19 0.18   0.98 0.08 
bn150912600 1.64E-07 7.67E-09   3.34  0.58   2.49 0.25   0.82 0.07 
bn150913161 5.69E-06 3.94E-08   4.84  0.53   4.22 0.27   3.81 0.13 
bn150917148 4.71E-07 2.22E-08   1.72  0.60   1.19 0.29   0.66 0.14 
bn150919606 1.47E-06 3.78E-08   5.05  0.56   4.48 0.27   3.08 0.12 
bn150922234 3.45E-07 9.12E-09  11.80  1.00   6.16 0.37   1.42 0.11 
bn150922718 6.30E-07 3.11E-08   1.17  0.36   0.91 0.19   0.65 0.09 
bn150922883 3.68E-07 8.45E-09   2.13  0.58   1.33 0.27   1.09 0.13 
bn150923297 6.72E-08 1.16E-08   3.91  0.50   1.71 0.18   0.61 0.06 
bn150923429 1.28E-07 1.01E-08   3.99  0.58   2.30 0.22   0.69 0.07 
bn150923864 1.07E-06 7.93E-09   9.24  0.61   7.83 0.29   3.83 0.11 
bn150923995 4.59E-07 1.54E-08   1.82  0.33   1.30 0.17   0.95 0.08 
bn150928359 1.91E-06 2.63E-08   1.57  0.41   1.10 0.18   0.88 0.08 
bn151001348 1.09E-05 6.82E-08   3.39  0.53   2.66 0.24   2.50 0.12 
bn151001628 1.49E-06 3.23E-08   2.07  0.51   1.36 0.22   1.07 0.11 
bn151003729 7.26E-07 2.93E-08   1.95  0.63   1.13 0.28   0.77 0.13 
bn151006413 6.84E-06 2.93E-08   3.03  0.46   2.33 0.21   2.08 0.10 
bn151009949 6.96E-07 1.56E-08   1.67  0.56   1.12 0.26   0.75 0.11 
bn151011136 4.46E-06 4.68E-08   4.88  0.77   4.33 0.38   3.22 0.17 
bn151014592 1.62E-06 1.98E-08   1.67  0.42   1.51 0.20   1.07 0.09 
bn151021791 6.97E-06 1.96E-08  13.48  0.98  12.58 0.48  11.71 0.23 
bn151022577 1.58E-07 1.23E-08   6.46  0.87   3.31 0.30   1.00 0.11 
bn151023104 7.64E-07 9.52E-09   2.17  0.56   1.45 0.25   1.28 0.12 
bn151024179 1.56E-07 1.17E-08   0.98  0.29   0.69 0.14   0.56 0.07 
bn151026169 1.10E-06 2.41E-08   1.34  0.46   0.70 0.18   0.47 0.08 
bn151026523 2.30E-06 3.78E-08   2.01  0.59   1.31 0.25   0.88 0.10 
bn151027166 7.56E-06 3.53E-08   5.72  0.63   5.33 0.31   4.98 0.15 
bn151030999 2.60E-05 2.89E-08   9.97  0.73   8.95 0.35   7.37 0.17 
bn151107851 1.58E-05 6.95E-08   7.41  0.63   6.74 0.31   6.05 0.15 
bn151111356 1.26E-06 1.69E-08   1.50  0.42   0.85 0.19   0.65 0.09 
bn151114645 1.17E-06 2.78E-08   1.17  0.34   0.58 0.16   0.34 0.08 
bn151117442 4.86E-06 3.84E-08   4.18  0.57   3.35 0.27   2.12 0.12 
bn151118554 2.65E-06 4.03E-08   2.58  0.45   1.84 0.19   1.50 0.09 
bn151120349 5.12E-06 1.46E-08   3.48  0.49   2.73 0.22   2.28 0.10 
bn151122709 1.29E-06 4.98E-08   1.25  0.41   0.81 0.14   0.50 0.07 
bn151126293 5.33E-07 1.95E-08   1.94  0.45   1.10 0.20   0.71 0.08 
bn151129333 2.23E-06 4.14E-08   1.83  0.39   1.34 0.18   1.00 0.08 
bn151130160 1.40E-06 1.32E-08   1.91  0.38   1.61 0.19   1.28 0.08 
bn151202565 3.21E-07 1.39E-08   3.91  0.70   2.91 0.31   1.50 0.12 
bn151205657 1.02E-06 2.23E-08   1.52  0.35   0.85 0.17   0.69 0.08 
bn151210041 1.71E-06 2.84E-08   1.42  0.42   0.90 0.17   0.73 0.07 
bn151211672 3.65E-06 1.76E-08   2.20  0.42   1.97 0.22   1.30 0.09 
bn151212030 1.19E-06 3.76E-08   4.13  0.75   2.64 0.32   1.59 0.14 
bn151212064 4.45E-06 1.74E-08   7.11  0.61   6.63 0.30   6.26 0.15 
bn151218857 3.80E-07 1.05E-08   3.30  0.49   2.70 0.23   1.45 0.10 
bn151219567 2.48E-06 3.18E-08   3.06  0.52   2.60 0.25   2.02 0.11 
bn151222340 5.82E-07 1.98E-08   8.40  1.28   5.71 0.46   2.60 0.19 
bn151227072 3.01E-06 1.81E-08  11.98  0.84  11.06 0.40   8.99 0.19 
bn151227218 2.11E-05 8.81E-08  20.14  1.17  18.70 0.58  15.16 0.25 
bn151228129 1.49E-07 2.20E-08   5.75  1.28   2.73 0.40   0.71 0.14 
bn151228949 1.99E-06 1.07E-08   1.72  0.54   1.72 0.27   0.93 0.12 
bn151229285 5.84E-07 7.26E-09   4.87  0.57   4.20 0.27   2.97 0.12 
bn151229486 7.99E-08 4.77E-09   3.53  0.78   2.16 0.32   0.65 0.12 
bn151231443 5.04E-05 1.15E-07  26.10  2.62  23.86 1.24  21.30 0.58 
bn151231568 5.34E-07 9.00E-09   7.91  0.84   7.00 0.38   2.38 0.12 
bn160101030 9.91E-06 1.29E-08  18.05  1.06  17.09 0.54  13.94 0.24 
bn160101215 1.06E-06 1.83E-08   3.06  0.57   2.01 0.21   1.37 0.09 
bn160102500 1.12E-06 8.89E-09   2.16  0.42   1.88 0.20   1.50 0.10 
bn160102936 1.95E-06 1.33E-08   3.87  0.53   3.23 0.26   2.77 0.12 
bn160104475 2.31E-07 1.08E-08   1.33  0.38   0.52 0.15   0.26 0.05 
bn160104918 1.46E-06 2.68E-08   1.87  0.50   1.35 0.23   1.06 0.11 
bn160106948 2.18E-05 4.93E-08  10.54  0.98   8.90 0.53   8.07 0.26 
bn160107931 1.30E-05 5.53E-08  12.46  0.74  11.42 0.35   6.17 0.13 
bn160111115 1.25E-06 2.74E-08   2.69  0.43   1.82 0.18   1.39 0.09 
bn160113398 2.09E-05 1.64E-08  15.55  1.14  14.41 0.55  13.05 0.26 
bn160118060 1.73E-05 3.52E-08  10.72  1.03   9.93 0.57   7.90 0.25 
bn160119072 3.67E-07 1.73E-08   1.28  0.43   0.90 0.20   0.60 0.09 
bn160123095 3.95E-07 1.23E-08   1.24  0.41   0.60 0.15   0.42 0.07 
bn160125368 5.66E-07 1.77E-08   1.41  0.53   1.35 0.26   1.15 0.11 
bn160131116 9.41E-07 1.55E-08   1.46  0.50   0.97 0.18   0.65 0.09 
bn160131174 5.47E-06 5.29E-08   2.56  0.71   1.89 0.32   1.30 0.14 
bn160201883 2.70E-06 4.36E-08   3.78  0.70   3.12 0.32   2.17 0.13 
bn160206430 1.58E-06 2.66E-08   2.57  0.53   1.68 0.22   1.40 0.11 
bn160211119 7.94E-08 6.15E-09   0.87  0.31   0.69 0.14   0.50 0.06 
bn160215773 2.26E-05 3.24E-08  10.78  0.91   9.75 0.43   6.81 0.18 
bn160216801 2.60E-06 9.13E-09   4.08  0.41   3.66 0.20   3.38 0.10 
bn160218711 6.96E-07 1.47E-08   1.12  0.36   0.58 0.15   0.50 0.06 
bn160219289 4.27E-07 3.82E-08   8.22  0.77   4.09 0.27   1.17 0.09 
bn160219673 5.36E-06 2.68E-08   2.15  0.41   1.77 0.19   1.57 0.09 
bn160220059 3.36E-07 5.14E-09   1.09  0.30   0.70 0.15   0.41 0.06 
bn160220868 5.26E-07 3.53E-08   1.20  0.40   0.71 0.19   0.42 0.09 
bn160221993 8.65E-07 1.22E-08   1.27  0.28   1.02 0.13   0.78 0.06 
bn160222070 6.74E-07 1.37E-08   1.04  0.30   0.66 0.13   0.54 0.07 
bn160223072 5.36E-06 2.92E-08   3.64  0.47   3.09 0.23   2.50 0.10 
bn160223416 2.16E-06 4.19E-08   2.56  0.51   2.11 0.22   1.47 0.09 
bn160223670 6.95E-06 2.65E-08   3.36  0.70   3.06 0.33   2.11 0.13 
bn160224911 7.78E-08 1.32E-08   1.73  0.32   0.96 0.13   0.47 0.06 
bn160225720 3.42E-05 2.77E-07  18.96  4.82  18.96 2.41  12.38 1.09 
bn160225809 1.06E-05 3.56E-08   6.58  0.67   5.73 0.33   5.37 0.16 
bn160226913 2.71E-06 2.59E-08   1.71  0.44   0.91 0.18   0.65 0.08 
bn160227831 6.84E-06 2.24E-08   7.66  0.75   6.67 0.37   5.69 0.17 
bn160228034 3.28E-07 1.08E-08   1.02  0.36   0.75 0.16   0.50 0.08 
bn160301215 3.71E-06 2.21E-08   2.36  0.41   2.14 0.19   1.97 0.09 
bn160303201 8.32E-06 8.48E-08   9.84  1.08   8.66 0.51   5.02 0.21 
bn160303971 7.78E-07 1.99E-08   1.73  0.41   0.86 0.16   0.73 0.08 
bn160308709 4.45E-07 1.54E-08   1.00  0.29   0.59 0.11   0.44 0.06 
bn160310016 3.04E-06 1.76E-08   4.92  0.52   4.25 0.26   3.76 0.13 
bn160310291 1.43E-06 3.73E-08   4.75  0.76   3.64 0.34   2.46 0.15 
bn160314473 9.06E-08 1.07E-08   2.78  0.51   1.36 0.20   0.45 0.08 
bn160314929 2.50E-06 3.20E-08   1.83  0.46   1.44 0.21   1.13 0.10 
bn160315739 1.71E-07 1.32E-08   1.22  0.39   0.79 0.18   0.53 0.08 
bn160316139 1.15E-06 3.79E-08   1.71  0.53   0.94 0.20   0.68 0.09 
bn160316573 2.10E-06 3.96E-08   3.04  0.82   2.53 0.40   1.77 0.19 
bn160317385 1.60E-06 6.23E-08   4.59  1.53   3.58 0.66   2.90 0.34 
bn160318342 5.52E-07 2.17E-08   1.08  0.31   0.73 0.15   0.48 0.07 
bn160323293 7.90E-07 2.56E-08   2.34  0.57   1.79 0.26   1.12 0.11 
bn160325291 1.08E-05 1.06E-07   5.37  0.55   4.85 0.30   4.16 0.15 
bn160326062 8.95E-07 1.63E-08   1.89  0.55   1.20 0.21   0.68 0.07 
bn160330827 6.35E-06 2.97E-08   3.09  0.55   2.52 0.26   2.22 0.13 
bn160401065 5.27E-06 2.38E-08   4.23  0.52   4.01 0.26   3.66 0.13 
bn160406023 1.34E-06 1.63E-08   1.38  0.37   1.06 0.16   0.95 0.08 
bn160406503 2.29E-07 1.67E-08   8.21  0.79   4.46 0.28   1.15 0.09 
bn160406570 2.39E-06 2.38E-08   2.37  0.66   1.52 0.32   1.13 0.15 
bn160407673 2.10E-06 1.42E-08   3.59  0.65   2.80 0.27   1.88 0.11 
bn160408268 3.61E-07 1.37E-08   6.72  0.81   5.29 0.37   2.03 0.12 
bn160411062 1.38E-07 1.05E-08   3.06  0.67   2.65 0.32   1.03 0.13 
bn160416022 2.61E-06 4.42E-08   2.26  0.51   2.26 0.26   1.04 0.07 
bn160419637 9.34E-07 3.69E-08   1.99  0.58   1.53 0.27   0.98 0.12 
bn160421137 1.76E-05 8.36E-08   9.39  0.77   8.28 0.42   6.99 0.21 
bn160422499 4.61E-05 3.71E-08  49.47  1.37  48.34 0.68  42.90 0.32 
bn160423066 3.88E-07 1.40E-08   1.60  0.44   1.06 0.17   0.59 0.07 
bn160424492 1.59E-06 1.36E-08   4.54  0.57   3.84 0.28   3.55 0.13 
bn160428412 9.71E-08 1.83E-08   2.12  0.52   1.74 0.25   0.71 0.11 
bn160503567 1.24E-06 3.39E-08   1.92  0.47   1.26 0.21   0.88 0.09 
bn160508290 6.63E-07 1.34E-08   2.37  0.57   1.23 0.20   0.80 0.09 
bn160509374 8.74E-05 8.03E-08  41.59  1.37  39.20 0.68  33.30 0.31 
bn160512199 5.69E-06 2.35E-08   3.83  0.47   3.58 0.23   3.29 0.11 
bn160512536 1.92E-06 3.44E-08   1.49  0.44   0.75 0.16   0.59 0.06 
bn160513553 1.10E-07 1.91E-08   1.90  0.62   1.09 0.29   0.52 0.13 
bn160513962 1.08E-06 3.78E-08   1.62  0.46   0.89 0.20   0.68 0.10 
bn160515819 3.19E-06 4.83E-08   1.68  0.48   1.11 0.20   0.82 0.08 
bn160516237 1.06E-06 3.02E-08   6.11  1.39   4.27 0.66   3.71 0.33 
bn160518039 2.20E-06 3.04E-08   2.82  0.64   2.25 0.28   1.83 0.13 
bn160518985 1.81E-06 2.12E-08   2.17  0.54   1.19 0.22   0.73 0.09 
bn160519012 1.26E-06 9.90E-09   2.03  0.43   1.54 0.19   1.19 0.09 
bn160519060 1.42E-06 2.39E-08   2.31  0.39   1.67 0.17   1.45 0.08 
bn160519677 6.85E-07 2.42E-08   1.66  0.58   1.32 0.26   0.85 0.11 
bn160521385 7.88E-06 4.20E-08  32.02  1.19  29.58 0.57  21.77 0.24 
bn160521839 1.50E-06 2.01E-08   4.85  0.50   3.49 0.23   2.59 0.11 
bn160522445 3.08E-06 2.27E-08   1.75  0.41   1.51 0.19   1.15 0.09 
bn160523919 4.02E-06 1.83E-08   2.17  0.48   2.06 0.20   1.52 0.10 
bn160527080 9.09E-07 2.44E-08   1.63  0.40   1.26 0.18   0.99 0.09 
bn160528276 4.29E-07 3.45E-08   1.78  1.03   1.23 0.41   0.80 0.16 
bn160530667 5.57E-05 2.88E-08  55.78  1.57  54.89 0.78  52.07 0.38 
bn160603719 1.30E-07 1.82E-08   3.31  0.65   2.37 0.28   0.97 0.11 
bn160605847 1.19E-06 2.17E-08   4.91  0.77   3.94 0.35   3.09 0.15 
bn160609690 2.82E-08 8.24E-09   0.64  0.23   0.47 0.11   0.21 0.05 
bn160609941 1.16E-06 4.89E-08   2.21  0.56   1.50 0.24   0.90 0.10 
bn160612842 3.16E-07 8.05E-09  10.50  0.85   5.57 0.33   1.66 0.11 
bn160621497 2.53E-06 2.68E-08   1.14  0.30   1.02 0.15   0.78 0.07 
bn160623209 2.11E-06 3.92E-08   1.40  0.42   0.87 0.20   0.57 0.10 
bn160624477 1.82E-07 4.99E-09   3.57  0.59   3.11 0.27   0.89 0.09 
bn160625230 1.98E-06 1.99E-08   2.00  0.38   1.76 0.18   1.55 0.09 
bn160625240 6.62E-07 1.34E-08   1.32  0.44   0.98 0.17   0.80 0.08 
bn160625945 2.76E-04 9.78E-08 116.14  2.57 112.46 1.27 107.02 0.62 
bn160628136 4.20E-07 2.69E-08   2.38  0.54   1.72 0.20   0.97 0.09 
bn160628579 1.75E-06 1.24E-08   5.31  0.54   4.93 0.26   4.07 0.13 
bn160629930 7.78E-06 1.94E-08   3.32  0.48   2.96 0.22   2.59 0.10 
bn160709370 3.96E-06 2.97E-08   2.51  0.57   1.90 0.24   1.58 0.11 
bn160709826 7.28E-07 6.32E-09   9.80  0.97   5.81 0.37   3.33 0.14 
bn160710233 8.76E-07 1.69E-08   1.27  0.40   0.82 0.16   0.64 0.08 
bn160711968 4.59E-07 1.25E-08   1.46  0.38   1.18 0.17   0.62 0.07 
bn160714097 7.16E-08 7.88E-09   2.79  0.43   1.37 0.15   0.57 0.06 
bn160716144 1.65E-06 1.76E-08   1.74  0.43   1.18 0.19   0.84 0.08 
bn160717813 9.96E-06 4.07E-08   4.92  0.63   4.40 0.29   3.90 0.13 
bn160718975 1.23E-06 1.24E-08   2.89  0.40   2.29 0.19   1.92 0.09 
bn160720275 1.27E-06 2.95E-08   2.12  0.37   1.88 0.19   1.61 0.09 
bn160720767 7.38E-05 4.35E-08  28.73  1.69  27.47 0.84  24.69 0.40 
bn160721806 1.30E-06 6.31E-08   6.87  0.94   5.74 0.58   1.79 0.19 
bn160724444 6.39E-06 1.17E-08  15.39  1.03  14.03 0.49  10.36 0.21 
bn160726065 5.09E-07 8.78E-09   9.85  0.90   7.30 0.35   2.47 0.11 
bn160727971 3.75E-07 3.13E-08   2.31  0.48   1.80 0.23   1.15 0.10 
bn160728337 5.21E-07 3.56E-08   0.79  0.42   0.57 0.14   0.43 0.07 
bn160731024 1.11E-06 1.90E-08   2.34  0.43   2.31 0.21   1.74 0.10 
bn160802259 3.33E-05 3.10E-08  52.35  2.26  46.87 1.07  40.95 0.50 
bn160804065 8.38E-06 1.31E-07   2.07  0.52   1.41 0.23   1.07 0.10 
bn160804180 5.59E-07 1.75E-08   5.78  0.67   4.60 0.32   2.62 0.13 
bn160804775 4.82E-06 2.54E-08   2.09  0.53   1.29 0.18   1.10 0.09 
bn160804968 1.31E-07 1.00E-08   7.17  0.68   3.72 0.23   1.01 0.08 
bn160806584 1.07E-06 1.31E-08   8.37  1.00   7.50 0.47   4.90 0.20 
bn160813297 6.29E-07 1.82E-08   1.95  0.50   1.11 0.18   0.94 0.08 
bn160814622 2.17E-07 2.66E-08   1.34  0.38   1.11 0.19   0.87 0.09 
bn160815299 6.65E-07 3.19E-08   1.72  0.64   0.99 0.24   0.51 0.11 
bn160815490 1.16E-06 2.32E-08   3.45  0.56   2.91 0.27   2.27 0.12 
bn160816414 5.34E-07 2.09E-08   1.68  0.38   1.24 0.17   0.89 0.08 
bn160816730 1.96E-05 9.17E-09  37.83  1.32  35.92 0.64  22.40 0.26 
bn160818198 8.93E-07 7.47E-09   4.27  0.56   3.71 0.27   2.62 0.12 
bn160818230 2.75E-07 1.17E-08   4.51  0.91   3.30 0.39   1.16 0.13 
bn160819852 8.40E-06 2.98E-08   9.23  0.74   8.37 0.37   7.66 0.18 
bn160820496 2.87E-07 4.97E-09   5.66  0.66   4.24 0.28   1.44 0.09 
bn160821857 1.87E-04 4.78E-08  55.47  1.85  52.08 0.94  50.43 0.49 
bn160821937 1.03E-07 1.04E-08   3.29  0.42   1.77 0.17   0.64 0.06 
bn160822672 1.26E-06 7.42E-08  50.42  7.31  25.59 2.77   6.90 0.93 
bn160824598 3.75E-06 1.13E-08   8.95  1.11   7.67 0.52   6.55 0.25 
bn160825799 9.92E-07 6.19E-09   7.09  0.55   5.17 0.24   2.45 0.09 
bn160826938 1.64E-07 7.62E-09   1.55  0.41   1.23 0.19   0.80 0.08 
bn160827586 3.15E-06 6.34E-08   2.70  0.90   1.33 0.30   0.97 0.13 
bn160827616 3.53E-07 1.78E-08   1.81  0.50   1.38 0.22   0.99 0.10 
bn160827837 7.69E-07 1.62E-08   1.12  0.35   0.84 0.17   0.67 0.07 
bn160829334 1.83E-07 6.49E-09   2.72  0.56   1.92 0.19   0.84 0.09 
bn160831411 3.28E-06 1.91E-08   2.21  0.47   1.99 0.46   1.67 0.11 
bn160905471 2.59E-05 1.96E-07   9.14  0.91   8.66 0.47   7.61 0.21 
bn160908136 1.53E-06 5.15E-08   1.72  0.44   1.50 0.22   1.02 0.10 
bn160909061 1.11E-06 2.12E-08   3.13  0.55   2.16 0.25   1.06 0.10 
bn160910722 3.93E-05 1.30E-08  48.25  1.37  45.96 0.67  42.96 0.32 
bn160912350 2.41E-06 2.63E-08   3.74  0.47   3.29 0.24   2.63 0.11 
bn160912521 1.32E-05 4.11E-08   6.19  0.89   5.38 0.42   4.76 0.20 
bn160912674 1.96E-06 1.66E-08   1.19  0.47   0.64 0.20   0.46 0.07 
bn160917456 2.37E-06 1.33E-08   3.82  0.51   2.97 0.20   2.64 0.10 
bn160917479 2.62E-06 3.87E-08   3.66  0.52   2.95 0.23   2.28 0.10 
bn160917921 2.53E-07 2.30E-08   1.35  0.43   0.69 0.16   0.46 0.08 
bn160919613 2.95E-06 2.89E-08   2.42  0.53   2.10 0.26   1.36 0.11 
bn160919858 8.29E-07 8.45E-09   1.25  0.34   0.80 0.17   0.57 0.08 
bn160920249 7.69E-07 1.35E-08   2.28  0.51   1.73 0.22   1.34 0.10 
bn160921087 2.00E-06 1.22E-08   1.88  0.44   1.72 0.21   1.29 0.09 
bn160922856 4.82E-07 1.28E-08   0.94  0.39   0.94 0.20   0.58 0.08 
bn160924253 5.47E-07 3.56E-08   1.61  0.53   1.14 0.24   0.75 0.12 
bn160925221 1.28E-06 1.24E-08   1.31  0.32   0.81 0.16   0.64 0.07 
bn160928825 3.23E-06 2.85E-08   8.31  0.76   7.55 0.38   4.51 0.16 
bn160929529 5.62E-07 1.30E-08   1.58  0.50   1.31 0.22   0.90 0.10 
bn161001045 9.07E-07 8.31E-09   9.44  0.79   7.78 0.36   3.00 0.12 
bn161004964 1.09E-05 1.58E-08   9.55  0.93   8.59 0.45   8.01 0.22 
bn161005977 7.07E-07 2.73E-08   1.35  0.45   0.81 0.18   0.57 0.08 
bn161007009 6.11E-07 2.04E-08   1.16  0.32   0.70 0.15   0.49 0.07 
bn161009651 2.97E-06 1.46E-08   2.27  0.47   1.02 0.16   0.80 0.08 
bn161012214 5.75E-07 2.18E-08   1.42  0.39   0.73 0.18   0.60 0.09 
bn161012416 9.15E-07 1.82E-08   1.06  0.26   0.78 0.14   0.61 0.06 
bn161012637 3.67E-07 1.49E-08   1.18  0.44   0.58 0.14   0.34 0.05 
bn161013948 6.07E-07 1.53E-08   1.33  0.36   1.18 0.20   0.78 0.09 
bn161014522 3.71E-06 2.61E-08   4.36  0.63   3.56 0.30   2.69 0.14 
bn161015400 7.17E-08 1.17E-08   3.71  0.75   2.37 0.30   0.69 0.12 
bn161015710 6.91E-06 8.73E-09   9.39  0.77   7.82 0.38   6.32 0.18 
bn161017745 2.51E-06 3.10E-08   3.63  0.93   2.38 0.39   1.83 0.18 
bn161020024 4.15E-07 9.44E-09   1.59  0.39   1.00 0.17   0.67 0.08 
bn161020759 1.69E-05 2.96E-08  14.51  0.85  13.78 0.43  13.18 0.21 
bn161020767 3.09E-06 2.10E-08   6.98  0.63   5.04 0.29   2.88 0.12 
bn161022114 1.01E-06 5.18E-08   2.73  0.95   1.59 0.40   1.18 0.19 
bn161026373 8.37E-08 9.96E-09   3.13  0.59   2.02 0.24   0.49 0.07 
bn161105417 5.14E-06 1.97E-08   5.04  0.63   4.66 0.27   3.67 0.13 
bn161106499 9.49E-06 1.40E-08   9.53  0.63   8.83 0.30   7.91 0.14 
bn161106786 6.36E-07 1.13E-08   2.37  0.42   2.11 0.20   1.49 0.09 
bn161109263 1.04E-05 3.18E-08  10.45  0.83   9.55 0.40   8.68 0.19 
bn161110179 8.47E-08 1.34E-08   1.71  0.43   1.25 0.20   0.76 0.10 
bn161111197 1.40E-06 2.26E-08   1.42  0.39   1.37 0.19   0.85 0.08 
bn161112496 1.94E-06 2.78E-08   2.90  0.53   2.10 0.23   1.41 0.10 
bn161115745 6.57E-08 1.15E-08   4.07  0.50   1.17 0.19   0.21 0.08 
bn161117066 1.75E-05 6.17E-08   4.92  0.78   3.90 0.34   3.42 0.17 
bn161119633 3.24E-06 3.30E-08   1.89  0.46   1.64 0.23   1.23 0.10 
bn161121186 1.31E-08 7.14E-09   0.67  0.22   0.49 0.10   0.19 0.05 
bn161125931 2.71E-06 1.81E-08   2.59  0.46   2.41 0.23   1.74 0.10 
bn161128216 3.84E-07 9.46E-09   2.39  0.48   1.97 0.22   1.26 0.10 
bn161129300 3.67E-06 2.37E-08   4.84  0.61   2.91 0.24   2.34 0.12 
bn161201342 9.86E-07 1.53E-08   2.28  0.55   1.61 0.21   1.49 0.10 
bn161205561 1.64E-06 1.70E-08   2.68  0.44   1.75 0.18   1.00 0.07 
bn161206064 1.95E-05 2.08E-08   8.10  0.64   7.15 0.32   6.49 0.16 
bn161207224 1.57E-07 1.64E-08   1.50  0.42   0.86 0.20   0.68 0.09 
bn161207813 2.52E-06 3.38E-08   2.55  0.61   1.28 0.23   0.91 0.11 
bn161210524 2.90E-07 1.07E-08   1.93  0.47   1.56 0.18   1.26 0.09 
bn161212652 2.48E-07 1.26E-08   2.81  0.83   1.71 0.33   0.95 0.13 
bn161213295 7.51E-07 1.91E-08   1.63  0.48   1.09 0.24   0.86 0.12 
bn161214722 1.70E-06 1.98E-08   1.78  0.51   1.42 0.23   1.08 0.10 
bn161217128 2.63E-07 2.08E-08   1.52  0.43   0.71 0.16   0.52 0.08 
bn161218222 4.35E-07 1.51E-08   7.68  0.56   5.66 0.30   1.58 0.10 
bn161218356 5.35E-05 1.83E-08  67.80  1.75  62.15 0.84  40.07 0.34 
bn161220605 5.52E-06 2.12E-08   5.58  0.64   4.54 0.30   4.21 0.15 
bn161227498 6.47E-07 1.54E-08   3.44  0.49   3.11 0.24   2.53 0.11 
bn161228032 2.18E-06 1.59E-08   1.83  0.47   1.20 0.16   0.97 0.07 
bn161228388 1.88E-06 3.23E-08   0.96  0.37   0.66 0.12   0.47 0.07 
bn161228405 1.92E-06 3.94E-08   3.31  0.53   2.86 0.25   2.18 0.11 
bn161228553 2.53E-06 3.92E-08   2.58  0.47   1.85 0.20   1.34 0.09 
bn161229878 1.94E-05 1.89E-08  10.17  0.94   8.03 0.44   5.83 0.19 
bn161230298 9.96E-08 5.74E-09   4.19  0.55   1.74 0.20   0.50 0.06 
bn161230511 1.53E-06 2.87E-08   1.48  0.40   0.92 0.15   0.79 0.08 
bn170101116 6.96E-06 1.78E-08   4.87  0.64   4.29 0.31   3.67 0.14 
bn170101374 3.90E-07 2.96E-08   2.14  0.51   1.29 0.22   1.09 0.10 
bn170106968 5.99E-07 6.29E-08   2.15  0.87   1.50 0.38   0.75 0.16 
bn170109137 8.20E-06 3.29E-08   4.09  0.48   3.70 0.24   2.78 0.11 
bn170110967 6.78E-07 2.01E-08   1.38  0.27   0.91 0.13   0.71 0.06 
bn170111760 1.59E-07 1.51E-08   4.18  0.60   2.63 0.28   0.82 0.09 
bn170111815 3.73E-07 7.01E-09   4.15  0.54   3.97 0.27   1.82 0.10 
bn170112970 3.43E-07 1.02E-08   1.92  0.42   1.64 0.21   1.06 0.09 
bn170113420 1.04E-06 4.58E-08   1.34  0.71   1.19 0.32   0.53 0.10 
bn170114833 7.87E-06 1.92E-08   6.83  0.64   5.98 0.32   5.70 0.16 
bn170114917 1.00E-05 3.35E-08  17.20  1.04  16.02 0.52  14.15 0.25 
bn170115662 3.17E-06 2.23E-08   2.14  0.50   1.39 0.19   0.89 0.08 
bn170115743 1.59E-05 3.41E-08   9.20  0.82   7.81 0.45   6.36 0.19 
bn170116238 6.77E-07 5.02E-08   2.60  0.78   1.31 0.29   1.11 0.17 
bn170119228 1.64E-06 2.99E-08   1.33  0.31   1.18 0.20   0.85 0.09 
bn170120471 2.06E-06 2.51E-08   3.29  0.59   2.16 0.27   1.65 0.12 
bn170121067 9.37E-07 1.79E-08   4.66  0.55   3.88 0.25   2.82 0.11 
bn170121133 1.55E-07 1.32E-08   3.85  0.70   1.39 0.21   0.69 0.08 
bn170121614 1.12E-05 6.34E-08   6.35  0.83   4.91 0.36   4.33 0.16 
bn170124238 4.00E-06 3.81E-08   2.62  0.59   2.08 0.29   1.83 0.13 
bn170124528 7.33E-08 1.15E-08   5.08  0.83   3.22 0.35   0.91 0.13 
bn170124874 5.63E-06 1.40E-08   3.63  0.57   3.08 0.25   2.82 0.12 
bn170125022 1.43E-07 9.02E-09   0.63  0.22   0.42 0.11   0.34 0.06 
bn170125102 7.02E-08 7.70E-09   3.89  0.79   1.18 0.26   0.44 0.11 
bn170126480 4.77E-06 3.59E-08   7.57  0.73   6.52 0.35   5.55 0.17 
bn170127067 1.29E-06 2.70E-08  36.67  3.48  22.42 1.35   5.75 0.36 
bn170127634 1.44E-07 6.93E-09   4.08  0.68   2.12 0.22   0.75 0.08 
bn170130302 2.25E-06 2.30E-08   2.90  0.59   2.00 0.21   1.41 0.09 
bn170130510 4.06E-06 3.44E-08   3.97  0.50   3.23 0.26   2.53 0.12 
bn170130697 7.76E-07 3.03E-08   0.57  0.18   0.44 0.10   0.33 0.04 
bn170131969 2.76E-06 1.01E-07   3.29  0.54   2.90 0.26   2.08 0.12 
bn170203486 7.12E-08 8.11E-09   3.76  0.69   2.49 0.28   0.72 0.10 
bn170205521 6.49E-07 2.72E-08   2.87  0.59   2.73 0.25   2.14 0.17 
bn170206453 5.14E-06 6.23E-08  33.04  1.45  26.95 0.66  19.74 0.28 
bn170207906 2.45E-05 4.60E-08  19.14  1.30  17.46 0.62  13.38 0.27 
bn170208553 1.02E-05 2.87E-08   7.67  0.68   6.92 0.32   5.61 0.15 
bn170208758 1.52E-06 3.50E-08   6.01  0.81   5.38 0.40   3.68 0.17 
bn170208940 6.11E-06 1.40E-08   7.05  0.56   6.79 0.27   6.22 0.13 
bn170209048 6.47E-06 3.94E-08  10.41  1.10   8.40 0.51   6.24 0.23 
bn170210116 4.58E-05 2.46E-08  22.87  1.56  17.84 0.67  15.35 0.32 
bn170212034 5.48E-07 1.52E-08   2.78  0.52   2.04 0.25   1.37 0.12 
bn170214649 8.28E-05 6.33E-08  12.31  1.09  10.33 0.48   9.14 0.24 
bn170219002 2.18E-07 9.44E-09  15.68  1.30   7.00 0.48   1.69 0.17 
bn170219110 4.69E-07 1.08E-08   1.96  0.40   1.71 0.18   1.12 0.08 
bn170222209 1.23E-06 8.03E-09   9.22  1.20   5.30 0.46   4.27 0.20 
bn170228773 4.51E-06 3.35E-08   3.38  0.68   2.62 0.31   2.16 0.15 
bn170228794 7.87E-06 2.03E-08   6.35  0.65   5.73 0.32   5.24 0.15 
bn170301812 6.65E-07 4.24E-08   1.50  0.49   1.03 0.21   0.72 0.09 
bn170302166 2.69E-07 8.12E-09   1.78  0.40   1.27 0.19   0.97 0.08 
bn170302719 2.25E-06 1.72E-08   1.41  0.37   1.22 0.16   0.91 0.06 
bn170302876 2.20E-06 1.92E-08   1.44  0.33   0.92 0.15   0.79 0.08 
bn170304003 1.35E-07 7.26E-09   7.89  0.58   3.05 0.21   0.85 0.07 
bn170305256 6.60E-07 4.70E-09  16.39  1.06  11.12 0.42   3.45 0.13 
bn170306130 2.36E-06 1.29E-08   2.99  0.43   1.84 0.21   1.31 0.09 
bn170306588 1.48E-05 3.95E-08   7.59  0.59   7.14 0.32   6.21 0.16 
bn170307851 7.96E-07 1.34E-08   1.55  0.54   0.65 0.17   0.38 0.07 
bn170308221 1.07E-05 1.52E-08  11.78  0.89  11.02 0.43  10.38 0.21 
bn170310417 3.79E-07 1.24E-08   1.78  0.35   1.48 0.19   0.99 0.09 
bn170310883 8.62E-07 2.66E-08   1.79  0.63   1.03 0.22   0.86 0.10 
bn170313125 1.25E-06 1.65E-08   1.76  0.45   1.31 0.18   1.09 0.09 
bn170315582 7.58E-07 1.75E-08   1.80  0.48   1.61 0.23   1.24 0.11 
bn170316710 3.97E-06 1.85E-08   3.29  0.48   2.58 0.20   2.14 0.10 
bn170317666 4.42E-06 5.40E-08   2.91  0.69   2.26 0.30   1.34 0.12 
bn170318644 3.14E-07 3.47E-08   2.47  0.58   1.44 0.25   0.92 0.11 
bn170323058 8.22E-07 2.18E-08   0.89  0.23   0.84 0.12   0.60 0.06 
bn170323775 2.21E-06 1.39E-08   1.97  0.49   1.42 0.21   1.02 0.09 
bn170325331 1.59E-07 6.95E-09   4.45  0.54   2.74 0.22   0.84 0.07 
bn170326489 6.14E-07 3.02E-08   1.65  0.72   1.18 0.28   0.82 0.12 
bn170329387 3.86E-06 2.21E-08   4.15  0.57   3.13 0.24   2.52 0.11 
bn170402285 3.64E-06 1.89E-08   6.04  0.60   5.15 0.28   4.40 0.14 
bn170402961 1.27E-06 1.44E-08   4.90  0.57   4.46 0.29   2.00 0.11 
bn170403583 2.09E-07 9.69E-09   8.68  0.83   4.29 0.31   1.35 0.10 
bn170403707 3.27E-06 2.34E-08   4.61  0.73   3.78 0.35   3.19 0.16 
bn170405777 3.86E-05 3.42E-08   9.48  0.70   9.02 0.34   8.08 0.17 
bn170409112 9.93E-05 4.19E-08  43.87  1.73  40.71 0.83  31.03 0.38 
bn170412917 6.77E-06 1.82E-08   5.35  0.56   5.14 0.28   3.73 0.12 
bn170412988 2.29E-06 2.06E-08   4.36  0.57   3.01 0.28   2.26 0.13 
bn170414551 8.46E-07 1.81E-08   2.24  0.40   1.58 0.19   0.92 0.09 
bn170416583 5.95E-06 1.39E-08   6.30  0.85   5.32 0.40   4.58 0.18 
bn170419898 1.54E-06 1.04E-08   2.97  0.47   2.18 0.22   1.84 0.10 
bn170419983 8.30E-07 1.81E-08   1.79  0.46   1.48 0.22   1.09 0.10 
bn170422343 1.40E-05 1.35E-08  11.84  0.88  10.53 0.42   7.26 0.19 
bn170423719 1.31E-05 3.43E-08  10.50  0.73   9.93 0.36   6.86 0.15 
bn170423872 3.53E-06 2.68E-08   4.42  0.62   3.75 0.30   3.31 0.15 
bn170424425 1.03E-05 4.35E-08   3.48  0.51   2.78 0.21   2.34 0.10 
bn170428136 1.53E-06 1.72E-08   2.15  0.71   1.50 0.34   0.97 0.15 
bn170429799 1.77E-05 5.56E-08   4.34  0.61   3.69 0.26   3.12 0.12 
bn170430204 7.61E-08 7.99E-09   3.75  0.53   1.49 0.21   0.46 0.06 
bn170501467 3.12E-06 3.02E-08   2.39  0.52   1.81 0.22   1.38 0.09 
bn170504734 5.90E-08 1.32E-08   2.06  0.58   1.07 0.21   0.40 0.09 
bn170506169 1.30E-07 2.13E-08   2.62  0.54   2.03 0.24   0.87 0.09 
bn170510217 2.26E-05 3.99E-08  11.19  1.02   9.70 0.50   8.33 0.23 
bn170511249 1.58E-05 2.44E-08  14.67  0.96  13.79 0.47   9.54 0.20 
bn170511477 2.31E-07 3.82E-08   3.91  1.47   2.11 0.52   1.23 0.22 
bn170511648 1.05E-07 4.99E-09   1.35  0.35   0.86 0.16   0.56 0.08 
bn170514152 6.89E-07 1.72E-08   3.81  0.55   3.33 0.26   1.43 0.10 
bn170514180 1.14E-05 1.94E-08   4.89  0.51   4.68 0.25   4.33 0.12 
bn170516808 2.25E-07 2.16E-08   1.60  0.47   0.97 0.21   0.75 0.11 
bn170520202 1.71E-07 6.10E-09   1.12  0.37   0.92 0.16   0.68 0.08 
bn170521882 5.47E-07 2.70E-08   1.89  0.65   1.63 0.30   1.25 0.14 
bn170522657 1.17E-05 1.30E-08  17.91  1.10  15.33 0.52  12.96 0.23 
bn170527480 3.06E-05 1.89E-08  13.93  0.98  12.40 0.47  10.04 0.22 
bn170530581 1.64E-06 1.70E-08   1.81  0.45   1.19 0.21   1.02 0.09 
bn170604603 4.41E-07 5.58E-09   5.66  0.63   5.51 0.32   1.86 0.10 
bn170606968 2.55E-06 8.03E-09   6.98  0.59   6.00 0.27   4.58 0.12 
bn170607946 2.21E-05 6.24E-08   9.48  1.16   8.58 0.55   7.21 0.24 
bn170607971 4.93E-06 3.03E-08   6.11  0.88   5.25 0.42   4.75 0.20 
bn170610689 6.37E-06 1.11E-08   4.32  0.45   4.16 0.23   3.71 0.11 
bn170611937 1.14E-06 1.39E-08   1.49  0.44   0.93 0.17   0.56 0.07 
bn170614255 5.18E-06 2.47E-08   2.49  0.35   2.13 0.18   2.02 0.09 
bn170614486 1.21E-05 3.61E-08   8.19  1.25   7.06 0.56   5.64 0.25 
bn170614505 2.29E-07 2.11E-08   1.27  0.50   0.77 0.23   0.47 0.09 
bn170616047 4.17E-07 1.49E-08   0.94  0.25   0.84 0.13   0.64 0.06 
bn170616165 9.66E-07 1.80E-08   1.21  0.35   0.88 0.17   0.54 0.07 
bn170618475 6.37E-06 1.41E-08   3.51  0.49   3.01 0.21   2.50 0.10 
bn170621784 1.04E-06 4.27E-08   1.20  0.40   0.93 0.20   0.54 0.09 
bn170625692 1.12E-06 3.83E-08   1.49  0.42   1.00 0.18   0.65 0.08 
bn170626401 9.10E-06 3.00E-08  21.74  1.02  19.71 0.49  16.07 0.22 
bn170627931 1.12E-06 1.67E-08   1.89  0.36   1.47 0.17   1.11 0.08 
bn170629537 2.43E-06 2.00E-08   3.52  0.51   3.18 0.25   2.41 0.11 
bn170705115 7.72E-06 3.34E-08  14.13  1.18  12.25 0.56   9.49 0.25 
bn170705200 1.93E-06 1.08E-08   1.52  0.43   1.17 0.19   0.94 0.09 
bn170705244 4.71E-07 1.30E-08   1.15  0.32   0.84 0.14   0.71 0.07 
bn170708046 4.69E-07 6.19E-09  25.71  1.02   8.95 0.30   2.27 0.09 
bn170709334 3.78E-07 9.81E-09   6.23  0.58   3.14 0.23   1.46 0.09 
bn170710340 1.74E-06 1.59E-08   1.88  0.54   1.13 0.21   0.82 0.09 
bn170711019 4.42E-07 1.03E-08   1.32  0.25   0.95 0.12   0.76 0.06 
bn170711713 3.08E-07 1.42E-08   4.04  0.63   2.57 0.26   1.35 0.10 
bn170711931 1.11E-06 1.25E-08   2.90  0.48   2.37 0.21   1.95 0.10 
bn170714049 7.95E-08 6.46E-09   2.96  0.55   1.57 0.18   0.46 0.07 
bn170715878 3.43E-07 3.25E-08   1.25  0.45   0.80 0.21   0.55 0.10 
bn170717952 4.05E-07 2.15E-08   1.64  0.43   0.96 0.20   0.81 0.09 
bn170718152 1.69E-06 2.66E-08   2.09  0.53   1.34 0.25   1.13 0.13 
bn170722525 1.99E-06 3.08E-08   1.92  0.45   1.44 0.21   0.95 0.09 
bn170723076 1.03E-06 3.54E-08   1.15  0.30   0.55 0.13   0.39 0.07 
bn170723677 4.59E-07 1.14E-08   1.48  0.43   0.98 0.21   0.74 0.10 
bn170723882 2.86E-07 2.22E-08   2.17  0.51   1.07 0.21   0.65 0.09 
bn170724543 6.66E-07 1.68E-08   1.95  0.47   1.17 0.15   0.91 0.08 
bn170726249 3.89E-07 9.23E-09   2.42  0.47   2.03 0.20   1.33 0.09 
bn170726794 4.23E-06 3.00E-08   5.08  0.70   3.97 0.29   2.05 0.12 
bn170727841 4.81E-07 1.93E-08   1.40  0.40   0.97 0.17   0.64 0.08 
bn170728961 2.39E-06 1.75E-08  12.83  0.78  11.05 0.39   5.86 0.15 
bn170730133 1.30E-06 1.47E-08   3.66  0.59   2.80 0.27   2.47 0.13 
bn170731751 1.75E-06 1.60E-08   1.14  0.28   0.65 0.14   0.47 0.06 
bn170801690 4.41E-07 1.50E-08   1.56  0.46   0.75 0.16   0.56 0.07 
bn170802638 8.86E-07 1.01E-08  17.99  1.19  10.85 0.49   3.74 0.14 
bn170803172 1.52E-07 1.52E-08   1.86  0.48   0.93 0.15   0.58 0.06 
bn170803415 5.58E-06 2.88E-08   1.74  0.37   1.41 0.12   1.15 0.06 
bn170803729 1.21E-06 1.29E-08   8.89  0.59   7.81 0.28   4.28 0.11 
bn170804911 1.96E-06 2.78E-08   1.49  0.42   1.17 0.16   0.87 0.10 
bn170805901 6.14E-07 2.04E-08   1.83  0.44   1.29 0.20   0.84 0.09 
bn170808065 1.48E-06 2.45E-08   4.08  0.80   3.60 0.34   2.53 0.15 
bn170808936 6.01E-05 5.77E-08  95.08  1.86  93.70 0.92  77.99 0.42 
bn170810918 4.07E-06 5.59E-08   2.18  0.47   1.54 0.21   1.03 0.07 
bn170813051 1.90E-06 1.89E-08   1.94  0.41   1.56 0.19   1.20 0.09 
bn170816258 1.15E-06 2.36E-08   1.76  0.42   1.34 0.19   1.06 0.09 
bn170816599 8.40E-07 1.50E-08  12.52  1.08   9.97 0.52   2.91 0.15 
bn170817529 1.75E-07 1.05E-08   2.02  0.53   1.44 0.21   0.66 0.08 
bn170817908 9.74E-07 1.01E-08   4.87  0.89   3.81 0.37   2.71 0.14 
bn170818137 1.87E-07 1.02E-08   5.50  0.78   3.84 0.35   1.16 0.11 
bn170821265 1.27E-06 2.92E-08   1.04  0.40   0.58 0.13   0.40 0.05 
bn170825307 1.10E-06 1.07E-08   2.62  0.49   1.97 0.19   1.62 0.08 
bn170825500 3.11E-06 7.89E-09   7.31  0.57   7.06 0.28   6.39 0.13 
bn170825784 4.24E-06 2.54E-08   2.83  0.63   1.89 0.26   1.66 0.12 
bn170826369 2.81E-07 8.56E-09   7.77  0.95   5.23 0.39   1.50 0.13 
bn170826819 1.49E-05 3.62E-08  15.12  1.17  13.74 0.58  11.25 0.27 
bn170827818 2.22E-07 6.51E-09   3.86  0.57   2.72 0.24   1.10 0.08 
bn170829414 4.73E-06 2.62E-08   3.37  0.50   2.61 0.25   2.18 0.11 
bn170829674 3.84E-06 2.93E-08   2.79  0.42   2.23 0.22   1.96 0.10 
bn170830069 2.89E-06 2.95E-08   2.73  0.47   1.88 0.19   1.17 0.08 
bn170830135 4.37E-06 2.14E-08   3.09  0.72   2.62 0.34   2.02 0.15 
bn170830328 1.84E-06 1.39E-08   3.24  0.66   2.04 0.30   1.74 0.13 
bn170831179 1.08E-05 1.49E-07  11.26  0.71  10.69 0.35   8.43 0.17 
bn170901007 4.48E-07 3.25E-08   1.68  0.45   1.20 0.20   0.93 0.09 
bn170901255 4.80E-07 1.04E-08   2.23  0.52   1.62 0.21   1.06 0.09 
bn170901345 1.92E-07 8.85E-09   1.67  0.49   1.22 0.23   0.76 0.11 
bn170903534 1.85E-06 1.58E-08   4.28  0.74   2.28 0.31   1.80 0.15 
bn170906030 4.90E-05 4.37E-08  12.94  1.11  11.92 0.58  10.74 0.27 
bn170906039 1.54E-06 2.79E-08   5.69  0.84   4.46 0.38   3.13 0.17 
bn170906485 1.95E-07 1.73E-08   1.19  0.46   0.68 0.19   0.47 0.09 
bn170910368 1.39E-06 5.08E-08   3.27  1.15   2.03 0.53   1.17 0.23 
bn170911267 4.96E-07 7.31E-09   1.17  0.36   0.81 0.15   0.58 0.07 
bn170912273 1.90E-06 1.46E-08   5.49  0.51   4.38 0.24   2.93 0.11 
bn170912985 9.24E-08 1.26E-08   2.81  0.39   1.30 0.18   0.41 0.07 
bn170915161 4.38E-06 2.51E-08   4.03  0.70   3.54 0.36   3.09 0.17 
bn170915520 2.20E-07 7.66E-09   3.14  0.62   2.59 0.28   1.00 0.09 
bn170916700 5.60E-07 4.42E-08   3.60  1.15   2.30 0.47   1.25 0.21 
bn170918139 5.56E-08 5.09E-09   3.79  0.72   1.39 0.23   0.27 0.07 
bn170921168 3.35E-05 1.78E-07  17.68  1.25  14.78 0.59  14.08 0.29 
bn170923101 1.27E-06 2.61E-08   1.97  0.61   1.47 0.23   1.19 0.10 
bn170923188 1.25E-06 1.63E-08   2.99  0.47   2.46 0.19   1.69 0.09 
bn170923566 4.05E-07 1.55E-08   1.15  0.41   0.85 0.19   0.55 0.08 
bn170926528 1.66E-06 1.06E-08   3.09  0.57   2.61 0.26   2.00 0.12 
bn170926782 3.06E-07 5.53E-09   4.17  0.46   3.48 0.22   1.89 0.09 
bn170928607 7.18E-07 1.44E-08   2.56  0.45   2.40 0.23   1.71 0.10 
bn170929513 5.38E-07 9.28E-09   2.39  0.40   1.47 0.19   1.21 0.09 
bn170929699 1.52E-06 1.23E-08   4.00  0.50   3.59 0.25   2.63 0.10 
bn171002969 8.07E-07 1.95E-08   2.60  0.38   2.09 0.20   1.89 0.10 
bn171004672 6.47E-06 2.40E-08   4.01  0.70   2.75 0.29   1.90 0.14 
bn171004857 6.98E-07 4.09E-08   3.04  1.02   2.08 0.39   1.65 0.18 
bn171007498 1.89E-07 1.23E-08   1.05  0.31   0.81 0.16   0.57 0.07 
bn171008080 6.74E-08 2.10E-08   1.24  0.49   0.72 0.23   0.41 0.12 
bn171009138 1.56E-06 2.56E-08   1.54  0.39   1.31 0.20   0.99 0.09 
bn171010792 3.33E-04 5.15E-08  50.92  2.07  49.40 1.02  47.60 0.50 
bn171010875 4.67E-07 1.77E-08   0.61  0.33   0.44 0.11   0.31 0.04 
bn171011162 3.02E-06 3.40E-08   2.13  0.61   1.36 0.23   0.85 0.10 
bn171011810 3.82E-08 8.06E-09   2.14  0.29   1.27 0.13   0.35 0.06 
bn171013350 9.33E-06 2.21E-08   3.60  0.46   2.81 0.22   2.59 0.11 
bn171017823 2.70E-06 1.71E-08   1.33  0.37   0.72 0.15   0.54 0.06 
bn171020813 1.06E-06 1.84E-08   1.52  0.48   1.41 0.24   0.77 0.11 
bn171022085 9.98E-07 2.36E-08   1.97  0.42   1.66 0.20   1.11 0.09 
bn171022885 5.23E-06 8.74E-09   8.39  0.72   6.75 0.36   4.58 0.15 
bn171023097 1.81E-06 4.28E-08   1.48  0.44   0.92 0.19   0.72 0.09 
bn171024977 4.89E-07 1.84E-08   0.94  0.36   0.59 0.18   0.36 0.07 
bn171025213 1.74E-07 1.43E-08   1.97  0.46   1.28 0.21   0.79 0.10 
bn171025416 9.47E-07 2.78E-08   2.85  0.66   2.18 0.31   1.21 0.15 
bn171025913 2.43E-07 1.41E-08   0.96  0.44   0.63 0.16   0.44 0.08 
bn171029020 7.78E-07 3.63E-08   1.74  0.53   1.40 0.26   0.84 0.10 
bn171030729 7.55E-08 1.41E-08   6.09  1.20   2.89 0.45   0.92 0.13 
bn171102107 1.78E-05 1.54E-08  16.26  0.84  15.86 0.40  14.29 0.19 
bn171103655 1.44E-06 3.83E-08   1.36  0.46   0.76 0.19   0.59 0.08 
bn171106498 2.78E-06 1.82E-08   4.53  0.58   4.39 0.27   3.74 0.13 
bn171108656 6.35E-06 1.24E-07 208.06 20.84  77.77 6.88  21.11 2.07 
bn171112868 7.73E-06 3.19E-08   3.69  0.63   3.34 0.31   3.00 0.15 
bn171117515 5.42E-06 3.07E-08   6.92  0.66   6.29 0.31   4.73 0.14 
bn171119992 2.45E-05 1.28E-07  31.79  3.62  27.44 1.66  22.29 0.78 
bn171120556 9.05E-06 1.80E-08  30.03  1.47  26.92 0.71  17.47 0.28 
bn171124235 2.03E-06 1.24E-08   4.08  0.70   3.39 0.29   2.02 0.11 
bn171126216 2.60E-06 6.13E-08   1.75  0.49   1.19 0.18   0.68 0.08 
bn171126235 4.84E-06 2.68E-08  60.95  3.56  43.86 1.59  22.25 0.59 
bn171201068 6.16E-06 2.41E-08   2.55  0.65   1.65 0.28   1.39 0.14 
bn171202113 6.18E-06 3.88E-08   2.99  0.56   2.35 0.24   1.97 0.11 
bn171206122 8.15E-07 3.69E-08   2.77  0.80   2.31 0.40   1.46 0.16 
bn171207055 1.21E-07 8.81E-09   2.81  0.64   2.55 0.27   0.80 0.10 
bn171207809 1.33E-06 2.86E-08   1.93  0.47   1.12 0.19   0.84 0.08 
bn171208733 4.06E-07 2.00E-08   2.78  0.52   2.55 0.25   1.61 0.11 
bn171209671 1.87E-06 1.33E-08   4.31  0.54   3.86 0.26   3.19 0.12 
bn171210493 4.55E-05 4.93E-08  10.01  0.81   8.99 0.40   8.51 0.20 
bn171211844 8.62E-06 4.20E-08   3.58  0.57   3.06 0.28   2.70 0.13 
bn171212222 1.35E-06 1.16E-08   2.63  0.50   1.91 0.23   1.61 0.11 
bn171212434 2.65E-06 3.21E-08   2.92  0.54   1.89 0.23   1.34 0.09 
bn171212948 5.84E-07 2.30E-08   1.78  0.56   1.34 0.25   0.90 0.10 
bn171213061 6.66E-06 7.07E-08   3.05  1.06   1.67 0.45   1.16 0.19 
bn171215705 9.58E-07 3.52E-08   2.63  0.72   1.82 0.30   1.49 0.14 
bn171219279 1.05E-07 9.54E-09   3.09  0.50   1.11 0.16   0.58 0.07 
bn171222684 1.55E-06 1.91E-08   0.36  0.10   0.27 0.05   0.19 0.02 
bn171223818 5.69E-07 1.17E-08  11.41  0.86   8.34 0.37   2.40 0.11 
bn171227000 1.05E-04 4.40E-08  46.30  2.04  44.26 0.99  41.52 0.48 
bn171230048 4.32E-06 4.13E-08   5.10  0.57   4.63 0.30   4.35 0.15 
bn171230119 1.17E-07 1.48E-08   2.65  0.57   1.97 0.23   0.56 0.07 
bn171230955 9.33E-06 1.68E-08   3.27  0.50   2.69 0.25   2.37 0.12 
bn180102660 4.53E-07 2.05E-08   0.53  0.14   0.33 0.07   0.24 0.03 
bn180103090 5.33E-08 1.05E-08   1.09  0.53   1.09 0.27   0.40 0.12 
bn180110608 9.71E-08 9.89E-09   0.96  0.28   0.62 0.12   0.53 0.06 
bn180111815 9.97E-07 2.06E-08   1.53  0.50   0.92 0.22   0.72 0.10 
bn180112842 8.71E-07 2.32E-08   1.70  0.39   1.29 0.23   1.03 0.09 
bn180113011 1.43E-05 2.33E-08  30.10  1.80  27.65 0.89  21.40 0.39 
bn180113116 7.79E-06 3.51E-08   6.88  0.59   5.42 0.28   4.89 0.14 
bn180113418 7.62E-05 3.15E-08  29.25  1.10  27.31 0.53  26.25 0.26 
bn180116026 9.74E-07 1.01E-08   1.42  0.40   0.76 0.15   0.60 0.07 
bn180116678 8.12E-06 7.56E-08   2.47  0.66   1.94 0.33   1.13 0.12 
bn180119837 1.44E-06 8.69E-09   7.30  0.66   6.31 0.31   4.95 0.14 
bn180120207 3.72E-05 2.57E-08  16.06  0.98  15.72 0.48  14.71 0.23 
bn180122129 3.41E-07 2.42E-08   2.61  0.62   1.73 0.29   1.05 0.10 
bn180123820 3.56E-08 5.99E-09   1.08  0.32   0.70 0.12   0.31 0.05 
bn180124392 1.85E-06 1.24E-08   1.96  0.38   1.36 0.17   1.04 0.08 
bn180125891 8.69E-06 2.11E-08   4.98  0.62   4.33 0.30   3.86 0.15 
bn180126095 4.82E-06 3.90E-08   7.57  0.72   6.48 0.34   5.66 0.16 
bn180127049 1.10E-06 1.11E-08   1.98  0.52   1.24 0.19   1.01 0.08 
bn180127879 8.13E-07 2.45E-08   1.11  0.29   0.60 0.12   0.48 0.06 
bn180128215 1.51E-07 8.50E-09   4.82  0.61   3.02 0.24   1.03 0.10 
bn180128252 2.52E-06 1.71E-08   3.15  0.51   2.41 0.24   2.19 0.12 
bn180128881 1.66E-07 1.61E-08   1.49  0.38   1.22 0.19   0.77 0.09 
bn180130049 7.84E-06 5.19E-08   3.53  0.60   2.63 0.24   2.07 0.10 
bn180130744 3.81E-08 8.69E-09   1.53  0.57   0.92 0.27   0.32 0.12 
bn180131528 2.27E-08 4.45E-09   0.65  0.25   0.39 0.12   0.21 0.06 
bn180201706 1.31E-07 5.07E-09   4.88  0.64   3.08 0.26   0.82 0.09 
bn180201780 6.95E-08 1.01E-08   2.77  0.62   1.24 0.19   0.45 0.07 
bn180204109 8.55E-07 7.29E-09   9.88  0.99   7.25 0.37   3.15 0.13 
bn180205184 9.73E-07 5.23E-08   2.29  0.53   1.80 0.25   1.28 0.11 
bn180205323 2.50E-06 3.09E-08   1.73  0.49   1.04 0.20   0.79 0.10 
bn180206203 2.25E-07 7.80E-09   4.77  0.60   3.37 0.27   1.26 0.09 
bn180208764 7.47E-07 2.68E-08   1.78  0.49   1.28 0.21   0.85 0.09 
bn180210517 2.87E-05 2.61E-08  13.22  0.90  12.03 0.43   8.77 0.18 
bn180210991 7.55E-06 1.59E-08   4.96  0.56   4.06 0.27   2.80 0.11 
bn180211754 5.86E-07 1.54E-08   1.05  0.34   0.65 0.15   0.42 0.06 
bn180218635 2.44E-05 3.55E-08  42.86  2.33  39.84 1.12  33.85 0.52 
bn180219482 2.57E-05 1.04E-07  11.32  1.15   9.12 0.52   6.73 0.24 
bn180222239 4.08E-06 2.70E-08   2.88  0.68   2.27 0.27   1.81 0.12 
bn180225417 1.56E-07 7.02E-09   2.36  0.48   1.57 0.18   0.80 0.08 
bn180227211 9.55E-08 1.27E-08   3.98  0.68   2.33 0.29   0.57 0.12 
bn180305393 2.81E-05 3.55E-08  22.06  1.16  20.90 0.57  18.73 0.27 
bn180306479 1.08E-06 5.84E-08   2.31  0.77   1.30 0.29   0.75 0.13 
bn180306973 2.01E-06 3.38E-08   1.97  0.48   1.34 0.23   0.90 0.11 
bn180307073 1.34E-05 2.95E-08   3.97  0.52   3.20 0.25   2.63 0.12 
bn180309322 3.05E-06 2.86E-08   2.53  0.41   2.16 0.24   1.83 0.11 
bn180311074 4.17E-07 1.85E-08   7.70  1.26   3.82 0.44   2.09 0.17 
bn180313978 1.02E-07 5.79E-09  11.18  0.69   3.25 0.22   0.77 0.08 
bn180314030 9.12E-06 1.69E-08   4.46  0.68   3.77 0.32   3.42 0.16 
bn180330891 2.36E-06 2.03E-08   4.37  0.52   4.09 0.26   3.96 0.13 
bn180401280 3.14E-06 3.93E-08   3.38  0.48   2.84 0.21   1.86 0.09 
bn180401846 1.33E-05 4.19E-08  12.64  1.46  11.51 0.69   9.71 0.33 
bn180402406 4.00E-07 1.52E-08   9.74  1.02   6.04 0.42   1.64 0.13 
bn180402481 2.66E-07 1.20E-08   6.04  1.24   3.97 0.50   1.19 0.17 
bn180403565 1.85E-06 1.99E-08   2.97  0.67   2.14 0.29   1.47 0.12 
bn180404091 1.70E-05 6.81E-08   6.07  0.79   5.00 0.37   4.40 0.18 
bn180404848 1.22E-07 2.43E-08   5.38  0.83   2.69 0.34   0.92 0.12 
bn180405169 4.35E-06 2.39E-08   4.02  0.44   3.50 0.21   2.43 0.10 
bn180409346 2.43E-05 3.88E-08  22.02  1.76  18.27 0.65  15.37 0.35 
bn180410336 1.46E-06 3.26E-08   1.40  0.50   0.74 0.19   0.51 0.09 
bn180411519 1.15E-05 1.19E-07   6.79  1.61   5.04 0.65   4.20 0.29 
bn180411546 3.80E-06 2.27E-07   5.39  1.80   3.68 0.84   2.41 0.34 
bn180412425 1.65E-06 9.94E-09   3.26  0.61   2.61 0.27   1.96 0.11 
bn180413118 4.39E-06 1.28E-08   2.24  0.53   1.37 0.16   1.13 0.08 
bn180416340 2.18E-05 1.09E-07  12.43  0.81  11.87 0.40  10.61 0.19 
bn180416924 3.69E-06 6.81E-08   5.96  1.24   4.51 0.67   2.82 0.28 
bn180417689 1.04E-07 1.40E-08   3.83  0.53   2.62 0.20   0.73 0.07 
bn180418281 3.60E-07 5.30E-09   3.73  0.57   3.14 0.25   1.71 0.10 
bn180420031 1.87E-06 2.57E-08   1.53  0.47   1.03 0.21   0.58 0.10 
bn180420107 2.65E-06 1.76E-08   1.88  0.38   1.41 0.18   1.26 0.09 
bn180423033 1.78E-06 2.59E-08   1.67  0.33   1.39 0.18   1.06 0.08 
bn180423266 3.31E-07 1.25E-08   1.76  0.47   1.45 0.23   1.13 0.11 
bn180426005 4.62E-06 3.80E-08   2.71  0.87   1.92 0.35   1.70 0.17 
bn180426549 6.25E-06 1.79E-08   8.31  0.98   7.65 0.47   6.95 0.23 
bn180427442 3.25E-05 6.62E-08  21.67  2.07  19.44 0.98  17.64 0.47 
bn180428102 2.78E-06 2.34E-08   5.47  0.74   4.48 0.35   2.89 0.15 
bn180504136 7.80E-06 1.90E-08   6.45  0.71   5.29 0.33   4.30 0.15 
bn180505540 1.02E-05 5.03E-08  16.37  1.55  15.91 0.87  12.14 0.37 
bn180506077 4.52E-06 2.68E-08   2.77  0.46   2.00 0.21   1.55 0.09 
bn180506902 1.13E-06 1.18E-08   2.40  0.58   1.64 0.22   1.34 0.10 
bn180511364 7.43E-08 1.30E-08   4.28  0.58   1.52 0.20   0.46 0.08 
bn180511437 4.25E-07 9.63E-09   2.50  0.41   2.31 0.20   1.75 0.09 
bn180511606 8.08E-07 2.69E-08   2.08  0.52   1.43 0.24   0.99 0.10 
bn180513815 7.45E-07 5.26E-08   1.01  0.53   0.61 0.15   0.41 0.08 
bn180515814 7.77E-06 3.35E-08   6.09  0.99   4.69 0.42   3.82 0.20 
bn180516229 1.06E-06 3.53E-08   2.14  0.51   1.46 0.22   1.15 0.10 
bn180517309 1.08E-06 1.41E-08   1.74  0.38   1.19 0.17   1.01 0.09 
bn180521935 3.57E-07 1.25E-08   0.79  0.39   0.68 0.18   0.50 0.07 
bn180522607 7.82E-07 2.56E-08   2.46  0.42   1.86 0.24   1.30 0.11 
bn180522678 2.34E-06 1.90E-08   5.35  0.73   4.64 0.30   2.70 0.12 
bn180523782 1.03E-07 1.18E-08   2.34  0.64   1.08 0.21   0.49 0.07 
bn180524416 3.53E-07 1.46E-08   1.65  0.37   1.33 0.18   0.89 0.08 
bn180524920 3.44E-07 6.14E-09   1.30  0.36   1.10 0.20   0.70 0.08 
bn180525151 8.52E-08 8.40E-09   3.99  0.43   1.93 0.18   0.56 0.08 
bn180528371 3.70E-07 1.96E-08   1.44  0.37   1.08 0.19   0.83 0.09 
bn180528465 3.27E-07 2.27E-08   0.83  0.35   0.69 0.16   0.51 0.07 
bn180602938 1.17E-07 7.52E-09   8.52  0.86   2.82 0.27   0.81 0.09 
bn180605458 6.77E-06 1.89E-08   8.32  0.49   5.82 0.29   3.70 0.12 
bn180606730 6.27E-07 2.22E-08   3.19  0.59   2.53 0.28   1.47 0.12 
bn180610377 4.82E-06 3.52E-08   1.48  0.35   1.01 0.17   0.75 0.08 
bn180610568 7.47E-07 1.10E-08   2.36  0.55   1.81 0.25   1.47 0.12 
bn180610791 2.14E-06 5.32E-08   2.58  0.78   1.71 0.31   1.35 0.14 
bn180611145 2.56E-06 1.62E-08   5.51  0.56   4.92 0.25   3.98 0.12 
bn180612785 8.03E-06 3.00E-08   7.21  0.84   6.41 0.40   5.95 0.18 
bn180614327 2.42E-07 1.22E-08   1.42  0.41   0.85 0.20   0.50 0.09 
bn180615462 8.40E-06 1.08E-07   8.43  1.39   7.47 0.62   6.52 0.29 
bn180617872 3.16E-07 1.37E-08   3.89  0.58   2.80 0.26   1.42 0.10 
bn180618030 6.12E-07 7.78E-09   7.37  1.02   7.09 0.50   2.51 0.15 
bn180618724 9.82E-06 2.96E-08   6.27  0.83   5.38 0.36   4.31 0.16 
bn180620354 2.52E-06 2.87E-08   3.10  0.53   2.77 0.25   2.45 0.12 
bn180620660 5.64E-06 5.49E-08   4.04  0.96   3.47 0.46   2.75 0.21 
bn180622273 9.98E-07 2.96E-08   1.70  0.60   1.59 0.29   0.70 0.11 
bn180622578 3.80E-06 6.87E-08   2.59  0.47   1.78 0.21   1.61 0.11 
bn180623849 1.04E-05 1.83E-08   7.44  0.73   6.49 0.35   6.05 0.17 
bn180625941 1.98E-07 2.40E-08   3.11  0.79   2.40 0.30   1.19 0.13 
bn180626392 3.11E-07 1.94E-08   6.24  0.86   3.27 0.34   1.59 0.14 
bn180630335 1.68E-06 1.86E-08   1.67  0.45   1.16 0.19   0.94 0.09 
bn180630467 1.44E-06 1.41E-08   3.05  0.58   2.88 0.28   2.40 0.14 
bn180701469 2.54E-06 1.95E-08   3.70  0.55   2.64 0.22   1.82 0.09 
bn180703876 7.81E-06 2.34E-08   7.22  0.66   6.31 0.31   5.99 0.15 
bn180703949 5.65E-06 9.73E-09  61.12  1.93  51.31 0.87  24.83 0.31 
bn180706351 1.99E-06 1.64E-08   3.06  0.63   1.51 0.27   1.11 0.09 
bn180709099 2.19E-06 1.57E-08   5.67  0.52   5.26 0.25   4.28 0.12 
bn180710062 2.36E-06 1.85E-08   1.59  0.42   0.87 0.19   0.71 0.09 
