Time,Horizon Radius,Energy Density
1.0,10.0,1.0
1.399879975995199,9.999999999997332,0.8812120250968634
1.799759951990398,9.999999999994662,0.7765343499466166
2.199639927985597,9.999999999991994,0.6842989929819849
2.599519903980796,9.999999999989324,0.6030057606394801
2.999399879975995,9.999999999986654,0.5312262621777414
3.3992798559711943,9.999999999983986,0.46793382699773345
3.799159831966393,9.999999999981316,0.41223798186641974
4.199039807961592,9.999999999978648,0.36328968257623756
4.5989197839567915,9.99999999997598,0.32028131394509773
4.99879975995199,9.99999999997331,0.28244668981638577
5.398679735947189,9.999999999970642,0.2490610530589603
5.798559711942389,9.999999999967972,0.21948226566955778
6.198439687937587,9.999999999965304,0.19335408956291342
6.598319663932786,9.999999999962636,0.17033340757687043
6.998199639927986,9.999999999959966,0.15008225359293742
7.3980796159231845,9.999999999957298,0.13228058682320146
7.797959591918383,9.999999999954628,0.1166262918103276
8.197839567913583,9.99999999995196,0.10283517842755921
8.59771954390878,9.99999999994929,0.09064196958908831
8.99759951990398,9.999999999946622,0.07985743432475836
9.39747949589918,9.999999999943952,0.07034774068213259
9.797359471894378,9.999999999941284,0.06197761555072352
10.197239447889578,9.999999999938614,0.05461875245887789
10.597119423884777,9.999999999935946,0.04814981157377682
10.996999399879975,9.999999999933276,0.04245641970143569
11.396879375875175,9.999999999930608,0.03743117028670406
11.796759351870374,9.99999999992794,0.03298233973081462
12.196639327865572,9.99999999992527,0.029055201673177506
12.596519303860772,9.999999999922602,0.025596205056200402
12.996399279855972,9.999999999919932,0.022554001283558535
13.39627925585117,9.999999999917264,0.01987995875294736
13.796159231846369,9.999999999914595,0.017528162856082535
14.196039207841569,9.999999999911926,0.015455415978699968
14.595919183836767,9.999999999909257,0.013621756653417607
14.995799159831966,9.999999999906588,0.012000603941751425
15.395679135827166,9.999999999903919,0.010571482957785651
15.795559111822364,9.99999999990125,0.00931388977807342
16.19543908781756,9.99999999989858,0.008208371872299806
16.595319063812763,9.999999999895913,0.007236528103281844
16.99519903980796,9.999999999893243,0.006381008726968545
17.39507901580316,9.999999999890575,0.0056255153924408535
17.79495899179836,9.999999999887905,0.0049566388210849875
18.194838967793558,9.999999999885235,0.00436634378419695
18.594718943788756,9.999999999882567,0.0038465115673430843
18.994598919783957,9.999999999879897,0.0033893973548382045
19.394478895779155,9.999999999877229,0.002987655614438197
19.794358871774353,9.999999999874559,0.002634340097339999
20.194238847769554,9.999999999871891,0.0023229038381816086
20.594118823764752,9.999999999869223,0.0020472943740640105
20.99399879975995,9.999999999866553,0.0018035744584182995
21.39387877575515,9.999999999863885,0.0015887086787210766
21.79375875175035,9.999999999861215,0.001399650154966089
22.193638727745547,9.999999999858547,0.0012334965114867396
22.59351870374075,9.999999999855877,0.0010874898769560938
22.993398679735947,9.999999999853209,0.0009590168843868817
23.393278655731145,9.99999999985054,0.0008456086711314914
23.793158631726346,9.999999999847871,0.0007451147467189768
24.193038607721544,9.999999999845201,0.000656321134440499
24.59291858371674,9.999999999842533,0.0005780864125813227
24.992798559711943,9.999999999839863,0.0005092958379496571
25.39267853570714,9.999999999837195,0.0004488807637673904
25.79255851170234,9.999999999834525,0.0003958186396700864
26.19243848769754,9.999999999831857,0.00034913301170698614
26.592318463692738,9.999999999829187,0.0003078935223410096
26.992198439687936,9.99999999982652,0.00027129276086207345
27.392078415683137,9.999999999823851,0.00023891798897025015
27.791958391678335,9.999999999821181,0.00021038183049798147
28.191838367673533,9.999999999818513,0.00018529912404346264
28.591718343668735,9.999999999815845,0.00016329468098307397
28.991598319663932,9.999999999813175,0.00014400328547138158
29.39147829565913,9.999999999810507,0.00012706969444113594
29.79135827165433,9.999999999807837,0.00011214863760327276
30.19123824764953,9.99999999980517,9.890487743696811e-05
30.591118223644727,9.9999999998025,8.710719497645705e-05
30.99099819963993,9.999999999799831,7.666165703124108e-05
31.390878175635127,9.999999999797161,6.745620064253321e-05
31.790758151630325,9.999999999794493,5.9377704209010255e-05
32.190638127625526,9.999999999791823,5.2311987486813024e-05
32.590518103620724,9.999999999789155,4.614381158954654e-05
32.99039807961592,9.999999999786487,4.0756878988279577e-05
33.39027805561112,9.999999999783817,3.6033833511545075e-05
33.79015803160632,9.99999999978115,3.185626034533989e-05
34.19003800760152,9.99999999977848,2.8105791555560172e-05
34.58991798359672,9.999999999775811,2.473157779935006e-05
34.98979795959192,9.999999999773141,2.1727952505434217e-05
35.389677935587116,9.999999999770473,1.907460222743437e-05
35.789557911582314,9.999999999767804,1.674859436347308e-05
36.18943788757751,9.999999999765135,1.4724377156173729e-05
36.58931786357272,9.999999999762466,1.2973779692660485e-05
36.989197839567915,9.999999999759797,1.1466011904558446e-05
37.38907781556311,9.999999999757128,1.0167664567993426e-05
37.78895779155831,9.99999999975446,9.042709303592097e-06
38.18883776755351,9.99999999975179,8.052498576481966e-06
38.588717743548706,9.999999999749122,7.155765696291353e-06
38.98859771954391,9.999999999746452,6.313548396900172e-06
39.38847769553911,9.999999999743784,5.536692211171369e-06
39.78835767153431,9.999999999741116,4.834368058343363e-06
40.188237647529505,9.999999999738446,4.208290545198598e-06
40.5881176235247,9.999999999735778,3.6585633288032765e-06
40.9879975995199,9.999999999733108,3.1836791165073534e-06
41.387877575515105,9.99999999973044,2.7805196659445328e-06
41.7877575515103,9.99999999972777,2.4443557850322896e-06
42.1876375275055,9.999999999725102,2.1688473319718366e-06
42.5875175035007,9.999999999722432,1.946043215248142e-06
42.9873974794959,9.999999999719764,1.7663813936299362e-06
43.387277455491095,9.999999999717094,1.6186888761696973e-06
43.7871574314863,9.999999999714426,1.4901817222036556e-06
44.1870374074815,9.999999999711756,1.366465041351805e-06
44.586917383476695,9.999999999709088,1.2315329935178867e-06
44.98679735947189,9.999999999706418,1.0802808263237616e-06
45.38667733546709,9.99999999970375,9.317947321793741e-07
45.78655731146229,9.999999999701082,7.906931648830504e-07
46.186437287457494,9.999999999698412,6.603703917244008e-07
46.58631726345269,9.999999999695744,5.435538889359576e-07
46.98619723944789,9.999999999693074,4.423043416931592e-07
47.38607721544309,9.999999999690406,3.5801564411436057e-07
47.785957191438285,9.999999999687736,2.914148992608308e-07
48.18583716743348,9.999999999685068,2.4256241913675216e-07
48.58571714342869,9.999999999682398,2.1085172468922115e-07
48.985597119423886,9.99999999967973,1.9500954580824968e-07
49.385477095419084,9.99999999967706,1.9309582132676168e-07
49.78535707141428,9.999999999674392,2.025036990205949e-07
50.18523704740948,9.999999999671722,2.199595356085024e-07
50.58511702340468,9.999999999669054,2.4152289675214935e-07
50.98499699939988,9.999999999666384,2.625865570561179e-07
51.38487697539508,9.999999999663716,2.778765000679001e-07
51.78475695139028,9.999999999661046,2.814519182779037e-07
52.184636927385476,9.999999999658378,2.667052131194528e-07
52.584516903380674,9.99999999965571,2.3174958353479335e-07
52.98439687937587,9.99999999965304,1.876803889236446e-07
53.38427685537107,9.999999999650372,1.3830831442219494e-07
53.784156831366275,9.999999999647704,8.665055590330368e-08
54.18403680736147,9.999999999645034,3.5390163702822184e-08
54.58391678335667,9.999999999642366,-1.3123957380411081e-08
54.98379675935187,9.999999999639696,-5.6877048084567454e-08
55.383676735347066,9.999999999637028,-9.41884946848288e-08
55.783556711342264,9.999999999634358,-1.23711828993387e-07
56.18343668733747,9.99999999963169,-1.4443472835944497e-07
56.58331666333267,9.99999999962902,-1.556790156692149e-07
56.983196639327865,9.999999999626352,-1.5710065934592058e-07
57.38307661532306,9.999999999623682,-1.4868977334979609e-07
57.78295659131826,9.999999999621014,-1.3077061717808546e-07
58.18283656731346,9.999999999618344,-1.0400159586504377e-07
58.58271654330866,9.999999999615676,-6.937525998193545e-08
58.98259651930386,9.999999999613006,-2.8218305637036926e-08
59.38247649529906,9.999999999610338,1.7808425524365675e-08
59.78235647129426,9.999999999607668,6.670994631997653e-08
60.182236447289455,9.999999999605,1.1615712403048847e-07
60.58211642328465,9.999999999602332,1.6348668039958405e-07
60.98199639927986,9.999999999599662,2.0570119163393516e-07
61.381876375275056,9.999999999596994,2.394690884032043e-07
61.78175635127025,9.999999999594325,2.6112465584004206e-07
62.18163632726545,9.999999999591656,2.6666803354009e-07
62.58151630326065,9.999999999588987,2.5176521556197734e-07
62.98139627925585,9.999999999586317,2.0767531005770777e-07
63.38127625525105,9.999999999583649,1.294046197171502e-07
63.78115623124625,9.999999999580979,2.522885256025749e-08
64.18103620724145,9.99999999957831,-9.694500178433054e-08
64.58091618323664,9.999999999575643,-2.2984353053541444e-07
64.98079615923184,9.999999999572973,-3.668268977592493e-07
65.38067613522705,9.999999999570305,-5.01888844369522e-07
65.78055611122224,9.999999999567635,-6.296566881273639e-07
66.18043608721744,9.999999999564967,-7.453913236413649e-07
66.58031606321263,9.999999999562297,-8.449872223675416e-07
66.98019603920784,9.999999999559629,-9.249724326093705e-07
67.38007601520304,9.999999999556959,-9.825085795177603e-07
67.77995599119824,9.99999999955429,-1.015390865091069e-06
68.17983596719344,9.999999999551621,-1.0220480681751008e-06
68.57971594318863,9.999999999548953,-1.0015425444631017e-06
68.97959591918384,9.999999999546283,-9.535702264957615e-07
69.37947589517904,9.999999999543615,-8.784606236612148e-07
69.77935587117423,9.999999999540945,-7.771768221950473e-07
70.17923584716944,9.999999999538277,-6.51315485180274e-07
70.57911582316463,9.999999999535609,-5.031068525473712e-07
70.97899579915983,9.999999999532939,-3.354147410742438e-07
71.37887577515502,9.99999999953027,-1.517365443862591e-07
71.77875575115023,9.999999999527601,4.3796767043796216e-08
72.17863572714543,9.999999999524933,2.4642064589566605e-07
72.57851570314062,9.999999999522263,4.507369680016583e-07
72.97839567913583,9.999999999519595,6.507140323466489e-07
73.37827565513102,9.999999999516925,8.396865610680466e-07
73.77815563112622,9.999999999514257,1.0103556994558393e-06
74.17803560712143,9.999999999511587,1.1547890159525589e-06
74.57791558311662,9.999999999508919,1.264420502153282e-06
74.97779555911183,9.99999999950625,1.3300505728056673e-06
75.37767553510702,9.999999999503581,1.3418460658099055e-06
75.77755551110222,9.999999999500911,1.2893402422187574e-06
76.17743548709741,9.999999999498243,1.1626987072857048e-06
76.57731546309262,9.999999999495573,9.933630921242039e-07
76.97719543908782,9.999999999492905,8.07706356772981e-07
77.37707541508301,9.999999999490235,6.16136934046054e-07
77.77695539107822,9.999999999487567,4.2783850153415694e-07
78.17683536707341,9.9999999994849,2.5076998160478856e-07
78.57671534306861,9.99999999948223,9.166554140215954e-08
78.9765953190638,9.999999999479561,-4.3965407152758055e-08
79.37647529505901,9.999999999476891,-1.518382073622768e-07
79.77635527105421,9.999999999474223,-2.2889295775195436e-07
80.1762352470494,9.999999999471553,-2.7329451207061734e-07
80.57611522304461,9.999999999468885,-2.8443247929035755e-07
80.9759951990398,9.999999999466215,-2.629212236065267e-07
81.375875175035,9.999999999463547,-2.1059986443773612e-07
81.77575515103021,9.999999999460877,-1.3053227642586343e-07
82.1756351270254,9.99999999945821,-2.7007089436052247e-08
82.5755151030206,9.99999999945554,9.446231144330367e-08
82.9753950790158,9.999999999452871,2.2713778590053077e-07
83.375275055011,9.999999999450202,3.6305643840071405e-07
83.7751550310062,9.999999999447533,4.930306181856547e-07
84.1750350070014,9.999999999444865,6.066479192739096e-07
84.5749149829966,9.999999999442196,6.922711804607619e-07
84.9747949589918,9.999999999439527,7.370384853182299e-07
85.374674934987,9.999999999436858,7.268631621950812e-07
85.77455491098219,9.999999999434188,6.518595658347335e-07
86.1744348869774,9.99999999943152,5.519925290325521e-07
86.5743148629726,9.99999999942885,4.43942401817915e-07
86.97419483896779,9.999999999426182,3.3356782363703504e-07
87.374074814963,9.999999999423514,2.2602194624771254e-07
87.77395479095819,9.999999999420844,1.257524337193629e-07
88.17383476695339,9.999999999418176,3.650146243298662e-08
88.57371474294858,9.999999999415506,-3.869427891880273e-08
88.97359471894379,9.999999999412838,-9.750358933180347e-08
89.37347469493899,9.999999999410168,-1.3830075549020666e-07
89.77335467093418,9.9999999994075,-1.6016555176660457e-07
90.17323464692939,9.99999999940483,-1.628832402219933e-07
90.57311462292458,9.999999999402162,-1.469445706057674e-07
90.97299459891978,9.999999999399492,-1.1354578035571921e-07
91.37287457491499,9.999999999396824,-6.458859459804529e-08
91.77275455091018,9.999999999394154,-2.680226147343546e-09
92.17263452690538,9.999999999391486,6.886662449339557e-08
92.57251450290057,9.999999999388816,1.4603376913277163e-07
92.97239447889578,9.999999999386148,2.2409753189099257e-07
93.37227445489097,9.99999999938348,2.9762874919985675e-07
93.77215443088618,9.99999999938081,3.60492769802773e-07
94.17203440688138,9.999999999378142,4.05849454754739e-07
94.57191438287657,9.999999999375472,4.2615317742235913e-07
94.97179435887178,9.999999999372804,4.1315282348383564e-07
95.37167433486697,9.999999999370134,3.619559826462846e-07
95.77155431086217,9.999999999367464,2.869657909720595e-07
96.17143428685738,9.999999999364796,1.9655562142771517e-07
96.57131426285257,9.999999999362128,9.713873302649518e-08
96.97119423884777,9.999999999359458,-5.500931334705577e-09
97.37107421484296,9.99999999935679,-1.0620874487531574e-07
97.77095419083817,9.99999999935412,-2.0045939693111575e-07
98.17083416683336,9.999999999351452,-2.8435689295420976e-07
98.57071414282856,9.999999999348782,-3.546345545130522e-07
98.97059411882377,9.999999999346114,-4.086550192924264e-07
99.37047409481896,9.999999999343444,-4.444102410934545e-07
99.77035407081416,9.999999999340776,-4.6052148983360064e-07
100.17023404680936,9.999999999338106,-4.562393515466626e-07
100.57011402280456,9.999999999335438,-4.3144372838277713e-07
100.96999399879977,9.999999999332768,-3.8664383860841834e-07
101.36987397479496,9.9999999993301,-3.229782166063996e-07
101.76975395079016,9.99999999932743,-2.4221471287586673e-07
102.16963392678535,9.999999999324762,-1.46750494032313e-07
102.56951390278056,9.999999999322094,-3.9612042807555936e-08
102.96939387877575,9.999999999319424,7.554484195023627e-08
103.36927385477095,9.999999999316756,1.9443504527656945e-07
103.76915383076616,9.999999999314086,3.1214413609060305e-07
104.16903380676135,9.999999999311418,4.2312836719515884e-07
104.56891378275655,9.999999999308748,5.212146752767283e-07
104.96879375875174,9.99999999930608,5.996006809054564e-07
105.36867373474695,9.99999999930341,6.508546885351649e-07
105.76855371074214,9.999999999300742,6.669156865033136e-07
106.16843368673734,9.999999999298073,6.390933470310544e-07
106.56831366273255,9.999999999295405,5.57843401869068e-07
106.96819363872774,9.999999999292736,4.2258701106689833e-07
107.36807361472295,9.999999999290067,2.472339236239468e-07
107.76795359071814,9.999999999287398,4.547161948612681e-08
108.16783356671334,9.999999999284729,-1.7021907386911766e-07
108.56771354270855,9.99999999928206,-3.8856398143276467e-07
108.96759351870374,9.99999999927939,-5.994955806642348e-07
109.36747349469894,9.999999999276723,-7.941530014914149e-07
109.76735347069413,9.999999999274053,-9.648820263106056e-07
110.16723344668934,9.999999999271385,-1.1052350899865775e-06
110.56711342268453,9.999999999268715,-1.2099712798525225e-06
110.96699339867973,9.999999999266047,-1.2750563357100916e-06
111.36687337467494,9.999999999263377,-1.2976626498293696e-06
111.76675335067013,9.999999999260709,-1.2761692669488875e-06
112.16663332666533,9.999999999258039,-1.2101618842756183e-06
112.56651330266052,9.99999999925537,-1.100432851484985e-06
112.96639327865573,9.999999999252703,-9.489811707208409e-07
113.36627325465093,9.999999999250033,-7.590124965954918e-07
113.76615323064613,9.999999999247365,-5.34939136189695e-07
114.16603320664133,9.999999999244695,-2.8238004905262593e-07
114.56591318263652,9.999999999242027,-8.160847201933545e-09
114.96579315863173,9.999999999239357,2.796862048763228e-07
115.36567313462692,9.999999999236689,5.719221902275996e-07
115.76555311062212,9.999999999234019,8.581015394289617e-07
116.16543308661733,9.99999999923135,1.1265720305889864e-06
116.56531306261252,9.999999999228681,1.3644747893478114e-06
116.96519303860772,9.999999999226013,1.5577442888771747e-06
117.36507301460291,9.999999999223343,1.6911083498803045e-06
117.76495299059812,9.999999999220675,1.7480881405920496e-06
118.16483296659332,9.999999999218005,1.710998176778778e-06
118.56471294258851,9.999999999215337,1.5614364094383733e-06
118.96459291858372,9.999999999212669,1.3446761877818634e-06
119.36447289457891,9.999999999209999,1.1099443682679698e-06
119.76435287057411,9.999999999207331,8.6973031007466e-07
120.1642328465693,9.999999999204661,6.350153456580521e-07
120.56411282256451,9.999999999201993,4.1527278075234865e-07
120.96399279855972,9.999999999199325,2.1846789436989495e-07
121.3638727745549,9.999999999196655,5.105793880115099e-08
121.76375275055011,9.999999999193987,-8.200786038532413e-08
122.1636327265453,9.999999999191317,-1.772883043428314e-07
122.5635127025405,9.999999999188649,-2.3285022094657094e-07
122.96339267853571,9.99999999918598,-2.48268464793615e-07
123.3632726545309,9.999999999183311,-2.2462591720292372e-07
123.76315263052611,9.999999999180641,-1.6451348621533682e-07
124.1630326065213,9.999999999177973,-7.203010659358084e-08
124.5629125825165,9.999999999175303,4.7217260177744235e-08
124.9627925585117,9.999999999172635,1.8611362589214125e-07
125.3626725345069,9.999999999169965,3.360359756212489e-07
125.7625525105021,9.999999999167297,4.868532677148081e-07
126.1624324864973,9.999999999164627,6.26926433800678e-07
126.5623124624925,9.99999999916196,7.431083787848517e-07
126.96219243848769,9.99999999915929,8.207439808514155e-07
127.3620724144829,9.999999999156621,8.436700914625974e-07
127.7619523904781,9.999999999153953,7.942155353587233e-07
128.16183236647328,9.999999999151283,6.890279216821195e-07
128.5617123424685,9.999999999148615,5.73445605874878e-07
128.9615923184637,9.999999999145945,4.540672266228182e-07
129.36147229445888,9.999999999143277,3.36489125359415e-07
129.7613522704541,9.999999999140607,2.255577836765832e-07
130.1612322464493,9.99999999913794,1.2536982332469908e-07
130.56111222244448,9.99999999913527,3.9272006212553155e-08
130.9609921984397,9.999999999132601,-3.013876559262157e-08
131.3608721744349,9.999999999129932,-8.101544986513878e-08
131.76075215043008,9.999999999127263,-1.1226086422089019e-07
132.16063212642527,9.999999999124595,-1.2352768611732223e-07
132.5605121024205,9.999999999121925,-1.1521845285344265e-07
132.96039207841568,9.999999999119257,-8.848556156982269e-08
133.36027205441087,9.999999999116588,-4.523126924859394e-08
133.7601520304061,9.99999999911392,1.1892307286554939e-08
134.16003200640128,9.99999999911125,7.948319137036235e-08
134.55991198239647,9.999999999108582,1.533895464960142e-07
134.95979195839166,9.999999999105912,2.2870967631513393e-07
135.35967193438688,9.999999999103244,2.9979202463778706e-07
135.75955191038207,9.999999999100574,3.602351754324624e-07
136.15943188637726,9.999999999097906,4.028878528261027e-07
136.55931186237248,9.999999999095236,4.198489211040879e-07
136.95919183836767,9.999999999092568,4.02467384710226e-07
137.35907181436286,9.9999999990899,3.4865611913081265e-07
137.75895179035808,9.99999999908723,2.7553829506038556e-07
138.15883176635327,9.999999999084562,1.901410981412287e-07
138.55871174234846,9.999999999081892,9.817262361482154e-08
138.95859171834365,9.999999999079224,4.756348431842369e-09
139.35847169433887,9.999999999076554,-8.556886874784254e-08
139.75835167033406,9.999999999073886,-1.6884878755515326e-07
140.15823164632926,9.999999999071216,-2.417137859118353e-07
140.55811162232447,9.999999999068548,-3.0137886003043745e-07
140.95799159831967,9.999999999065878,-3.456436244143015e-07
141.35787157431486,9.99999999906321,-3.7289231185758837e-07
141.75775155031005,9.99999999906054,-3.8209377344526e-07
142.15763152630527,9.999999999057872,-3.728014785530833e-07
142.55751150230046,9.999999999055202,-3.45153514847633e-07
142.95739147829565,9.999999999052534,-2.9987258828628873e-07
143.35727145429087,9.999999999049866,-2.3826602311722957e-07
143.75715143028606,9.999999999047196,-1.6222576187945755e-07
144.15703140628125,9.999999999044528,-7.422836540276257e-08
144.55691138227644,9.999999999041858,2.2664987192249907e-08
144.95679135827166,9.99999999903919,1.2480849849418133e-07
145.35667133426685,9.99999999903652,2.279717528008025e-07
145.75655131026204,9.999999999033852,3.2733971611909923e-07
146.15643128625726,9.999999999031182,4.17512736165255e-07
146.55631126225245,9.999999999028514,4.925065423646231e-07
146.95619123824764,9.999999999025844,5.457522458517732e-07
147.35607121424286,9.999999999023176,5.700963394704647e-07
147.75595119023805,9.999999999020506,5.578006977736446e-07
148.15583116623324,9.999999999017838,5.003849844148688e-07
148.55571114222843,9.99999999901517,3.9327406250484015e-07
148.95559111822365,9.9999999990125,2.4725180849783783e-07
149.35547109421884,9.999999999009832,7.463435956066652e-08
149.75535107021403,9.999999999007162,-1.1331638084168908e-07
150.15523104620925,9.999999999004494,-3.0639274294603826e-07
150.55511102220444,9.999999999001824,-4.954412906909383e-07
150.95499099819963,9.999999998999156,-6.723628217167763e-07
151.35487097419482,9.999999998996486,-8.301123673657166e-07
151.75475095019004,9.999999998993818,-9.626991926817202e-07
152.15463092618523,9.999999998991148,-1.0651867964105104e-06
152.55451090218043,9.99999999898848,-1.1336929109996295e-06
152.95439087817564,9.999999998985812,-1.1653895025983986e-06
153.35427085417084,9.999999998983142,-1.1585027710579243e-06
153.75415083016603,9.999999998980474,-1.1123131499311108e-06
154.15403080616122,9.999999998977804,-1.0271553064726448e-06
154.55391078215644,9.999999998975136,-9.044181416389977e-07
154.95379075815163,9.999999998972466,-7.465447900884523e-07
155.35367073414682,9.999999998969798,-5.570326201810591e-07
155.75355071014204,9.999999998967128,-3.404332339786479e-07
156.15343068613723,9.99999999896446,-1.0235246724488868e-07
156.55331066213242,9.99999999896179,1.5054961055481134e-07
156.9531906381276,9.999999998959122,4.105586962532388e-07
157.35307061412283,9.999999998956453,6.689062529814015e-07
157.75295059011802,9.999999998953784,9.157695101684775e-07
158.1528305661132,9.999999998951115,1.140271463541894e-06
158.55271054210843,9.999999998948446,1.3304808751272946e-06
158.95259051810362,9.999999998945778,1.4734122732484948e-06
159.3524704940988,9.999999998943109,1.555025952527549e-06
159.75235047009403,9.99999999894044,1.5602279738847268e-06
160.15223044608922,9.99999999893777,1.4728701645384814e-06
160.5521104220844,9.9999999989351,1.2944085576413541e-06
160.9519903980796,9.999999998932433,1.0861190370213069e-06
161.35187037407482,9.999999998929763,8.655412730547632e-07
161.75175035007,9.999999998927095,6.439058877941578e-07
162.1516303260652,9.999999998924425,4.310297702425688e-07
162.55151030206042,9.999999998921757,2.3531607635376752e-07
162.9513902780556,9.999999998919089,6.375422903225524e-08
163.3512702540508,9.999999998916419,-7.808008186681815e-08
163.751150230046,9.99999999891375,-1.8602489953759826e-07
164.1510302060412,9.99999999891108,-2.5733200022354353e-07
164.5509101820364,9.999999998908413,-2.9066689321740975e-07
164.9507901580316,9.999999998905743,-2.861088208612776e-07
165.3506701340268,9.999999998903075,-2.4515075854652757e-07
165.750550110022,9.999999998900405,-1.706994147138602e-07
166.1504300860172,9.999999998897737,-6.707523085327801e-08
166.5503100620124,9.999999998895067,5.99876184959048e-08
166.9501900380076,9.999999998892399,2.0334122574507555e-07
167.3500700140028,9.999999998889729,3.544239502562819e-07
167.749949989998,9.999999998887061,5.032604183422864e-07
168.1498299659932,9.999999998884391,6.384615232665482e-07
168.5497099419884,9.999999998881723,7.47224425243183e-07
168.9495899179836,9.999999998879055,8.1533255143703e-07
169.3494698939788,9.999999998876385,8.271555959636012e-07
169.749349869974,9.999999998873717,7.65833345756583e-07
170.1492298459692,9.999999998871049,6.591422438384166e-07
170.54910982196438,9.999999998868379,5.418719904878006e-07
170.9489897979596,9.999999998865711,4.205930147309138e-07
171.3488697739548,9.999999998863041,3.0110452038349327e-07
171.74874974994998,9.999999998860373,1.8843448605078282e-07
172.1486297259452,9.999999998857703,8.683966512756089e-08
172.5485097019404,9.999999998855035,-1.944142018401969e-10
172.94838967793558,9.999999998852365,-6.995344896357799e-08
173.34826965393077,9.999999998849697,-1.204943613942692e-07
173.748149629926,9.999999998847027,-1.5064529894100011e-07
174.14802960592118,9.999999998844359,-1.6000563426131777e-07
174.54790958191637,9.99999999884169,-1.4894596522324416e-07
174.9477895579116,9.999999998839021,-1.1860811490526309e-07
175.34766953390678,9.999999998836351,-7.09051315963328e-08
175.74754950990197,9.999999998833683,-8.521288795872832e-09
176.14742948589716,9.999999998831015,6.508791478622743e-08
176.54730946189238,9.999999998828345,1.4569575522961834e-07
176.94718943788757,9.999999998825677,2.283042834034657e-07
177.34706941388276,9.999999998823007,3.0714432496648275e-07
177.74694938987798,9.99999999882034,3.756754803669171e-07
178.14682936587317,9.99999999881767,4.2658612484253264e-07
178.54670934186836,9.999999998815001,4.517934084206428e-07
178.94658931786358,9.999999998812331,4.4244325591808576e-07
179.34646929385877,9.999999998809663,3.9219671916902255e-07
179.74634926985397,9.999999998806995,3.1745287295938717e-07
180.14622924584916,9.999999998804325,2.2780964205906766e-07
180.54610922184438,9.999999998801657,1.2959364349922297e-07
180.94598919783957,9.999999998798987,2.8499825045430742e-08
181.34586917383476,9.99999999879632,-7.04085348023547e-08
181.74574914982998,9.99999999879365,-1.626998268097815e-07
182.14562912582517,9.999999998790981,-2.4457411100807996e-07
182.54550910182036,9.999999998788313,-3.1286311669410336e-07
182.94538907781555,9.999999998785643,-3.6503024243030127e-07
183.34526905381077,9.999999998782975,-3.991705560447263e-07
183.74514902980596,9.999999998780305,-4.140107946310282e-07
184.14502900580115,9.999999998777637,-4.0890936454846606e-07
184.54490898179637,9.999999998774967,-3.8385634142189685e-07
184.94478895779156,9.9999999987723,-3.3947347014178595e-07
185.34466893378675,9.99999999876963,-2.7701416486419525e-07
185.74454890978194,9.999999998766961,-1.9836350901079216e-07
186.14442888577716,9.999999998764292,-1.0603825526883877e-07
186.54430886177235,9.999999998761623,-3.1868255912187678e-09
186.94418883776754,9.999999998758954,1.064106888035987e-07
187.34406881376276,9.999999998756286,2.1834252743154615e-07
187.74394878975795,9.999999998753616,3.275652605429257e-07
188.14382876575314,9.999999998750948,4.2840378912246855e-07
188.54370874174833,9.99999999874828,5.145513448892869e-07
188.94358871774355,9.99999999874561,5.790694902968968e-07
189.34346869373874,9.999999998742942,6.143881185332059e-07
189.74334866973393,9.999999998740272,6.123054535205201e-07
190.14322864572915,9.999999998737602,5.639865256223971e-07
190.54310862172434,9.999999998734934,4.6373794637749263e-07
190.94298859771953,9.999999998732264,3.2130231395121363e-07
191.34286857371475,9.999999998729596,1.49556875876687e-07
191.74274854970994,9.999999998726926,-3.9718244468290235e-08
192.14262852570513,9.999999998724258,-2.358400478613255e-07
192.54250850170033,9.999999998721588,-4.2922265923538303e-07
192.94238847769554,9.99999999871892,-6.113773276788078e-07
193.34226845369074,9.99999999871625,-7.749124264352732e-07
193.74214842968593,9.999999998713582,-9.135334529038619e-07
194.14202840568115,9.999999998710914,-1.022043028639016e-06
194.54190838167634,9.999999998708244,-1.0963408993505253e-06
194.94178835767153,9.999999998705576,-1.1334239349035716e-06
195.34166833366672,9.999999998702906,-1.1313861293186962e-06
195.74154830966194,9.999999998700238,-1.0894186007717997e-06
196.14142828565713,9.999999998697568,-1.0078095915941708e-06
196.54130826165232,9.9999999986949,-8.879444682724479e-07
196.94118823764754,9.99999999869223,-7.323057214486351e-07
197.34106821364273,9.999999998689562,-5.444729659201348e-07
197.74094818963792,9.999999998686892,-3.2912294063968664e-07
198.1408281656331,9.999999998684224,-9.202950871540734e-08
198.54070814162833,9.999999998681554,1.599363425892328e-07
198.94058811762352,9.999999998678886,4.1880650185535096e-07
199.3404680936187,9.999999998676216,6.755157335087358e-07
199.74034806961393,9.999999998673548,9.199016778198183e-07
200.14022804560912,9.999999998670878,1.140704850903602e-06
200.5401080216043,9.99999999866821,1.325568644719787e-06
200.93998799759953,9.999999998665542,1.4610393270726785e-06
201.33986797359472,9.999999998662872,1.5325660416111894e-06
201.7397479495899,9.999999998660204,1.5245008078289194e-06
202.1396279255851,9.999999998657534,1.42009852106406e-06
202.53950790158032,9.999999998654866,1.2342662042193034e-06
202.9393878775755,9.999999998652198,1.0244466850789434e-06
203.3392678535707,9.999999998649528,8.040521776348627e-07
203.73914782956592,9.99999999864686,5.841163411519445e-07
204.1390278055611,9.99999999864419,3.7426075076711633e-07
204.5389077815563,9.999999998641522,1.8269489748925553e-07
204.9387877575515,9.999999998638852,1.6216188199254136e-08
205.3386677335467,9.999999998636184,-1.1979005435000696e-07
205.7385477095419,9.999999998633514,-2.2135059153362221e-07
206.1384276855371,9.999999998630846,-2.85904268854718e-07
206.53830766153231,9.999999998628176,-3.123020159444112e-07
206.9381876375275,9.999999998625508,-3.0080684656181916e-07
207.3380676135227,9.999999998622839,-2.530938585940667e-07
207.7379475895179,9.99999999862017,-1.722502340562789e-07
208.1378275655131,9.9999999986175,-6.277523909157202e-08
208.5377075415083,9.999999998614832,6.94197760289055e-08
208.9375875175035,9.999999998612164,2.17011376906033e-07
209.3374674934987,9.999999998609495,3.7126404501268735e-07
209.7373474694939,9.999999998606826,5.220301776937075e-07
210.1372274454891,9.999999998604157,6.57750088165968e-07
210.53710742148428,9.999999998601488,7.654520055183316e-07
210.9369873974795,9.999999998598819,8.307520747116522e-07
211.3368673734747,9.99999999859615,8.378543565787834e-07
211.73674734946988,9.99999999859348,7.702625538286604e-07
212.1366273254651,9.999999998590813,6.605962918885569e-07
212.5365073014603,9.999999998588143,5.401230879947012e-07
212.93638727745548,9.999999998585475,4.1561032652104937e-07
213.3362672534507,9.999999998582805,2.9303104441161603e-07
213.7361472294459,9.999999998580137,1.7756393118050159e-07
214.13602720544108,9.999999998577467,7.359332891183919e-08
214.53590718143627,9.999999998574799,-1.529076774016921e-08
214.9357871574315,9.99999999857213,-8.629271155126646e-08
215.33566713342668,9.99999999856946,-1.3741120272712128e-07
215.73554710942187,9.999999998566793,-1.6743928890335924e-07
216.1354270854171,9.999999998564123,-1.7596436514553868e-07
216.53530706141228,9.999999998561455,-1.6336817394915955e-07
216.93518703740747,9.999999998558785,-1.3082680523966428e-07
217.33506701340266,9.999999998556117,-8.03106963724326e-08
217.73494698939788,9.999999998553447,-1.4584632132781503e-08
218.13482696539307,9.999999998550779,6.27922552640186e-08
218.53470694138827,9.999999998548109,1.4746648617276946e-07
218.93458691738348,9.99999999854544,2.3429023351833436e-07
219.33446689337867,9.999999998542771,3.173213227956181e-07
219.73434686937387,9.999999998540103,3.8982323206960303e-07
220.13422684536906,9.999999998537433,4.442650919753258e-07
220.53410682136428,9.999999998534765,4.7232168571788383e-07
220.93398679735947,9.999999998532097,4.6487344907242775e-07
221.33386677335466,9.999999998529427,4.1463158014879824e-07
221.73374674934988,9.999999998526759,3.380741420839483e-07
222.13362672534507,9.999999998524089,2.4589342675610605e-07
222.53350670134026,9.999999998521421,1.446511157904625e-07
222.93338667733548,9.999999998518751,4.025455181685925e-08
223.33326665333067,9.999999998516083,-6.2043261530186e-08
223.73314662932586,9.999999998513413,-1.5764365961152482e-07
224.13302660532105,9.999999998510745,-2.426023167833483e-07
224.53290658131627,9.999999998508075,-3.1362924639719784e-07
224.93278655731146,9.999999998505407,-3.6808880079994824e-07
225.33266653330665,9.999999998502737,-4.039996713338352e-07
225.73254650930187,9.99999999850007,-4.2003488833643644e-07
226.13242648529706,9.9999999984974,-4.155218211406743e-07
226.53230646129225,9.999999998494731,-3.904421780748211e-07
226.93218643728744,9.999999998492063,-3.4543200646249414e-07
227.33206641328266,9.999999998489393,-2.817816926226526e-07
227.73194638927785,9.999999998486725,-2.0143596186961516e-07
228.13182636527304,9.999999998484055,-1.069938785130375e-07
228.53170634126826,9.999999998481387,-1.70884585791417e-09
228.93158631726345,9.999999998478717,1.1051139379538911e-07
229.33146629325864,9.99999999847605,2.2510475915118318e-07
229.73134626925383,9.99999999847338,3.3685482991842183e-07
230.13122624524905,9.999999998470711,4.398908468107218e-07
230.53110622124424,9.999999998468041,5.276877115463313e-07
230.93098619723943,9.999999998465373,5.930659868481745e-07
231.33086617323465,9.999999998462703,6.281918964438239e-07
231.73074614922984,9.999999998460035,6.24577325065493e-07
232.13062612522504,9.999999998457367,5.730877021113206e-07
232.53050610122023,9.999999998454697,4.6984991908429e-07
232.93038607721545,9.99999999845203,3.26038601440398e-07
233.33026605321064,9.99999999844936,1.5435014667046475e-07
233.73014602920583,9.999999998446691,-3.3615495029602606e-08
234.13002600520105,9.999999998444023,-2.2735482075878497e-07
234.52990598119624,9.999999998441353,-4.1746077491090456e-07
234.92978595719143,9.999999998438685,-5.956227491747085e-07
235.32966593318665,9.999999998436016,-7.546265825338245e-07
235.72954590918184,9.999999998433347,-8.883545612667282e-07
236.12942588517703,9.999999998430678,-9.917854189468166e-07
236.52930586117222,9.99999999842801,-1.0609943364423546e-06
236.92918583716744,9.99999999842534,-1.0931529419164924e-06
237.32906581316263,9.999999998422672,-1.086529310827258e-06
237.72894578915782,9.999999998420002,-1.0404879659275708e-06
238.12882576515304,9.999999998417334,-9.554898772652234e-07
238.52870574114823,9.999999998414664,-8.330924621829097e-07
238.92858571714342,9.999999998411996,-6.759495853181877e-07
239.3284656931386,9.999999998409326,-4.878115586035078e-07
239.72834566913383,9.999999998406658,-2.735251412661885e-07
240.12822564512902,9.99999999840399,-3.9033539828468605e-08
240.5281056211242,9.99999999840132,2.0862359189256513e-07
240.92798559711943,9.999999998398652,4.613101527849468e-07
241.32786557311462,9.999999998395982,7.097935944417807e-07
241.7277455491098,9.999999998393314,9.437449211613328e-07
242.127625525105,9.999999998390644,1.1517386899469748e-06
242.52750550110022,9.999999998387976,1.321253010507204e-06
242.9273854770954,9.999999998385306,1.4386695452555973e-06
243.3272654530906,9.999999998382638,1.4892735093108846e-06
243.72714542908582,9.999999998379968,1.4572536704969096e-06
244.127025405081,9.9999999983773,1.3265123137821805e-06
244.5269053810762,9.99999999837463,1.1366266574724712e-06
244.92678535707142,9.999999998371962,9.269414668891972e-07
245.32666533306661,9.999999998369294,7.094434262351767e-07
245.7265453090618,9.999999998366624,4.947257464863884e-07
246.126425285057,9.999999998363956,2.9198816539202916e-07
246.52630526105222,9.999999998361286,1.0903694747449072e-07
246.9261852370474,9.999999998358618,-4.771511597059395e-08
247.3260652130426,9.999999998355948,-1.7324870687442553e-07
247.72594518903782,9.99999999835328,-2.6393798039499205e-07
248.125825165033,9.99999999835061,-3.175505649170582e-07
248.5257051410282,9.999999998347942,-3.332475620522035e-07
248.9255851170234,9.999999998345272,-3.115835466387962e-07
249.3254650930186,9.999999998342604,-2.545065667419936e-07
249.7253450690138,9.999999998339934,-1.6535814365376208e-07
250.125225045009,9.999999998337266,-4.887327189285065e-08
250.5251050210042,9.999999998334596,8.881958079520171e-08
250.9249849969994,9.999999998331928,2.4019847343803325e-07
251.3248649729946,9.99999999832926,3.9634799183651284e-07
251.72474494898978,9.99999999832659,5.469592485647105e-07
252.124624924985,9.999999998323922,6.80329882969907e-07
252.5245049009802,9.999999998321252,7.833640611725571e-07
252.92438487697538,9.999999998318584,8.415724760663516e-07
253.3242648529706,9.999999998315914,8.390723473181767e-07
253.7241448289658,9.999999998313246,7.61344004576399e-07
254.12402480496098,9.999999998310576,6.484066865499407e-07
254.5239047809562,9.999999998307908,5.248785390477822e-07
254.9237847569514,9.99999999830524,3.9765583321613756e-07
255.32366473294658,9.99999999830257,2.7282053478031905e-07
255.72354470894177,9.999999998299902,1.5564030404477313e-07
256.123424684937,9.999999998297232,5.05684958930649e-08
256.5233046609322,9.999999998294564,-3.875584021209372e-08
256.9231846369274,9.999999998291894,-1.0950796022888836e-07
257.32306461292256,9.999999998289226,-1.596774255363711e-07
257.72294458891776,9.999999998286556,-1.8806810293446937e-07
258.122824564913,9.999999998283888,-1.942981646439841e-07
258.5227045409082,9.999999998281218,-1.7880008830658939e-07
258.9225845169034,9.99999999827855,-1.4282065698484002e-07
259.3224644928986,9.99999999827588,-8.842095916216084e-08
259.72234446889377,9.999999998273212,-1.847638874285257e-08
260.12222444488896,9.999999998270543,6.332335494790992e-08
260.52210442088415,9.999999998267874,1.5247426716407627e-07
260.9219843968794,9.999999998265205,2.436580377387343e-07
261.3218643728746,9.999999998262536,3.307420510840592e-07
261.7217443488698,9.999999998259868,4.067793861913906e-07
262.12162432486497,9.999999998257199,4.640088166311765e-07
262.52150430086016,9.99999999825453,4.938548105529976e-07
262.92138427685535,9.99999999825186,4.869275306855514e-07
263.32126425285054,9.999999998249193,4.3542910639627686e-07
263.7211442288458,9.999999998246523,3.5620052284328436e-07
264.121024204841,9.999999998243855,2.607042115213543e-07
264.52090418083617,9.999999998241186,1.5575474499136895e-07
264.92078415683136,9.999999998238517,4.74868267890882e-08
265.32066413282655,9.999999998235849,-5.8644708574859536e-08
265.72054410882174,9.999999998233179,-1.5786489561497798e-07
266.12042408481693,9.99999999823051,-2.4607863787090236e-07
266.5203040608122,9.99999999822784,-3.1987070790740913e-07
266.92018403680737,9.999999998225173,-3.765057473143757e-07
267.32006401280256,9.999999998222503,-4.1392826670684525e-07
267.71994398879775,9.999999998219835,-4.3076264572497925e-07
268.11982396479294,9.999999998217165,-4.2631313303407274e-07
268.51970394078813,9.999999998214497,-4.0056384632455254e-07
268.9195839167833,9.999999998211827,-3.541787723119754e-07
269.3194638927786,9.999999998209159,-2.8850176673702144e-07
269.71934386877376,9.999999998206489,-2.0555655436553092e-07
270.11922384476895,9.99999999820382,-1.0804672898844923e-07
270.51910382076414,9.999999998201151,6.442465781385609e-10
270.91898379675933,9.999999998198483,1.1645304049301572e-07
271.3188637727545,9.999999998195815,2.3463645188983252e-07
271.7187437487498,9.999999998193145,3.497714108771231e-07
272.11862372474496,9.999999998190477,4.5575497853824104e-07
272.51850370074015,9.999999998187807,5.458043469314652e-07
272.91838367673535,9.999999998185139,6.12456839089911e-07
273.31826365273054,9.999999998182469,6.475699090215748e-07
273.7181436287257,9.999999998179801,6.423211417093164e-07
274.1180236047209,9.999999998177131,5.872503024114976e-07
274.51790358071617,9.999999998174463,4.804325124796689e-07
274.91778355671136,9.999999998171793,3.342862033439227e-07
275.31766353270655,9.999999998169125,1.6142846576797298e-07
275.71754350870174,9.999999998166455,-2.6627955401738053e-08
276.11742348469693,9.999999998163787,-2.1947466123605078e-07
276.5173034606921,9.999999998161117,-4.0780759872308933e-07
276.9171834366873,9.999999998158449,-5.834270607682601e-07
277.31706341268256,9.99999999815578,-7.39237686194274e-07
277.71694338867775,9.999999998153111,-8.692484597410596e-07
278.11682336467294,9.999999998150443,-9.685727120658967e-07
278.51670334066813,9.999999998147773,-1.0334281197433247e-06
278.9165833166633,9.999999998145105,-1.0611367052651672e-06
279.3164632926585,9.999999998142435,-1.0501248370405287e-06
279.7163432686537,9.999999998139767,-9.999232293958003e-07
280.11622324464895,9.999999998137097,-9.111669425746371e-07
280.51610322064414,9.99999999813443,-7.855953827380201e-07
280.91598319663933,9.99999999813176,-6.260523019641792e-07
281.3158631726345,9.999999998129091,-4.36485798248635e-07
281.7157431486297,9.999999998126421,-2.2194831550419263e-07
282.1156231246249,9.999999998123753,1.140335643905763e-08
282.5155031006201,9.999999998121083,2.563080818337485e-07
282.91538307661534,9.999999998118415,5.044003790152607e-07
283.31526305261053,9.999999998115745,7.462104204015788e-07
283.7151430286057,9.999999998113077,9.711640324935224e-07
284.1150230046009,9.99999999811041,1.1675826958745912e-06
284.5149029805961,9.99999999810774,1.3226835452109883e-06
284.9147829565913,9.999999998105071,1.422579369251657e-06
285.3146629325865,9.999999998102401,1.4522786108282358e-06
285.71454290858173,9.999999998099733,1.3956853668550636e-06
286.1144228845769,9.999999998097064,1.2433953701204516e-06
286.5143028605721,9.999999998094394,1.0499645084598753e-06
286.9141828365673,9.999999998091726,8.398614237511105e-07
287.3140628125625,9.999999998089057,6.246556978575546e-07
287.7139427885577,9.999999998086388,4.145360045642644e-07
288.1138227645529,9.99999999808372,2.183101095779556e-07
288.5137027405481,9.99999999808105,4.340487052698045e-08
288.9135827165433,9.999999998078382,-1.041337630385768e-07
289.3134626925385,9.999999998075712,-2.19640749647049e-07
289.7133426685337,9.999999998073044,-2.998319559050842e-07
290.1132226445289,9.999999998070374,-3.428041564976695e-07
290.5131026205241,9.999999998067706,-3.480350341881346e-07
290.91298259651927,9.999999998065036,-3.163831798181499e-07
291.3128625725145,9.999999998062368,-2.5008809230771304e-07
291.7127425485097,9.999999998059698,-1.5277017865519658e-07
292.1126225245049,9.99999999805703,-2.9430753937283406e-08
292.5125025005001,9.99999999805436,1.1354795869099165e-07
292.9123824764953,9.999999998051692,2.684028279962554e-07
293.3122624524905,9.999999998049024,4.259898146667937e-07
293.7121424284857,9.999999998046354,5.757839713125692e-07
294.1120224044809,9.999999998043686,7.058794424651451e-07
294.5119023804761,9.999999998041016,8.029894645778049e-07
294.9117823564713,9.999999998038348,8.524463660254656e-07
295.3116623324665,9.999999998035678,8.382015671047134e-07
295.7115423084617,9.99999999803301,7.498023664582088e-07
296.11142228445686,9.99999999803034,6.331536936821929e-07
296.5113022604521,9.999999998027672,5.064520539508169e-07
296.9111822364473,9.999999998025002,3.766742566063249e-07
297.3110622124425,9.999999998022334,2.4996436718431284e-07
297.7109421884377,9.999999998019664,1.316337074138004e-07
298.1108221644329,9.999999998016996,2.6160855217213812e-08
298.51070214042807,9.999999998014326,-6.280835528961558e-08
298.91058211642326,9.999999998011658,-1.3246083379744913e-07
299.3104620924185,9.99999999800899,-1.8081623380364797e-07
299.7103420684137,9.99999999800632,-2.0672695261214765e-07
300.1102220444089,9.999999998003652,-2.0987813133350013e-07
300.5101020204041,9.999999998000982,-1.907876548848419e-07
300.90998199639927,9.999999997998314,-1.5080615198990493e-07
301.30986197239446,9.999999997995644,-9.211699517901285e-08
301.70974194838965,9.999999997992976,-1.773630078908533e-08
302.1096219243849,9.999999997990306,6.848707103637918e-08
302.5095019003801,9.999999997987638,1.6187151634724783e-07
302.9093818763753,9.999999997984968,2.5690268738683363e-07
303.30926185237047,9.9999999979823,3.47233492591841e-07
303.70914182836566,9.99999999797963,4.256840965923852e-07
304.10902180436085,9.999999997976962,4.842419202119799e-07
304.50890178035604,9.999999997974292,5.140616404675541e-07
304.9087817563513,9.999999997971624,5.054651905694315e-07
305.3086617323465,9.999999997968956,4.508063934670537e-07
305.70854170834167,9.999999997966286,3.681885873636343e-07
306.10842168433686,9.999999997963618,2.6912121738414404e-07
306.50830166033205,9.999999997960948,1.6060385082738034e-07
306.90818163632724,9.99999999795828,4.8933684757058644e-08
307.30806161232243,9.99999999795561,-6.029445399818733e-08
307.7079415883177,9.999999997952942,-1.6218810884481972e-07
308.10782156431287,9.999999997950273,-2.525571934243385e-07
308.50770154030806,9.999999997947604,-3.279139916133713e-07
308.90758151630325,9.999999997944935,-3.854731575236113e-07
309.30746149229844,9.999999997942266,-4.231517155018343e-07
309.70734146829363,9.999999997939597,-4.3956906012989747e-07
310.1072214442888,9.999999997936929,-4.3404695622473994e-07
310.5071014202841,9.999999997934259,-4.066095388383777e-07
310.90698139627926,9.99999999793159,-3.579833132579202e-07
311.30686137227445,9.99999999792892,-2.8959715500555114e-07
311.70674134826965,9.999999997926253,-2.0358230983853597e-07
312.10662132426484,9.999999997923585,-1.0277239374922331e-07
312.50650130026,9.999999997920915,9.296607034955499e-09
312.9063812762552,9.999999997918247,1.2838633605148864e-07
313.30626125225047,9.999999997915577,2.4955606660280327e-07
313.70614122824566,9.999999997912909,3.6716270175618344e-07
314.10602120424085,9.999999997910239,4.7486077434389427e-07
314.50590118023604,9.99999999790757,5.656024469630874e-07
314.9057811562312,9.9999999979049,6.316375119758532e-07
315.3056611322264,9.999999997902233,6.645133915091796e-07
315.70554110822167,9.999999997899563,6.550751374549823e-07
316.10542108421686,9.999999997896895,5.936656981295914e-07
316.50530106021205,9.999999997894227,4.813616269638967e-07
316.90518103620724,9.999999997891557,3.3162345189765256e-07
317.30506101220243,9.999999997888889,1.5691407236655382e-07
317.7049409881976,9.999999997886219,-3.141304101338959e-08
318.1048209641928,9.99999999788355,-2.231138464458511e-07
318.50470094018806,9.999999997880883,-4.0905373095421555e-07
318.90458091618325,9.999999997878213,-5.812075103814712e-07
319.30446089217844,9.999999997875545,-7.32659429390373e-07
319.70434086817363,9.999999997872875,-8.576031614633319e-07
320.1042208441688,9.999999997870207,-9.513418089024451e-07
320.504100820164,9.999999997867537,-1.0102879028294928e-06
320.9039807961592,9.999999997864869,-1.0319634031859387e-06
321.30386077215445,9.999999997862199,-1.0149996987329274e-06
321.70374074814964,9.99999999785953,-9.59137607051297e-07
322.10362072414483,9.999999997856861,-8.652273745415662e-07
322.50350070014,9.999999997854193,-7.352286764239392e-07
322.9033806761352,9.999999997851523,-5.722106167382991e-07
323.3032606521304,9.999999997848855,-3.8035172834422043e-07
323.7031406281256,9.999999997846185,-1.649399729209543e-07
324.10302060412084,9.999999997843517,6.762725903258757e-08
324.50290058011603,9.999999997840847,3.098431481977193e-07
324.9027805561112,9.999999997838179,5.530914464361571e-07
325.3026605321064,9.999999997835511,7.87646476789916e-07
325.7025405081016,9.999999997832841,1.0026731334813112e-06
326.1024204840968,9.999999997830173,1.1862268819129871e-06
326.502300460092,9.999999997827503,1.3252537586678935e-06
326.90218043608724,9.999999997824835,1.4055903715093112e-06
327.3020604120824,9.999999997822165,1.4119638993807945e-06
327.7019403880776,9.999999997819497,1.3279920924062602e-06
328.1018203640728,9.999999997816829,1.1595407617157378e-06
328.501700340068,9.99999999781416,9.62757061355481e-07
328.9015803160632,9.999999997811491,7.525616739247002e-07
329.3014602920584,9.999999997808821,5.400860945047294e-07
329.7013402680536,9.999999997806153,3.3509289829977454e-07
330.1012202440488,9.999999997803483,1.4597574063702854e-07
330.501100220044,9.999999997800815,-2.0240643033502672e-08
330.9009801960392,9.999999997798145,-1.579004371388846e-07
331.3008601720344,9.999999997795477,-2.627167459832815e-07
331.7007401480296,9.99999999779281,-3.317715937479567e-07
332.1006201240248,9.99999999779014,-3.6351592449127524e-07
332.50050010002,9.999999997787471,-3.57769602148695e-07
332.9003800760152,9.999999997784801,-3.157214105327805e-07
333.3002600520104,9.999999997782133,-2.3992905333319826e-07
333.7001400280056,9.999999997779463,-1.3431915411670754e-07
334.1000200040008,9.999999997776795,-4.1872563271696905e-09
334.499899979996,9.999999997774125,1.438021767144516e-07
334.89977995599116,9.999999997771457,3.0161576181009945e-07
335.2996599319864,9.999999997768787,4.5985119588463287e-07
335.6995399079816,9.99999999776612,6.077372559857471e-07
336.0994198839768,9.99999999776345,7.331337992841066e-07
336.499299859972,9.999999997760781,8.225317630732494e-07
336.8991798359672,9.999999997758112,8.610531647696213e-07
337.29905981196237,9.999999997755443,8.324511019125561e-07
337.6989397879576,9.999999997752775,7.336265029445695e-07
338.0988197639528,9.999999997750106,6.130126932811698e-07
338.498699739948,9.999999997747437,4.831759921866375e-07
338.8985797159432,9.999999997744768,3.511288318623757e-07
339.2984596919384,9.9999999977421,2.230339880298584e-07
339.69833966793357,9.99999999773943,1.0420457993062968e-07
340.09821964392876,9.999999997736762,-8.959296736961422e-10
340.498099619924,9.999999997734092,-8.865373450144529e-08
340.8979795959192,9.999999997731424,-1.5630468475083683e-07
341.2978595719144,9.999999997728754,-2.0193428710005883e-07
341.6977395479096,9.999999997726086,-2.244777047072155e-07
342.09761952390477,9.999999997723416,-2.2371975721033995e-07
342.49749949989996,9.999999997720748,-2.002949207273959e-07
342.89737947589515,9.999999997718078,-1.5568732785627527e-07
343.2972594518904,9.99999999771541,-9.223076767479044e-08
343.6971394278856,9.999999997712742,-1.3108685740712085e-08
344.0970194038808,9.999999997710072,7.764581590828716e-08
344.49689937987597,9.999999997707404,1.7514997875459482e-07
344.89677935587116,9.999999997704734,2.736713878006711e-07
345.29665933186635,9.999999997702066,3.666279715690449e-07
345.69653930786154,9.999999997699396,4.465880021023171e-07
346.0964192838568,9.999999997696728,5.05270094963165e-07
346.496299259852,9.999999997694058,5.335432092343097e-07
346.89617923584717,9.99999999769139,5.21426647518575e-07
347.29605921184236,9.99999999768872,4.6208788987780554e-07
347.69593918783755,9.999999997686052,3.754336941579824e-07
348.09581916383274,9.999999997683382,2.7247545361829523e-07
348.49569913982793,9.999999997680714,1.603561574417268e-07
348.8955791158232,9.999999997678044,4.549525361853434e-08
349.2954590918184,9.999999997675376,-6.64113510536859e-08
349.69533906781356,9.999999997672708,-1.7039129097009693e-07
350.09521904380875,9.999999997670038,-2.6219574171855596e-07
350.49509901980394,9.99999999766737,-3.3829942007962906e-07
350.89497899579914,9.9999999976647,-3.959005840265941e-07
351.2948589717943,9.999999997662032,-4.329210327254366e-07
351.6947389477896,9.999999997659362,-4.4800610653485483e-07
352.09461892378476,9.999999997656694,-4.4052468700625146e-07
352.49449889977996,9.999999997654024,-4.105691968837462e-07
352.89437887577515,9.999999997651356,-3.5895560010416616e-07
353.29425885177034,9.999999997648686,-2.87223401797048e-07
353.6941388277655,9.999999997646018,-1.9763564828463796e-07
354.0940188037607,9.999999997643348,-9.317892708189476e-08
354.49389877975597,9.99999999764068,2.243663310353495e-08
354.89377875575116,9.99999999763801,1.44777362371238e-07
355.29365873174635,9.999999997635342,2.6868604962814637e-07
355.69353870774154,9.999999997632674,3.882819425884605e-07
356.09341868373673,9.999999997630004,4.969607477736768e-07
356.4932986597319,9.999999997627336,5.873946305125729e-07
356.89317863572717,9.999999997624666,6.515322149412354e-07
357.29305861172236,9.999999997621998,6.805985840030078e-07
357.69293858771755,9.999999997619328,6.650952794485496e-07
358.09281856371274,9.99999999761666,5.95480316445272e-07
358.49269853970793,9.99999999761399,4.766460247543557e-07
358.8925785157031,9.999999997611322,3.2258920407858507e-07
359.2924584916983,9.999999997608652,1.4559024689691812e-07
359.69233846769356,9.999999997605984,-4.318483345552532e-08
360.09221844368875,9.999999997603314,-2.3368440278735486e-07
360.49209841968394,9.999999997600646,-4.169712060510717e-07
360.89197839567913,9.999999997597977,-5.852223673429619e-07
361.2918583716743,9.999999997595308,-7.317293899031235e-07
361.6917383476695,9.99999999759264,-8.508981561154641e-07
362.0916183236647,9.99999999758997,-9.382489275077031e-07
362.49149829965995,9.999999997587302,-9.904163447513753e-07
362.89137827565514,9.999999997584633,-1.005149427661807e-06
363.29125825165033,9.999999997581964,-9.813115751981604e-07
363.6911382276455,9.999999997579295,-9.188805654633995e-07
364.0910182036407,9.999999997576626,-8.18948555704298e-07
364.4908981796359,9.999999997573957,-6.837220823114427e-07
364.8907781556311,9.999999997571289,-5.165220608192297e-07
365.29065813162634,9.999999997568619,-3.217837859058334e-07
365.69053810762153,9.99999999756595,-1.0505693139333637e-07
366.0904180836167,9.99999999756328,1.2699444975246732e-07
366.4902980596119,9.999999997560613,3.6659192542193125e-07
366.8901780356071,9.999999997557943,6.048426843616034e-07
367.2900580116023,9.999999997555275,8.317395361742255e-07
367.6899379875975,9.999999997552605,1.0361609113187153e-06
368.08981796359274,9.999999997549937,1.2058708611102234e-06
368.4896979395879,9.999999997547269,1.3275190577199907e-06
368.8895779155831,9.999999997544599,1.3866407941755441e-06
369.2894578915783,9.99999999754193,1.3676569843605606e-06
369.6893378675735,9.99999999753926,1.254028527539094e-06
370.0892178435687,9.999999997536593,1.0764223370473619e-06
370.4890978195639,9.999999997533923,8.766528460230444e-07
370.88897779555913,9.999999997531255,6.66765778140597e-07
371.2888577715543,9.999999997528585,4.574485173669665e-07
371.6887377475495,9.999999997525917,2.5803010796141157e-07
372.0886177235447,9.999999997523247,7.64812544756215e-08
372.4884976995399,9.999999997520579,-8.0585678246313e-08
372.8883776755351,9.999999997517909,-2.079166650679e-07
373.2882576515303,9.999999997515241,-3.0161602056024547e-07
373.6881376275255,9.999999997512571,-3.591463990020608e-07
374.0880176035207,9.999999997509903,-3.7932879437963187e-07
374.4878975795159,9.999999997507233,-3.623425403868726e-07
374.8877775555111,9.999999997504565,-3.097253104252837e-07
375.2876575315063,9.999999997501895,-2.2437311760396405e-07
375.6875375075015,9.999999997499227,-1.1054031473961134e-07
376.08741748349667,9.999999997496559,2.6160405643478334e-08
376.4872974594919,9.99999999749389,1.7875801131343176e-07
376.8871774354871,9.999999997491221,3.3892313033070897e-07
377.2870574114823,9.999999997488551,4.969680510482419e-07
377.6869373874775,9.999999997485883,6.41846722111337e-07
378.0868173634727,9.999999997483213,7.611547524577076e-07
378.48669733946787,9.999999997480545,8.411294113174673e-07
378.8865773154631,9.999999997477875,8.66649628213124e-07
379.2864572914583,9.999999997475207,8.212359929595837e-07
379.6863372674535,9.999999997472539,7.13493402190533e-07
380.0862172434487,9.99999999746987,5.887869639280386e-07
380.4860972194439,9.999999997467201,4.5593466561677563e-07
380.88597719543907,9.999999997464531,3.219453062498549e-07
381.28585717143426,9.999999997461863,1.9296235951194707e-07
381.6857371474295,9.999999997459193,7.42639737792658e-08
382.0856171234247,9.999999997456525,-2.973702788036461e-08
382.4854970994199,9.999999997453855,-1.1549314770761367e-07
382.8853770754151,9.999999997451187,-1.8032221325157302e-07
383.28525705141027,9.999999997448517,-2.224073773697743e-07
383.68513702740546,9.99999999744585,-2.4079711822819027e-07
384.08501700340065,9.99999999744318,-2.3540523930123515e-07
384.4848969793959,9.999999997440511,-2.070108693717556e-07
384.8847769553911,9.999999997437843,-1.5725846253105498e-07
385.2846569313863,9.999999997435173,-8.865779817886658e-08
385.68453690738147,9.999999997432505,-4.583981023363333e-09
386.08441688337666,9.999999997429835,9.072255891883606e-08
386.48429685937185,9.999999997427167,1.9215606632267764e-07
386.88417683536704,9.999999997424498,2.937454605546634e-07
387.2840568113623,9.99999999742183,3.8865433567286876e-07
387.6839367873575,9.99999999741916,4.691809604268864e-07
388.0838167633527,9.999999997416491,5.267582782579135e-07
388.48369673934786,9.999999997413822,5.51953907298693e-07
388.88357671534305,9.999999997411154,5.344701403735223e-07
389.28345669133824,9.999999997408485,4.692222733614351e-07
389.68333666733344,9.999999997405816,3.7800418636321357e-07
390.0832166433287,9.999999997403147,2.709399789625785e-07
390.4830966193239,9.999999997400478,1.5527422214790064e-07
390.88297659531906,9.99999999739781,3.750821088468694e-08
391.28285657131426,9.99999999739514,-7.660003588435952e-08
391.68273654730945,9.999999997392472,-1.8203577523935402e-07
392.08261652330464,9.999999997389802,-2.745275402832293e-07
392.4824964992998,9.999999997387134,-3.5054714014173707e-07
392.8823764752951,9.999999997384464,-4.0730965996345307e-07
393.28225645129027,9.999999997381796,-4.427734609197489e-07
393.68213642728546,9.999999997379126,-4.5564018020483987e-07
394.08201640328065,9.999999997376458,-4.4535473103574967e-07
394.48189637927584,9.99999999737379,-4.121053026523205e-07
394.88177635527103,9.99999999737112,-3.5682336031721315e-07
395.2816563312662,9.999999997368452,-2.811836453159051e-07
395.68153630726147,9.999999997365782,-1.8760417495668e-07
396.08141628325666,9.999999997363114,-7.924624257067738e-08
396.48129625925185,9.999999997360444,3.9985582488179224e-08
396.88117623524704,9.999999997357776,1.6544345484314084e-07
397.28105621124223,9.999999997355106,2.9173625309463915e-07
397.6809361872374,9.999999997352438,4.1272957982028367e-07
398.0808161632326,9.999999997349768,5.215457615748706e-07
398.48069613922786,9.9999999973471,6.105638488903874e-07
398.88057611522305,9.99999999734443,6.714196162759675e-07
399.28045609121824,9.999999997341762,6.950055622179595e-07
399.68033606721343,9.999999997339092,6.714709091798926e-07
400.0802160432086,9.999999997336424,5.920562377628545e-07
400.4800960192038,9.999999997333754,4.659749274650883e-07
400.87997599519906,9.999999997331086,3.071773534265664e-07
401.27985597119425,9.999999997328416,1.2772955011427936e-07
401.67973594718944,9.999999997325748,-6.142119613058196e-08
402.07961592318463,9.999999997323078,-2.504463470925387e-07
402.4794958991798,9.99999999732041,-4.3063611268184445e-07
402.879375875175,9.99999999731774,-5.94399450934485e-07
403.2792558511702,9.999999997315072,-7.352640680121789e-07
403.67913582716545,9.999999997312402,-8.478764182023913e-07
404.07901580316064,9.999999997309734,-9.280017039182728e-07
404.47889577915583,9.999999997307066,-9.725238756987576e-07
404.878775755151,9.999999997304396,-9.794456322084938e-07
405.2786557311462,9.999999997301728,-9.478884202378634e-07
405.6785357071414,9.999999997299058,-8.780924347029785e-07
406.0784156831366,9.99999999729639,-7.714166186456855e-07
406.47829565913185,9.99999999729372,-6.3033866323354e-07
406.87817563512704,9.999999997291052,-4.5845500775989537e-07
407.2780556111222,9.999999997288382,-2.604808396437741e-07
407.6779355871174,9.999999997285714,-4.225009442995437e-08
408.0778155631126,9.999999997283044,1.8928454421105602e-07
408.4776955391078,9.999999997280376,4.260516444830137e-07
408.877575515103,9.999999997277706,6.588610264639506e-07
409.27745549109824,9.999999997275038,8.774037621061844e-07
409.6773354670934,9.999999997272369,1.0702521752362184e-06
410.0772154430886,9.9999999972697,1.2248598415549195e-06
410.4770954190838,9.999999997267032,1.3275615886373688e-06
410.876975395079,9.999999997264363,1.3635734959329425e-06
411.2768553710742,9.999999997261694,1.3169928947652654e-06
411.6767353470694,9.999999997259025,1.1768606174316515e-06
412.07661532306463,9.999999997256356,9.930869683623205e-07
412.4764952990598,9.999999997253687,7.90915138765142e-07
412.876375275055,9.999999997251019,5.819294183053101e-07
413.2762552510502,9.99999999724835,3.7636536684435013e-07
413.6761352270454,9.99999999724568,1.8310981444009208e-07
414.0760152030406,9.999999997243012,9.700861346673367e-09
414.4758951790358,9.999999997240343,-1.3767212198546328e-07
414.875775155031,9.999999997237675,-2.541684949095837e-07
415.2756551310262,9.999999997235005,-3.3629634658259873e-07
415.6755351070214,9.999999997232337,-3.8191249596516716e-07
416.0754150830166,9.999999997229667,-3.90222491821622e-07
416.4752950590118,9.999999997226999,-3.6178061271999055e-07
416.875175035007,9.999999997224329,-2.984898670319939e-07
417.27505501100217,9.99999999722166,-2.0360199293304668e-07
417.6749349869974,9.99999999721899,-8.171745840223986e-08
418.0748149629926,9.999999997216323,6.121453877758636e-08
418.4746949389878,9.999999997213653,2.1789607101995536e-07
418.874574914983,9.999999997210985,3.7968048093467075e-07
419.2744548909782,9.999999997208317,5.365723813278495e-07
419.67433486697337,9.999999997205647,6.772276552019112e-07
420.07421484296856,9.999999997202979,7.889534557555835e-07
420.4740948189638,9.999999997200309,8.577082063839079e-07
420.873974794959,9.99999999719764,8.681016006781977e-07
421.2738547709542,9.999999997194973,8.03527255313476e-07
421.6737347469494,9.999999997192303,6.894451394503426e-07
422.07361472294457,9.999999997189635,5.606547205210496e-07
422.47349469893976,9.999999997186965,4.2500586317636914e-07
422.873374674935,9.999999997184297,2.894685251838157e-07
423.2732546509302,9.999999997181627,1.6013275742772378e-07
423.6731346269254,9.999999997178959,4.220870390913064e-08
424.0730146029206,9.999999997176289,-5.997339825414505e-08
424.47289457891577,9.99999999717362,-1.4296321882752412e-07
424.87277455491096,9.999999997170951,-2.0419033445966495e-07
425.27265453090615,9.999999997168283,-2.419642286824645e-07
425.6725345069014,9.999999997165613,-2.554742919110585e-07
426.0724144828966,9.999999997162945,-2.44789821443817e-07
426.4722944588918,9.999999997160275,-2.108600214623559e-07
426.872174434887,9.999999997157607,-1.5551400303152658e-07
427.27205441088216,9.999999997154939,-8.146078409941787e-08
427.67193438687735,9.999999997152269,7.710710502643051e-09
428.07181436287254,9.999999997149601,1.0753164906008763e-07
428.4716943388678,9.999999997146931,2.126532929751295e-07
428.871574314863,9.999999997144263,3.168469967666944e-07
429.2714542908582,9.999999997141593,4.130042080705118e-07
429.67133426685336,9.999999997138925,4.931364676390663e-07
430.07121424284855,9.999999997136255,5.48375409341598e-07
430.47109421884375,9.999999997133587,5.689727601641096e-07
430.87097419483894,9.999999997130917,5.443003402093649e-07
431.2708541708342,9.99999999712825,4.723436858199794e-07
431.6707341468294,9.999999997125581,3.7616030983376943e-07
432.07061412282457,9.999999997122911,2.648621763107785e-07
432.47049409881976,9.999999997120243,1.4575840410498114e-07
432.87037407481495,9.999999997117573,2.5396293781004825e-08
433.27025405081014,9.999999997114905,-9.043867238586978e-08
433.67013402680533,9.999999997112235,-1.967228304097098e-07
434.0700140028006,9.999999997109567,-2.891943345939412e-07
434.46989397879577,9.999999997106897,-3.643531575312981e-07
434.86977395479096,9.99999999710423,-4.1946109010390263e-07
435.26965393078615,9.999999997101561,-4.5254174148321114e-07
435.66953390678134,9.999999997098891,-4.623805391300255e-07
436.06941388277653,9.999999997096223,-4.4852472879449546e-07
436.4692938587717,9.999999997093553,-4.1128337451611827e-07
436.86917383476697,9.999999997090885,-3.51727358623727e-07
437.26905381076216,9.999999997088215,-2.716893817355309e-07
437.66893378675735,9.999999997085547,-1.7376396275906208e-07
438.06881376275254,9.999999997082877,-6.130743889120416e-08
438.46869373874773,9.99999999708021,6.156203438181069e-08
438.8685737147429,9.99999999707754,1.8996448328439809e-07
439.2684536907381,9.999999997074871,3.1825811575163823e-07
439.66833366673336,9.999999997072202,4.4003932142926723e-07
440.06821364272855,9.999999997069533,5.481426716736323e-07
440.46809361872374,9.999999997066864,6.346409195517807e-07
440.86797359471893,9.999999997064196,6.908449998413962e-07
441.2678535707141,9.999999997061527,7.073040290308235e-07
441.6677335467093,9.999999997058858,6.73805305319044e-07
442.0676135227045,9.999999997056188,5.835426334614345e-07
442.46749349869975,9.99999999705352,4.4985031573822775e-07
442.86737347469494,9.99999999705085,2.861709192969618e-07
443.26725345069013,9.999999997048182,1.043302020935464e-07
443.6671334266853,9.999999997045514,-8.496881302738053e-08
444.0670134026805,9.999999997042844,-2.7214583833247033e-07
444.4668933786757,9.999999997040176,-4.487433211996617e-07
444.86677335467095,9.999999997037506,-6.074264441182033e-07
445.26665333066614,9.999999997034838,-7.419831246885656e-07
445.66653330666134,9.999999997032168,-8.473240156225761e-07
446.0664132826565,9.9999999970295,-9.194825047433289e-07
446.4662932586517,9.99999999702683,-9.556147149852048e-07
446.8661732346469,9.999999997024162,-9.539995043938729e-07
447.2660532106421,9.999999997021492,-9.140384661262914e-07
447.66593318663735,9.999999997018824,-8.362559284506939e-07
448.06581316263254,9.999999997016154,-7.222989547466374e-07
448.4656931386277,9.999999997013486,-5.749373435049367e-07
448.8655731146229,9.999999997010816,-3.980636283277046e-07
449.2654530906181,9.999999997008148,-1.966930779283384e-07
449.6653330666133,9.99999999700548,2.3036303868470196e-08
450.0652130426085,9.99999999700281,2.538637781267467e-07
450.46509301860374,9.999999997000142,4.874058707992583e-07
450.86497299459893,9.999999996997472,7.141563727273773e-07
451.2648529705941,9.999999996994804,9.234863396413065e-07
451.6647329465893,9.999999996992134,1.1036440921599056e-06
452.0646129225845,9.999999996989466,1.2417552157907571e-06
452.4644928985797,9.999999996986796,1.32382256093016e-06
452.8643728745749,9.999999996984128,1.3347262428631063e-06
453.26425285057013,9.999999996981458,1.258223641763309e-06
453.6641328265653,9.99999999697879,1.0986006712886224e-06
454.0640128025605,9.999999996976122,9.094046784220295e-07
454.4638927785557,9.999999996973452,7.0555845642032e-07
454.8637727545509,9.999999996970784,4.981796290882401e-07
455.2636527305461,9.999999996968114,2.970458366891724e-07
455.6635327065413,9.999999996965446,1.1059473594513557e-07
456.0634126825365,9.999999996962778,-5.407599996323624e-08
456.4632926585317,9.999999996960108,-1.9120868139660328e-07
456.8631726345269,9.99999999695744,-2.963856022570636e-07
457.2630526105221,9.99999999695477,-3.665290399880512e-07
457.6629325865173,9.999999996952102,-3.999012555743669e-07
458.0628125625125,9.999999996949432,-3.9610449354217054e-07
458.46269253850767,9.999999996946764,-3.5608098195899017e-07
458.8625725145029,9.999999996944094,-2.8211293243370175e-07
459.2624524904981,9.999999996941426,-1.7782254011657952e-07
459.6623324664933,9.999999996938756,-4.817198369923304e-08
460.0622124424885,9.999999996936088,1.0053657458535783e-07
460.4620924184837,9.999999996933418,2.606609889628495e-07
460.86197239447887,9.99999999693075,4.232191301175347e-07
461.26185237047406,9.99999999692808,5.778888851923398e-07
461.6617323464693,9.999999996925412,7.130081577888535e-07
462.0616123224645,9.999999996922744,8.155748679672297e-07
462.4614922984597,9.999999996920074,8.712469522463346e-07
462.8613722744549,9.999999996917406,8.64342363603638e-07
463.26125225045007,9.999999996914736,7.811985934942767e-07
463.66113222644526,9.999999996912068,6.61646308417175e-07
464.06101220244045,9.999999996909398,5.289064461850852e-07
464.4608921784357,9.99999999690673,3.9077200394421723e-07
464.8607721544309,9.99999999690406,2.5414243765308667e-07
465.2606521304261,9.999999996901392,1.2502366208239475e-07
465.6605321064213,9.999999996898724,8.528050815107963e-09
466.06041208241646,9.999999996896054,-9.112556375356174e-08
466.46029205841165,9.999999996893386,-1.7061189041615644e-07
466.8601720344069,9.999999996890717,-2.274991791529801e-07
467.2600520104021,9.999999996888048,-2.602492211320664e-07
467.6599319863973,9.999999996885379,-2.6821734870923177e-07
468.0598119623925,9.99999999688271,-2.516524354280369e-07
468.45969193838766,9.99999999688004,-2.116968960197943e-07
468.85957191438285,9.999999996877373,-1.5038668640357505e-07
469.25945189037805,9.999999996874703,-7.065130368620212e-08
469.6593318663733,9.999999996872035,2.3686213837761374e-08
470.0592118423685,9.999999996869365,1.2790928668595543e-07
470.4590918183637,9.999999996866697,2.3640779418830673e-07
470.85897179435887,9.999999996864027,3.4267807448697205e-07
471.25885177035406,9.999999996861359,4.393229245363578e-07
471.65873174634925,9.99999999685869,5.180516001031146e-07
472.05861172234444,9.99999999685602,5.69679815766132e-07
472.4584916983397,9.999999996853353,5.841297449165601e-07
472.8583716743349,9.999999996850683,5.504300197577703e-07
473.25825165033007,9.999999996848015,4.7147482444435296e-07
473.65813162632526,9.999999996845345,3.700567971574857e-07
474.05801160232045,9.999999996842677,2.544979282172914e-07
474.45789157831564,9.999999996840007,1.3213783702453469e-07
474.85777155431083,9.999999996837339,9.536851449799089e-09
475.2576515303061,9.99999999683467,-1.0752399216652967e-07
475.65753150630127,9.999999996832,-2.1404294901419694e-07
476.05741148229646,9.999999996829333,-3.0579756581318144e-07
476.45729145829165,9.999999996826663,-3.793446808136249e-07
476.85717143428684,9.999999996823995,-4.3202042379585196e-07
477.25705141028203,9.999999996821325,-4.6194021607036764e-07
477.6569313862772,9.999999996818657,-4.6799877047785787e-07
478.05681136227247,9.999999996815987,-4.498700913891881e-07
478.45669133826766,9.999999996813319,-4.080074747054112e-07
478.85657131426285,9.999999996810649,-3.436435078577597e-07
479.25645129025804,9.999999996807981,-2.5879006980764416e-07
479.65633126625323,9.999999996805311,-1.5623833104665882e-07
480.0562112422484,9.999999996802643,-3.955875359658076e-08
480.4560912182436,9.999999996799973,8.689890899063597e-08
480.85597119423886,9.999999996797305,2.1800561163287072e-07
481.25585117023405,9.999999996794637,3.4785301771776404e-07
481.65573114622924,9.999999996791967,4.6975349910283464e-07
482.05561112222443,9.999999996789299,5.762401361154012e-07
482.4554910982196,9.999999996786629,6.590667175525968e-07
482.8553710742148,9.999999996783961,7.092077406813788e-07
483.25525105021,9.999999996781291,7.168584112385184e-07
483.65513102620525,9.999999996778623,6.714346434305994e-07
484.05501100220044,9.999999996775953,5.699200433933854e-07
484.45489097819564,9.999999996773283,4.285346273057364e-07
484.8547709541908,9.999999996770615,2.600652057496683e-07
485.254650930186,9.999999996767945,7.607429000361896e-08
485.6545309061812,9.999999996765277,-1.1300198454954006e-07
486.05441088217646,9.99999999676261,-2.978538584225294e-07
486.45429085817165,9.99999999675994,-4.702979480235573e-07
486.85417083416684,9.999999996757271,-6.232772456564788e-07
487.254050810162,9.999999996754601,-7.508611195206875e-07
487.6539307861572,9.999999996751933,-8.482453137111456e-07
488.0538107621524,9.999999996749263,-9.117519482183803e-07
488.4536907381476,9.999999996746595,-9.388295189284856e-07
488.85357071414285,9.999999996743925,-9.280528976231182e-07
489.25345069013804,9.999999996741257,-8.791233319795065e-07
489.65333066613323,9.999999996738588,-7.928684455704483e-07
490.0532106421284,9.99999999673592,-6.712422378643009e-07
490.4530906181236,9.99999999673325,-5.173250842249916e-07
490.8529705941188,9.999999996730581,-3.3532373591201425e-07
491.252850570114,9.999999996727912,-1.305713200804279e-07
491.65273054610924,9.999999996725244,9.047266021917502e-08
492.05261052210443,9.999999996722574,3.2022232604053223e-07
492.4524904980996,9.999999996719906,5.499654225419254e-07
492.8523704740948,9.999999996717237,7.698633189860221e-07
493.25225045009,9.999999996714568,9.689510087399293e-07
493.6521304260852,9.9999999967119,1.1351371092751908e-06
494.0520104020804,9.99999999670923,1.2552038621677806e-06
494.45189037807563,9.999999996706562,1.3148071330981097e-06
494.8517703540708,9.999999996703892,1.2984764118510098e-06
495.251650330066,9.999999996701224,1.1898539862903248e-06
495.6515303060612,9.999999996698554,1.019041789240355e-06
496.0514102820564,9.999999996695886,8.253066451642437e-07
496.4512902580516,9.999999996693216,6.20626872519206e-07
496.8511702340468,9.999999996690548,4.156488229498721e-07
497.251050210042,9.999999996687878,2.1968688128826113e-07
497.6509301860372,9.99999999668521,4.072346555389007e-08
498.0508101620324,9.999999996682542,-1.1459097304639401e-07
498.4506901380276,9.999999996679872,-2.4093795011829907e-07
498.8505701140228,9.999999996677204,-3.3433094808012016e-07
499.250450090018,9.999999996674534,-3.9211541616273413e-07
499.65033006601317,9.999999996671866,-4.1296877040960577e-07
500.0502100420084,9.999999996669196,-3.969003936767772e-07
500.4500900180036,9.999999996666528,-3.452516356328864e-07
500.8499699939988,9.999999996663858,-2.606958127591507e-07
501.249849969994,9.99999999666119,-1.4723820834937308e-07
501.6497299459892,9.99999999665852,-1.0216072509942408e-08
502.04960992198437,9.999999996655852,1.4370137784017305e-07
502.44948989797956,9.999999996653182,3.0651295896941327e-07
502.8493698739748,9.999999996650514,4.6888552033365916e-07
503.24924984997,9.999999996647844,6.201539445761409e-07
503.6491298259652,9.999999996645176,7.48321147527565e-07
504.0490098019604,9.999999996642506,8.40058078206038e-07
504.44888977795557,9.999999996639838,8.807037188170826e-07
504.84876975395076,9.99999999663717,8.542650847536266e-07
505.24864972994595,9.9999999966345,7.55190524053237e-07
505.6485297059412,9.99999999663183,6.302437350582531e-07
506.0484096819364,9.999999996629162,4.938055239940215e-07
506.4482896579316,9.999999996626492,3.53582509145368e-07
506.8481696339268,9.999999996623824,2.1637497006118733e-07
507.24804960992196,9.999999996621154,8.807684755442735e-08
507.64792958591715,9.999999996618486,-2.632425629791109e-08
508.0478095619124,9.999999996615816,-1.2274707815478638e-07
508.4476895379076,9.999999996613148,-1.9801669341106418e-07
508.8475695139028,9.999999996610478,-2.4986451619759983e-07
509.247449489898,9.99999999660781,-2.769282993811806e-07
509.64732946589316,9.999999996605142,-2.787521345645411e-07
510.04720944188836,9.999999996602472,-2.5578645208636256e-07
510.44708941788355,9.999999996599804,-2.0938802102127357e-07
510.8469693938788,9.999999996597134,-1.4181994917983834e-07
511.246849369874,9.999999996594466,-5.625168310859974e-08
511.6467293458692,9.999999996591797,4.324099190998211e-08
512.0466093218644,9.999999996589128,1.516759518574889e-07
512.4464892978596,9.999999996586459,2.6316473397955755e-07
512.8463692738547,9.99999999658379,3.709125367858788e-07
513.2462492498499,9.99999999658112,4.67218220050191e-07
513.6461292258451,9.999999996578453,5.434743048102922e-07
514.0460092018403,9.999999996575783,5.901669733680331e-07
514.4458891778355,9.999999996573115,5.968760692893083e-07
514.8457691538307,9.999999996570445,5.523362049536466e-07
515.245649129826,9.999999996567777,4.6663338408326645e-07
515.6455291058212,9.999999996565107,3.598415848712639e-07
516.0454090818164,9.999999996562439,2.4009552189005755e-07
516.4452890578116,9.999999996559769,1.147340959217232e-07
516.8451690338068,9.9999999965571,-9.699606042026427e-09
517.245049009802,9.99999999655443,-1.274583107998419e-07
517.6449289857972,9.999999996551763,-2.3359055894073737e-07
518.0448089617923,9.999999996549093,-3.2394070484408934e-07
518.4446889377875,9.999999996546425,-3.951489166796383e-07
518.8445689137827,9.999999996543755,-4.4465117640748794e-07
519.2444488897779,9.999999996541087,-4.706792797781049e-07
519.6443288657731,9.999999996538417,-4.722608363323187e-07
520.0442088417683,9.999999996535749,-4.4921926940132335e-07
520.4440888177636,9.999999996533079,-4.021738161066582e-07
520.8439687937588,9.999999996530411,-3.3253952736026886e-07
521.243848769754,9.999999996527743,-2.425272678644305e-07
521.6437287457492,9.999999996525073,-1.3514371611178766e-07
522.0436087217444,9.999999996522405,-1.4191364385352049e-08
522.4434886977396,9.999999996519735,1.1573148124150626e-07
522.8433686737347,9.999999996517067,2.492307009050488e-07
523.2432486497299,9.999999996514397,3.801163609511783e-07
523.6431286257251,9.999999996511729,5.014027139354309e-07
524.0430086017203,9.99999999650906,6.05308198622984e-07
524.4428885777155,9.999999996506391,6.832554399886429e-07
524.8427685537107,9.999999996503721,7.258712492168605e-07
525.2426485297059,9.999999996501053,7.229866237017202e-07
525.6425285057011,9.999999996498385,6.6371233434519e-07
526.0424084816964,9.999999996495715,5.512505505299641e-07
526.4422884576916,9.999999996493047,4.0232892990864036e-07
526.8421684336868,9.999999996490377,2.2935633668907494e-07
527.242048409682,9.999999996487709,4.361191053431844e-08
527.6419283856771,9.99999999648504,-1.447549334374097e-07
528.0418083616723,9.999999996482371,-3.267245046527218e-07
528.4416883376675,9.999999996479701,-4.944068370830607e-07
528.8415683136627,9.999999996477033,-6.410416892447019e-07
529.2414482896579,9.999999996474363,-7.609985441987493e-07
529.6413282656531,9.999999996471695,-8.497766095511413e-07
530.0412082416483,9.999999996469025,-9.04004817452645e-07
530.4410882176435,9.999999996466357,-9.214418245988608e-07
530.8409681936387,9.999999996463687,-9.009760122302199e-07
531.2408481696339,9.99999999646102,-8.426254861319812e-07
531.6407281456292,9.999999996458351,-7.475380766342095e-07
532.0406081216244,9.999999996455681,-6.179913386118811e-07
532.4404880976195,9.999999996453013,-4.5739255148473137e-07
532.8403680736147,9.999999996450343,-2.7027871921734767e-07
533.2402480496099,9.999999996447675,-6.231657031914676e-08
533.6401280256051,9.999999996445005,1.5969744215561654e-07
534.0400080016003,9.999999996442337,3.8783714060787056e-07
534.4398879775955,9.999999996439668,6.130466228936957e-07
534.8397679535907,9.999999996437,8.251402623243512e-07
535.2396479295859,9.99999999643433,1.0128027076662622e-06
535.6395279055811,9.999999996431661,1.1635888831410208e-06
536.0394078815763,9.999999996428992,1.2639239884253885e-06
536.4392878575715,9.999999996426324,1.2991034986513122e-06
536.8391678335666,9.999999996423654,1.2532931644058695e-06
537.239047809562,9.999999996420986,1.1136980128335952e-06
537.6389277855571,9.999999996418317,9.082949501987725e-07
538.0388077615523,9.999999996415648,6.6128696536212e-07
538.4386877375475,9.99999999641298,3.9021638968577877e-07
538.8385677135427,9.99999999641031,1.1087313627656455e-07
539.2384476895379,9.999999996407642,-1.6270530001403185e-07
539.6383276655331,9.999999996404972,-4.182338425898437e-07
540.0382076415283,9.999999996402304,-6.451798331100313e-07
540.4380876175235,9.999999996399634,-8.347630314890773e-07
540.8379675935187,9.999999996396966,-9.799556158967925e-07
541.2378475695139,9.999999996394296,-1.0754821827583108e-06
541.637727545509,9.999999996391628,-1.1178197467540907e-06
542.0376075215042,9.999999996388958,-1.105197740819919e-06
542.4374874974995,9.99999999638629,-1.0375980161468762e-06
542.8373674734947,9.999999996383622,-9.167548421814348e-07
543.2372474494899,9.999999996380952,-7.461549066253471e-07
543.6371274254851,9.999999996378284,-5.310373154356968e-07
544.0370074014803,9.999999996375614,-2.7839359282489045e-07
544.4368873774755,9.999999996372946,3.0323187393294645e-09
544.8367673534707,9.999999996370276,3.0274405853390776e-07
545.2366473294659,9.999999996367608,6.084928475804566e-07
545.6365273054611,9.999999996364938,9.062774886452714e-07
546.0364072814563,9.99999999636227,1.1803443662393054e-06
546.4362872574515,9.9999999963596,1.4131874466182102e-06
546.8361672334466,9.999999996356932,1.5855482777822938e-06
547.2360472094418,9.999999996354262,1.6764159894765382e-06
547.635927185437,9.999999996351594,1.6630272931906256e-06
548.0358071614323,9.999999996348924,1.521715072794049e-06
548.4356871374275,9.999999996346256,1.2996265829805602e-06
548.8355671134227,9.999999996343588,1.048027489490361e-06
549.2354470894179,9.999999996340918,7.824542299852934e-07
549.6353270654131,9.99999999633825,5.167145035547783e-07
550.0352070414083,9.99999999633558,2.6288727071581446e-07
550.4350870174035,9.999999996332912,3.1322753412978404e-08
550.8349669933987,9.999999996330242,-1.693575649815742e-07
551.2348469693939,9.999999996327574,-3.322609396681081e-07
551.634726945389,9.999999996324904,-4.522233644193134e-07
552.0346069213842,9.999999996322236,-5.25809571580298e-07
552.4344868973794,9.999999996319566,-5.513130320685954e-07
552.8343668733746,9.999999996316898,-5.287559553741553e-07
553.2342468493698,9.999999996314228,-4.598892895593554e-07
553.6341268253651,9.99999999631156,-3.4819272125895393e-07
554.0340068013603,9.99999999630889,-1.988746756802321e-07
554.4338867773555,9.999999996306222,-1.8872316602806343e-08
554.8337667533507,9.999999996303552,1.8314845362126192e-07
555.2336467293459,9.999999996300884,3.9679299406748815e-07
555.6335267053411,9.999999996298216,6.099379252389699e-07
556.0334066813363,9.999999996295546,8.087311290663778e-07
556.4332866573315,9.999999996292878,9.77591748907965e-07
556.8331666333266,9.999999996290208,1.0992101895495577e-06
557.2330466093218,9.99999999628754,1.1545481172045683e-06
557.632926585317,9.99999999628487,1.1228384595139795e-06
558.0328065613122,9.999999996282202,9.960568417837286e-07
558.4326865373074,9.999999996279533,8.388240030110576e-07
558.8325665133026,9.999999996276864,6.704995885089106e-07
559.2324464892979,9.999999996274195,4.999454165367676e-07
559.6323264652931,9.999999996271526,3.3493382486018795e-07
560.0322064412883,9.999999996268857,1.8214767075051454e-07
560.4320864172835,9.999999996266189,4.718033098507153e-08
560.8319663932787,9.999999996263519,-6.546429815288535e-08
561.2318463692739,9.99999999626085,-1.5237180087416828e-07
561.631726345269,9.99999999625818,-2.1121724188365797e-07
562.0316063212642,9.999999996255513,-2.4076516638030206e-07
562.4314862972594,9.999999996252843,-2.4086960005711706e-07
562.8313662732546,9.999999996250175,-2.124740491011877e-07
563.2312462492498,9.999999996247505,-1.5761150019366644e-07
563.631126225245,9.999999996244837,-7.940442050977447e-08
564.0310062012402,9.999999996242167,1.7935242281200975e-08
564.4308861772355,9.999999996239499,1.2910606001593568e-07
564.8307661532307,9.99999999623683,2.4771712403694e-07
565.2306461292259,9.99999999623416,3.6628804519275043e-07
565.6305261052211,9.999999996231493,4.762489538378061e-07
566.0304060812163,9.999999996228823,5.679404998324777e-07
566.4302860572114,9.999999996226155,6.306138525430684e-07
566.8301660332066,9.999999996223485,6.524307008418097e-07
567.2300460092018,9.999999996220817,6.204632531068763e-07
567.629925985197,9.999999996218147,5.375473649812657e-07
568.0298059611922,9.999999996215477,4.352555126771337e-07
568.4296859371874,9.999999996212809,3.219060376892616e-07
568.8295659131826,9.99999999621014,2.0424087196273772e-07
569.2294458891778,9.999999996207471,8.824030771894743e-08
569.629325865173,9.999999996204803,-2.087700254442777e-08
570.0292058411683,9.999999996202133,-1.1865404605343516e-07
570.4290858171635,9.999999996199465,-2.0139544975774329e-07
570.8289657931587,9.999999996196795,-2.661674803308104e-07
571.2288457691538,9.999999996194127,-3.1079804416976833e-07
571.628725745149,9.999999996191457,-3.338766873954526e-07
572.0286057211442,9.999999996188789,-3.347545958524004e-07
572.4284856971394,9.99999999618612,-3.135445951088555e-07
572.8283656731346,9.999999996183451,-2.711211504567621e-07
573.2282456491298,9.999999996180781,-2.0912036691176925e-07
573.628125625125,9.999999996178113,-1.2993998921322818e-07
574.0280056011202,9.999999996175443,-3.673940182419471e-08
574.4278855771154,9.999999996172775,6.656037106857182e-08
574.8277655531106,9.999999996170105,1.7527666555461107e-07
575.2276455291058,9.999999996167437,2.8396517799975785e-07
575.6275255051011,9.99999999616477,3.8641996504616813e-07
576.0274054810963,9.9999999961621,4.7567344361221315e-07
576.4272854570914,9.999999996159431,5.439963908926452e-07
576.8271654330866,9.999999996156761,5.828979443584868e-07
577.2270454090818,9.999999996154093,5.831256017570552e-07
577.626925385077,9.999999996151423,5.348251289497443e-07
578.0268053610722,9.999999996148754,4.4376715687783987e-07
578.4266853370674,9.999999996146085,3.2505525535607134e-07
578.8265653130626,9.999999996143416,1.883614705539477e-07
579.2264452890578,9.999999996140748,4.24649471453981e-08
579.626325265053,9.99999999613808,-1.0474807169122814e-07
580.0262052410482,9.99999999613541,-2.46284244273162e-07
580.4260852170434,9.999999996132741,-3.7604313041321364e-07
580.8259651930385,9.999999996130072,-4.88817191419774e-07
581.2258451690338,9.999999996127404,-5.802917900968361e-07
581.625725145029,9.999999996124734,-6.47045190743897e-07
582.0256051210242,9.999999996122066,-6.865485591561167e-07
582.4254850970194,9.999999996119396,-6.971659626242061e-07
582.8253650730146,9.999999996116728,-6.781543699344544e-07
583.2252450490098,9.999999996114058,-6.296636513687318e-07
583.625125025005,9.99999999611139,-5.527365787044898e-07
584.0250050010002,9.99999999610872,-4.4930882521475643e-07
584.4248849769954,9.999999996106052,-3.222089656681423e-07
584.8247649529906,9.999999996103382,-1.7515847632883965e-07
585.2246449289858,9.999999996100714,-1.2771734956612612e-08
585.624524904981,9.999999996098046,1.5944397919318358e-07
586.0244048809761,9.999999996095376,3.350884853696259e-07
586.4242848569714,9.999999996092708,5.068687013262437e-07
586.8241648329666,9.999999996090038,6.665986433208532e-07
587.2240448089618,9.99999999608737,8.051994261158398e-07
587.623924784957,9.9999999960847,9.12699262977947e-07
588.0238047609522,9.999999996082032,9.782334656783448e-07
588.4236847369474,9.999999996079362,9.900444444926281e-07
588.8235647129426,9.999999996076694,9.354817082008094e-07
589.2234446889378,9.999999996074024,8.073396634095735e-07
589.623324664933,9.999999996071356,6.242856796249359e-07
590.0232046409282,9.999999996068686,4.0383597737998344e-07
590.4230846169233,9.999999996066018,1.6150312284576076e-07
590.8229645929185,9.999999996063348,-8.870705140006123e-08
591.2228445689137,9.99999999606068,-3.342954463731863e-07
591.6227245449089,9.99999999605801,-5.642696966826929e-07
592.0226045209042,9.999999996055342,-7.691441705310874e-07
592.4224844968994,9.999999996052672,-9.40939969714078e-07
592.8223644728946,9.999999996050004,-1.0731849296209287e-06
593.2222444488898,9.999999996047334,-1.1609136192342151e-06
593.622124424885,9.999999996044666,-1.2006673411298879e-06
594.0220044008802,9.999999996041996,-1.1904941314772722e-06
594.4218843768754,9.999999996039328,-1.1299487600390643e-06
594.8217643528706,9.99999999603666,-1.0200927301713409e-06
595.2216443288658,9.99999999603399,-8.63494278823548e-07
595.6215243048609,9.999999996031322,-6.642283765385079e-07
596.0214042808561,9.999999996028652,-4.27876727452414e-07
596.4212842568513,9.999999996025984,-1.6152776929484232e-07
596.8211642328465,9.999999996023314,1.2622332661126648e-07
597.2210442088417,9.999999996020646,4.2527465534959045e-07
597.620924184837,9.999999996017976,7.240175784105203e-07
598.0208041608322,9.999999996015308,1.0093367236908163e-06
598.4206841368274,9.999999996012638,1.2666099854941209e-06
598.8205641128226,9.99999999600997,1.4797085245306162e-06
599.2204440888178,9.9999999960073,1.6309967679171126e-06
599.620324064813,9.999999996004632,1.7013324091770441e-06
600.0202040408082,9.999999996001963,1.6700664082404598e-06
600.4200840168033,9.999999995999294,1.5165351196903188e-06
600.8199639927985,9.999999995996626,1.2806057571177313e-06
601.2198439687937,9.999999995993957,1.0040411295010321e-06
601.6197239447889,9.999999995991288,7.055011307417469e-07
602.0196039207841,9.999999995988619,4.016808807536139e-07
602.4194838967793,9.99999999598595,1.0731072546258572e-07
602.8193638727745,9.999999995983282,-1.64843763193173e-07
603.2192438487698,9.999999995980613,-4.039817872633463e-07
603.619123824765,9.999999995977944,-6.01267322785205e-07
604.0190038007602,9.999999995975275,-7.498291197840208e-07
604.4188837767554,9.999999995972606,-8.447607022727746e-07
604.8187637527506,9.999999995969937,-8.831203682522365e-07
605.2186437287457,9.999999995967269,-8.63931189710965e-07
605.6185237047409,9.999999995964599,-7.881810126253044e-07
606.0184036807361,9.99999999596193,-6.588224569593848e-07
606.4182836567313,9.99999999595926,-4.80772916665123e-07
606.8181636327265,9.999999995956593,-2.6091455968222796e-07
607.2180436087217,9.999999995953923,-8.094327938183262e-09
607.6179235847169,9.999999995951255,2.6687606265172e-07
608.0178035607121,9.999999995948585,5.512201221844277e-07
608.4176835367074,9.999999995945917,8.301965867691581e-07
608.8175635127026,9.999999995943247,1.0870994185271124e-06
609.2174434886978,9.999999995940579,1.3032578055919433e-06
609.617323464693,9.99999999593791,1.458036162109436e-06
610.0172034406881,9.99999999593524,1.5288341282375824e-06
610.4170834166833,9.999999995932573,1.491086570146609e-06
610.8169633926785,9.999999995929903,1.3308519308676393e-06
611.2168433686737,9.999999995927233,1.127096735777571e-06
611.6167233446689,9.999999995924565,9.090608866976079e-07
612.0166033206641,9.999999995921895,6.881322698092257e-07
612.4164832966593,9.999999995919227,4.742950592141235e-07
612.8163632726545,9.999999995916557,2.761297169342227e-07
613.2162432486497,9.999999995913889,1.0081299291166798e-07
613.6161232246449,9.99999999591122,-4.588207499117174e-08
614.0160032006402,9.999999995908551,-1.5958616099173445e-07
614.4158831766354,9.999999995905883,-2.3733365138714067e-07
614.8157631526306,9.999999995903213,-2.775626445543921e-07
615.2156431286257,9.999999995900545,-2.801149509502279e-07
615.6155231046209,9.999999995897875,-2.4623609311116675e-07
616.0154030806161,9.999999995895207,-1.785753056535043e-07
616.4152830566113,9.999999995892537,-8.118553527331054e-08
616.8151630326065,9.999999995889869,4.047655925356573e-08
617.2150430086017,9.9999999958872,1.7955060707149595e-07
617.6149229845969,9.999999995884531,3.2777252524508075e-07
618.0148029605921,9.999999995881861,4.7547451875913733e-07
618.4146829365873,9.999999995879193,6.115850805187125e-07
618.8145629125825,9.999999995876523,7.236289913490665e-07
619.2144428885777,9.999999995873855,7.977273199956933e-07
619.614322864573,9.999999995871185,8.185974231243007e-07
620.0142028405681,9.999999995868517,7.695529453208093e-07
620.4140828165633,9.999999995865847,6.648083163588828e-07
620.8139627925585,9.99999999586318,5.449711938681864e-07
621.2138427685537,9.99999999586051,4.1772402371054793e-07
621.6137227445489,9.999999995857841,2.897413289015504e-07
622.0136027205441,9.999999995855172,1.6686917437057832e-07
622.4134826965393,9.999999995852503,5.412516696081823e-08
622.8133626725345,9.999999995849834,-4.4301544570742905e-08
623.2132426485297,9.999999995847165,-1.2505026955331495e-07
623.6131226245249,9.999999995844497,-1.85588775402307e-07
624.01300260052,9.999999995841828,-2.242132876193269e-07
624.4128825765152,9.99999999583916,-2.400484897921796e-07
624.8127625525104,9.99999999583649,-2.3304752359487044e-07
625.2126425285057,9.999999995833821,-2.0399198878758947e-07
625.6125225045009,9.999999995831152,-1.544919432167559e-07
626.0124024804961,9.999999995828484,-8.69859028149633e-08
626.4122824564913,9.999999995825814,-4.740841601009324e-09
626.8121624324865,9.999999995823146,8.814780832010915e-08
627.2120424084817,9.999999995820476,1.8675615675719636e-07
627.6119223844769,9.999999995817808,2.853318554328604e-07
628.0118023604721,9.999999995815138,3.772940979835095e-07
628.4116823364673,9.99999999581247,4.552336199593537e-07
628.8115623124625,9.9999999958098,5.109126988244042e-07
629.2114422884576,9.999999995807132,5.352651539564765e-07
629.6113222644528,9.999999995804464,5.183963466471809e-07
630.011202240448,9.999999995801794,4.5504265726384217e-07
630.4110822164433,9.999999995799124,3.6513352150401346e-07
630.8109621924385,9.999999995796456,2.586972967254599e-07
631.2108421684337,9.999999995793786,1.4305336991972224e-07
631.6107221444289,9.999999995791118,2.478064290889302e-08
632.0106021204241,9.999999995788448,-9.028246765440573e-08
632.4104820964193,9.99999999578578,-1.9703803028702312e-07
632.8103620724145,9.99999999578311,-2.9112859867527863e-07
633.2102420484097,9.999999995780442,-3.689372116749623e-07
633.6101220244049,9.999999995777772,-4.275873933113357e-07
634.0100020004,9.999999995775104,-4.6494315277912995e-07
634.4098819763952,9.999999995772434,-4.79608984442548e-07
634.8097619523904,9.999999995769766,-4.7092986783526326e-07
635.2096419283856,9.999999995767098,-4.389912676604182e-07
635.6095219043808,9.999999995764428,-3.8461913379062886e-07
636.0094018803761,9.99999999576176,-3.0937990126795685e-07
636.4092818563713,9.99999999575909,-2.1558049030400018e-07
636.8091618323665,9.999999995756422,-1.0626830627976784e-07
637.2090418083617,9.999999995753752,1.476876025424183e-08
637.6089217843569,9.999999995751084,1.4300233357806144e-07
638.0088017603521,9.999999995748414,2.7316355280225096e-07
638.4086817363473,9.999999995745746,3.992430718678995e-07
638.8085617123425,9.999999995743076,5.144910595466287e-07
639.2084416883376,9.999999995740408,6.114171994405849e-07
639.6083216643328,9.999999995737738,6.817906899824489e-07
640.008201640328,9.99999999573507,7.166402444354292e-07
640.4080816163232,9.9999999957324,7.062540908932547e-07
640.8079615923184,9.999999995729732,6.404229481171615e-07
641.2078415683136,9.999999995727064,5.213993694573797e-07
641.6077215443089,9.999999995724396,3.6385179084970687e-07
642.0076015203041,9.999999995721726,1.8079099515550961e-07
642.4074814962993,9.999999995719058,-1.5941358770219472e-08
642.8073614722945,9.999999995716388,-2.1567273607868872e-07
643.2072414482897,9.99999999571372,-4.088997259273474e-07
643.6071214242849,9.99999999571105,-5.872880414798866e-07
644.00700140028,9.999999995708382,-7.436725199062378e-07
644.4068813762752,9.999999995705712,-8.720571223825742e-07
644.8067613522704,9.999999995703044,-9.676149340913098e-07
645.2066413282656,9.999999995700374,-1.0266881642210982e-06
645.6065213042608,9.999999995697706,-1.0467881459668372e-06
646.006401280256,9.999999995695037,-1.0265953365296637e-06
646.4062812562512,9.999999995692368,-9.659593171169552e-07
646.8061612322464,9.999999995689699,-8.65898792942333e-07
647.2060412082417,9.99999999568703,-7.286015932256091e-07
647.6059211842369,9.999999995684362,-5.574246711929709e-07
648.0058011602321,9.999999995681693,-3.5689410407672173e-07
648.4056811362273,9.999999995679024,-1.3270509311544886e-07
648.8055611122224,9.999999995676355,1.0827803644602228e-07
649.2054410882176,9.999999995673686,3.5802183535662915e-07
649.6053210642128,9.999999995671017,6.073237303590612e-07
650.005201040208,9.999999995668349,8.458120241897685e-07
650.4050810162032,9.999999995665679,1.0619458955789645e-06
650.8049609921984,9.99999999566301,1.2430153992506147e-06
651.2048409681936,9.99999999566034,1.375141465922454e-06
651.6047209441888,9.999999995657673,1.4432759023059636e-06
652.004600920184,9.999999995655003,1.4312013911063859e-06
652.4044808961793,9.999999995652335,1.3215314910226905e-06
652.8043608721745,9.999999995649667,1.1395786216855393e-06
653.2042408481697,9.999999995646997,9.346871434920541e-07
653.6041208241649,9.999999995644329,7.192114254415391e-07
654.00400080016,9.999999995641659,5.041004027237404e-07
654.4038807761552,9.99999999563899,2.9891145684801874e-07
654.8037607521504,9.99999999563632,1.1181041564334917e-07
655.2036407281456,9.999999995633653,-5.0428446741678814e-08
655.6035207041408,9.999999995630983,-1.8242240983886397e-07
656.003400680136,9.999999995628315,-2.801803068603877e-07
656.4032806561312,9.999999995625645,-3.4110252469881854e-07
656.8031606321264,9.999999995622977,-3.6398100392711276e-07
657.2030406081216,9.999999995620307,-3.489992387986091e-07
657.6029205841168,9.999999995617639,-2.97732277247034e-07
658.0028005601121,9.999999995614969,-2.1314672088647185e-07
658.4026805361073,9.999999995612301,-9.960072501146952e-08
658.8025605121024,9.999999995609633,3.7156001403107634e-08
659.2024404880976,9.999999995606963,1.8998219570198933e-07
659.6023204640928,9.999999995604295,3.503450415495195e-07
660.002200440088,9.999999995601625,5.083201689296544e-07
660.4020804160832,9.999999995598957,6.525916541459725e-07
660.8019603920784,9.999999995596287,7.704520198216537e-07
661.2018403680736,9.999999995593619,8.478022348995011e-07
661.6017203440688,9.999999995590949,8.691517146419267e-07
662.001600320064,9.999999995588281,8.176183206309594e-07
662.4014802960592,9.999999995585613,7.076093552173051e-07
662.8013602720544,9.999999995582943,5.826759869067699e-07
663.2012402480495,9.999999995580275,4.507346294009733e-07
663.6011202240448,9.999999995577605,3.185627573574186e-07
664.00100020004,9.999999995574937,1.9208425999481659e-07
664.4008801760352,9.999999995572267,7.636944109285696e-08
664.8007601520304,9.999999995569599,-2.4364981007638812e-08
665.2006401280256,9.99999999556693,-1.0675587340475585e-07
665.6005201040208,9.999999995564261,-1.6829368863548522e-07
666.000400080016,9.999999995561591,-2.073224646757239e-07
666.4002800560112,9.999999995558923,-2.2303982494027662e-07
666.8001600320064,9.999999995556253,-2.1549697828285314e-07
667.2000400080016,9.999999995553585,-1.8559871899606954e-07
667.5999199839968,9.999999995550915,-1.35103426811449e-07
667.999799959992,9.999999995548247,-6.662306689941934e-08
668.3996799359871,9.999999995545577,1.6376810130682798e-08
668.7995599119823,9.99999999554291,1.0957706823061712e-07
669.1994398879776,9.999999995540241,2.0780498591326333e-07
669.5993198639728,9.999999995537571,3.050342562525094e-07
669.999199839968,9.999999995534903,3.9438498688342344e-07
670.3990798159632,9.999999995532233,4.681237000021378e-07
670.7989597919584,9.999999995529565,5.176633323658799e-07
671.1988397679536,9.999999995526895,5.335632352929694e-07
671.5987197439488,9.999999995524227,5.055291746628205e-07
671.998599719944,9.999999995521557,4.3453456168005865e-07
672.3984796959392,9.99999999551889,3.419928872671326e-07
672.7983596719343,9.999999995516221,2.3583067309452382e-07
673.1982396479295,9.999999995513551,1.2288884015308563e-07
673.5981196239247,9.999999995510883,9.289196632703483e-09
673.9979995999199,9.999999995508214,-9.95655620777053e-08
674.3978795759152,9.999999995505545,-1.9899185339021813e-07
674.7977595519104,9.999999995502876,-2.850252075177964e-07
675.1976395279056,9.999999995500207,-3.5442026747445744e-07
675.5975195039008,9.999999995497538,-4.046507890751561e-07
675.997399479896,9.99999999549487,-4.339096409358158e-07
676.3972794558912,9.9999999954922,-4.411088044733275e-07
676.7971594318864,9.999999995489532,-4.2587937390555144e-07
677.1970394078816,9.999999995486862,-3.885715562513145e-07
677.5969193838768,9.999999995484194,-3.302546713304119e-07
677.9967993598719,9.999999995481524,-2.527171517636073e-07
678.3966793358671,9.999999995478856,-1.5846654297263376e-07
678.7965593118623,9.999999995476188,-5.072950318018855e-08
679.1964392878575,9.999999995473518,6.654819659005897e-08
679.5963192638527,9.99999999547085,1.8870167251347097e-07
679.996199239848,9.99999999546818,3.1034692796448136e-07
680.3960792158432,9.999999995465512,4.253808535164453e-07
680.7959591918384,9.999999995462842,5.269812269418588e-07
681.1958391678336,9.999999995460174,6.076067132122107e-07
681.5957191438288,9.999999995457504,6.589968644980283e-07
681.995599119824,9.999999995454836,6.721721201688647e-07
682.3954790958192,9.999999995452166,6.374338067933061e-07
682.7953590718143,9.999999995449498,5.481928028665603e-07
683.1952390478095,9.999999995446828,4.157595995085249e-07
683.5951190238047,9.99999999544416,2.531933405462236e-07
683.9949989997999,9.99999999544149,7.223295167079389e-08
684.3948789757951,9.999999995438822,-1.1648542135475213e-07
684.7947589517903,9.999999995436152,-3.0342841269552784e-07
685.1946389277855,9.999999995433484,-4.801654364447719e-07
685.5945189037808,9.999999995430814,-6.393686866238912e-07
685.994398879776,9.999999995428146,-7.748131371822836e-07
686.3942788557712,9.999999995425476,-8.813765419976129e-07
686.7941588317664,9.999999995422808,-9.55039434875621e-07
687.1940388077616,9.99999999542014,-9.928851295501737e-07
687.5939187837567,9.99999999541747,-9.930997196832623e-07
687.9937987597519,9.999999995414802,-9.549720788650065e-07
688.3936787357471,9.999999995412132,-8.788938606136481e-07
688.7935587117423,9.999999995409464,-7.663594983755555e-07
689.1934386877375,9.999999995406794,-6.199662055252248e-07
689.5933186637327,9.999999995404126,-4.4341397536527273e-07
689.9931986397279,9.999999995401456,-2.415055811264477e-07
690.3930786157231,9.999999995398788,-2.0146575967615388e-08
690.7929585917184,9.999999995396118,2.1365470702429024e-07
691.1928385677136,9.99999999539345,4.5178715483401876e-07
691.5927185437088,9.99999999539078,6.850368745183784e-07
691.992598519704,9.999999995388112,9.030871932060061e-07
692.3924784956992,9.999999995385442,1.0945186580973986e-06
692.7923584716943,9.999999995382774,1.2468090364649337e-06
693.1922384476895,9.999999995380106,1.3463333156528582e-06
693.5921184236847,9.999999995377436,1.378363703077301e-06
693.9919983996799,9.999999995374768,1.3270696262262676e-06
694.3918783756751,9.999999995372098,1.1827544038316917e-06
694.7917583516703,9.99999999536943,9.96855403896848e-07
695.1916383276655,9.99999999536676,7.932891886669716e-07
695.5915183036607,9.999999995364092,5.835698708335628e-07
695.9913982796559,9.999999995361422,3.7785984234330545e-07
696.3912782556512,9.999999995358754,1.8496977439801546e-07
696.7911582316464,9.999999995356085,1.2358617454855844e-08
697.1910382076416,9.999999995353416,-1.3386639877399518e-07
697.5909181836367,9.999999995350747,-2.4894976532111767e-07
697.9907981596319,9.999999995348078,-3.2948769396390773e-07
698.3906781356271,9.999999995345409,-3.734281172245795e-07
698.7905581116223,9.99999999534274,-3.800706883701599e-07
699.1904380876175,9.999999995340072,-3.500667814124944e-07
699.5903180636127,9.999999995337403,-2.8541949110824417e-07
699.9901980396079,9.999999995334734,-1.8948363295888594e-07
700.3900780156031,9.999999995332065,-6.696574321071161e-08
700.7899579915983,9.999999995329397,7.607592114516747e-08
701.1898379675935,9.999999995326727,2.3223138237283213e-07
701.5897179435887,9.999999995324059,3.927389419915343e-07
701.989597919584,9.999999995321389,5.474851807757646e-07
702.3894778955791,9.99999999531872,6.850049587550538e-07
702.7893578715743,9.99999999531605,7.924814152142632e-07
703.1892378475695,9.999999995313383,8.557459686933839e-07
703.5891178235647,9.999999995310713,8.592783169875962e-07
703.9889977995599,9.999999995308045,7.871852397199012e-07
704.3888777755551,9.999999995305377,6.722070644073912e-07
704.7887577515503,9.999999995302707,5.438172255079266e-07
705.1886377275455,9.999999995300039,4.096300946498144e-07
705.5885177035407,9.999999995297369,2.76392784419829e-07
705.9883976795359,9.9999999952947,1.4998514836321181e-07
706.388277655531,9.999999995292033,3.541978098367067e-08
706.7881576315262,9.999999995289363,-6.315798225661893e-08
707.1880376075214,9.999999995286695,-1.4247006493701574e-07
707.5879175835167,9.999999995284025,-2.0010564967842284e-07
707.9877975595119,9.999999995281357,-2.34521178143232e-07
708.3876775355071,9.999999995278687,-2.450403510354199e-07
708.7875575115023,9.999999995276019,-2.3185412810047684e-07
709.1874374874975,9.999999995273349,-1.9602072812542686e-07
709.5873174634927,9.99999999527068,-1.394656289388267e-07
709.9871974394879,9.999999995268011,-6.49815674107653e-08
710.3870774154831,9.999999995265343,2.3771460547134165e-08
710.7869573914783,9.999999995262673,1.2226619998171613e-07
711.1868373674735,9.999999995260005,2.2510813689829035e-07
711.5867173434686,9.999999995257335,3.2603549826063855e-07
711.9865973194638,9.999999995254667,4.1791925199100267e-07
712.386477295459,9.999999995251999,4.927631069700942e-07
712.7863572714543,9.999999995249329,5.417035130371034e-07
713.1862372474495,9.999999995246661,5.550096609896448e-07
713.5861172234447,9.999999995243991,5.220834825838503e-07
713.9859971994399,9.999999995241323,4.462055633805588e-07
714.3858771754351,9.999999995238655,3.487504115075446e-07
714.7857571514303,9.999999995235985,2.3765514133170655e-07
715.1856371274255,9.999999995233317,1.1998038512600718e-07
715.5855171034207,9.999999995230647,2.038974369861669e-09
715.9853970794159,9.999999995227979,-1.1060406025086179e-07
716.385277055411,9.99999999522531,-2.1313148884384228e-07
716.7851570314062,9.999999995222641,-3.014738823103065e-07
717.1850370074014,9.999999995219971,-3.723096123450281e-07
717.5849169833966,9.999999995217303,-4.2306485143632795e-07
717.9847969593918,9.999999995214633,-4.519135728660738e-07
718.3846769353871,9.999999995211965,-4.5777755070967996e-07
718.7845569113823,9.999999995209295,-4.403263598361063e-07
719.1844368873775,9.999999995206627,-3.999773759078666e-07
719.5843168633727,9.999999995203959,-3.378957753810189e-07
719.9841968393679,9.99999999520129,-2.5599453550516827e-07
720.3840768153631,9.999999995198621,-1.56934434323466e-07
720.7839567913583,9.999999995195951,-4.412405067261047e-08
721.1838367673535,9.999999995193283,7.828023581715104e-08
721.5837167433486,9.999999995190613,2.053742447220239e-07
721.9835967193438,9.999999995187945,3.3150599482466774e-07
722.383476695339,9.999999995185275,4.502757041141972e-07
722.7833566713342,9.999999995182607,5.545357897861736e-07
723.1832366473294,9.999999995179937,6.363908682426168e-07
723.5831166233246,9.99999999517727,6.871977550919957e-07
723.9829965993199,9.9999999951746,6.975654651492252e-07
724.3828765753151,9.999999995171931,6.573552124356813e-07
724.7827565513103,9.999999995169263,5.614072480359732e-07
725.1826365273055,9.999999995166593,4.2354599376802365e-07
725.5825165033007,9.999999995163925,2.5680880946634034e-07
725.9823964792959,9.999999995161255,7.293707940363662e-08
726.382276455291,9.999999995158587,-1.1744983736921465e-07
726.7821564312862,9.99999999515592,-3.0485460702318066e-07
727.1820364072814,9.99999999515325,-4.809019209510692e-07
727.5819163832766,9.999999995150581,-6.383384957675286e-07
727.9817963592718,9.999999995147911,-7.71033073309046e-07
728.381676335267,9.999999995145243,-8.739764206339504e-07
728.7815563112622,9.999999995142574,-9.432813300224106e-07
729.1814362872574,9.999999995139905,-9.761826189764354e-07
729.5813162632527,9.999999995137236,-9.710371302198668e-07
729.9811962392479,9.999999995134567,-9.273237316983981e-07
730.3810762152431,9.999999995131898,-8.456433165795615e-07
730.7809561912383,9.99999999512923,-7.277188032527298e-07
731.1808361672335,9.99999999512656,-5.763951353291116e-07
731.5807161432286,9.999999995123892,-3.9563928164175933e-07
731.9805961192238,9.999999995121222,-1.9054023624556276e-07
732.380476095219,9.999999995118554,3.269098158274768e-08
732.7803560712142,9.999999995115886,2.6672132734459586e-07
733.1802360472094,9.999999995113216,5.030957313195753e-07
733.5801160232046,9.999999995110548,7.322370985654286e-07
733.9799959991998,9.999999995107878,9.434463089180689e-07
734.379875975195,9.99999999510521,1.1249022169915575e-06
734.7797559511903,9.99999999510254,1.263661652178162e-06
735.1796359271855,9.999999995099872,1.3456594186481738e-06
735.5795159031807,9.999999995097202,1.3557082953502004e-06
735.9793958791759,9.999999995094534,1.277499036010933e-06
736.379275855171,9.999999995091864,1.115592897598575e-06
736.7791558311662,9.999999995089194,9.243454665363178e-07
737.1790358071614,9.999999995086526,7.1873731572645e-07
737.5789157831566,9.999999995083856,5.098999447608535e-07
737.9787957591518,9.999999995081188,3.076164081631878e-07
738.378675735147,9.99999999507852,1.203213153888894e-07
738.7785557111422,9.99999999507585,-4.489916917482849e-08
739.1784356871374,9.999999995073182,-1.823073262089743e-07
739.5783156631326,9.999999995070512,-2.8751388146277926e-07
739.9781956391278,9.999999995067844,-3.574780057536987e-07
740.3780756151231,9.999999995065174,-3.905073149674126e-07
740.7779555911183,9.999999995062506,-3.862578700578037e-07
741.1778355671134,9.999999995059836,-3.45734177047009e-07
741.5777155431086,9.999999995057168,-2.7128918702537235e-07
741.9775955191038,9.999999995054498,-1.6662429615146544e-07
742.377475495099,9.99999999505183,-3.678934565207752e-08
742.7773554710942,9.99999999504916,1.1181737817777832e-07
743.1772354470894,9.999999995046492,2.7144914397486285e-07
743.5771154230846,9.999999995043822,4.330107753077182e-07
743.9769953990798,9.999999995041154,5.860586506766633e-07
744.376875375075,9.999999995038486,7.188007035137919e-07
744.7767553510702,9.999999995035816,8.180964221829787e-07
745.1766353270654,9.999999995033148,8.694568499798702e-07
745.5765153030605,9.999999995030478,8.57044585131895e-07
745.9763952790559,9.99999999502781,7.691356815957048e-07
746.376275255051,9.999999995025142,6.490977455355522e-07
746.7761552310462,9.999999995022472,5.169603991936798e-07
747.1760352070414,9.999999995019804,3.803083971316272e-07
747.5759151830366,9.999999995017134,2.4584440477418364e-07
747.9757951590318,9.999999995014466,1.1938899840938847e-07
748.375675135027,9.999999995011796,5.880665188531191e-09
748.7755551110222,9.999999995009128,-9.062419687384856e-08
749.1754350870174,9.999999995006458,-1.669512788999611e-07
749.5753150630126,9.99999999500379,-2.20808361148766e-07
749.9751950390078,9.99999999500112,-2.507853130159747e-07
750.375075015003,9.999999994998452,-2.5635409303404597e-07
750.7749549909981,9.999999994995783,-2.37868748872191e-07
751.1748349669933,9.999999994993114,-1.965654173363687e-07
751.5747149429886,9.999999994990446,-1.3456232436926875e-07
751.9745949189838,9.999999994987776,-5.485978505038588e-08
752.374474894979,9.999999994985108,3.8659796404083e-08
752.7743548709742,9.999999994982439,1.4123192664117874e-07
753.1742348469694,9.99999999497977,2.4721002317119254e-07
753.5741148229646,9.9999999949771,3.5006541436766296e-07
753.9739947989598,9.999999994974432,4.4238733946738274e-07
754.373874774955,9.999999994971763,5.15882948570392e-07
754.7737547509502,9.999999994969095,5.613773026399802e-07
755.1736347269454,9.999999994966425,5.688133735026895e-07
755.5735147029405,9.999999994963757,5.272863409188891e-07
755.9733946789357,9.999999994961088,4.4572500147271986e-07
756.3732746549309,9.999999994958419,3.435808459425851e-07
756.7731546309262,9.99999999495575,2.2870408703156059e-07
757.1730346069214,9.99999999495308,1.0818078450037602e-07
757.5729145829166,9.999999994950413,-1.1667154832784156e-08
757.9727945589118,9.999999994947743,-1.2528197709215162e-07
758.372674534907,9.999999994945075,-2.2787008134440494e-07
758.7725545109022,9.999999994942407,-3.154020195986686e-07
759.1724344868974,9.999999994939737,-3.84612496806516e-07
759.5723144628926,9.999999994937069,-4.3300037086196613e-07
759.9721944388878,9.999999994934399,-4.588286526014852e-07
760.372074414883,9.99999999493173,-4.6112450580398607e-07
760.7719543908781,9.99999999492906,-4.3967924719082996e-07
761.1718343668733,9.999999994926393,-3.9504834642582344e-07
761.5717143428685,9.999999994923723,-3.285514261152206e-07
761.9715943188637,9.999999994921055,-2.4227226180772327e-07
762.371474294859,9.999999994918385,-1.3905878199444765e-07
762.7713542708542,9.999999994915717,-2.252306810904811e-08
763.1712342468494,9.999999994913047,1.0295864547245986e-07
763.5711142228446,9.999999994910379,2.3224597143158576e-07
763.9709941988398,9.999999994907709,3.594343695073966e-07
764.370874174835,9.99999999490504,4.778551464965054e-07
764.7707541508302,9.999999994902373,5.800754562530831e-07
765.1706341268253,9.999999994899703,6.578982996888528e-07
765.5705141028205,9.999999994897035,7.023625247730918e-07
765.9703940788157,9.999999994894365,7.037428265326273e-07
766.3702740548109,9.999999994891695,6.515498323765477e-07
766.7701540308061,9.999999994889027,5.452037644682652e-07
767.1700340068013,9.999999994886359,4.003499681617079e-07
767.5699139827965,9.999999994883689,2.2956035318796043e-07
767.9697939587918,9.999999994881021,4.428409043849565e-08
768.369673934787,9.999999994878351,-1.4515238803461038e-07
768.7695539107822,9.999999994875683,-3.295453890189983e-07
769.1694338867774,9.999999994873013,-5.008139581418164e-07
769.5693138627726,9.999999994870345,-6.519998798697702e-07
769.9691938387678,9.999999994867675,-7.772676775091235e-07
770.3690738147629,9.999999994865007,-8.719046132056977e-07
770.7689537907581,9.999999994862337,-9.323206879448734e-07
771.1688337667533,9.99999999485967,-9.560486415515887e-07
771.5687137427485,9.999999994857,-9.417439526903393e-07
771.9685937187437,9.999999994854331,-8.891848388651776e-07
772.3684736947389,9.999999994851661,-7.992722564197176e-07
772.7683536707341,9.999999994848993,-6.740299005371301e-07
773.1682336467293,9.999999994846325,-5.166042052401397e-07
773.5681136227246,9.999999994843655,-3.312643433909786e-07
773.9679935987198,9.999999994840987,-1.2340222669159762e-07
774.367873574715,9.999999994838317,1.0046749431665137e-07
774.7677535507102,9.99999999483565,3.327074302528057e-07
775.1676335267053,9.99999999483298,5.645574528963501e-07
775.5675135027005,9.999999994830311,7.861346951872066e-07
775.9673934786957,9.999999994827641,9.86433551225737e-07
776.3672734546909,9.999999994824973,1.1533256762727518e-06
776.7671534306861,9.999999994822304,1.2735599867495054e-06
777.1670334066813,9.999999994819635,1.3327626602376857e-06
777.5669133826765,9.999999994816966,1.3154371354794264e-06
777.9667933586717,9.999999994814297,1.2052022205225201e-06
778.3666733346669,9.999999994811628,1.0326007337998597e-06
778.7665533106622,9.99999999480896,8.373175569988352e-07
779.1664332866574,9.99999999480629,6.313418950029903e-07
779.5663132626526,9.999999994803622,4.253244490932856e-07
779.9661932386477,9.999999994800952,2.285774169483195e-07
780.3660732146429,9.999999994798284,4.9074492644274744e-08
780.7659531906381,9.999999994795616,-1.0654913334508037e-07
781.1658331666333,9.999999994792946,-2.329967741483954e-07
781.5657131426285,9.999999994790278,-3.2631024649673343e-07
781.9655931186237,9.999999994787608,-3.838698707235726e-07
782.3654730946189,9.99999999478494,-4.04394470764808e-07
782.7653530706141,9.99999999478227,-3.8794137415875015e-07
783.1652330466093,9.999999994779602,-3.3590641204612264e-07
783.5651130226045,9.999999994776932,-2.5102391917006945e-07
783.9649929985997,9.999999994774264,-1.3736673387614322e-07
784.364872974595,9.999999994771594,-3.4619811227771e-10
784.7647529505902,9.999999994768926,1.5328784257106329e-07
785.1646329265853,9.999999994766256,3.154470390211114e-07
785.5645129025805,9.999999994763588,4.7670453848264697e-07
785.9643928785757,9.999999994760918,6.262949845980373e-07
786.3642728545709,9.99999999475825,7.521145174072354e-07
786.7641528305661,9.99999999475558,8.40720773347772e-07
787.1640328065613,9.999999994752912,8.773328852547649e-07
787.5639127825565,9.999999994750244,8.458314823609236e-07
787.9637927585517,9.999999994747574,7.438642027909293e-07
788.3636727345469,9.999999994744906,6.188280872486015e-07
788.7635527105421,9.999999994742236,4.832306732476047e-07
789.1634326865372,9.999999994739568,3.445903892636615e-07
789.5633126625324,9.999999994736898,2.095301594727925e-07
789.9631926385277,9.99999999473423,8.377740375128458e-08
790.3630726145229,9.99999999473156,-2.783596232417029e-08
790.7629525905181,9.999999994728892,-1.2137352747669015e-07
791.1628325665133,9.999999994726224,-1.9379438472905673e-07
791.5627125425085,9.999999994723554,-2.429531314037521e-07
791.9625925185037,9.999999994720886,-2.6759986912295884e-07
792.3624724944989,9.999999994718216,-2.673802038085611e-07
792.7623524704941,9.999999994715548,-2.428352456821423e-07
793.1622324464893,9.999999994712878,-1.9540160926498788e-07
793.5621124224845,9.99999999471021,-1.2741141337808178e-07
793.9619923984797,9.99999999470754,-4.209228114211121e-08
794.3618723744748,9.999999994704872,5.643266002253785e-08
794.76175235047,9.999999994702202,1.631447783957772e-07
795.1616323264652,9.999999994699534,2.721299379578189e-07
795.5615123024605,9.999999994696864,3.765784983892056e-07
795.9613922784557,9.999999994694196,4.68785315070686e-07
796.3612722544509,9.999999994691526,5.401497390833968e-07
796.7611522304461,9.999999994688858,5.811756172087514e-07
797.1610322064413,9.99999999468619,5.814712919284598e-07
797.5609121824365,9.99999999468352,5.304317477813494e-07
797.9607921584317,9.999999994680852,4.4292370601775296e-07
798.3606721344269,9.999999994678182,3.3578079226562733e-07
798.760552110422,9.999999994675514,2.1689763728756683e-07
799.1604320864172,9.999999994672844,9.338695489820695e-08
799.5603120624124,9.999999994670176,-2.842045803577476e-08
799.9601920384076,9.999999994667506,-1.4297572159566021e-07
800.3600720144028,9.999999994664838,-2.455118728106895e-07
800.7599519903981,9.999999994662168,-3.3204386565808355e-07
801.1598319663933,9.9999999946595,-3.9936857106294965e-07
801.5597119423885,9.999999994656832,-4.4506477689843155e-07
801.9595919183837,9.999999994654162,-4.674931879856042e-07
802.3594718943789,9.999999994651494,-4.657964260935011e-07
802.7593518703741,9.999999994648824,-4.3989902993911463e-07
803.1592318463693,9.999999994646156,-3.905074551873955e-07
803.5591118223645,9.999999994643487,-3.1911007445125326e-07
803.9589917983596,9.999999994640818,-2.2797717729155582e-07
804.3588717743548,9.999999994638149,-1.2016097021713077e-07
804.75875175035,9.99999999463548,5.044233152367463e-10
805.1586317263452,9.99999999463281,1.2940296290080295e-07
805.5585117023404,9.999999994630143,2.61136691186864e-07
805.9583916783356,9.999999994627473,3.895257338727598e-07
806.3582716543309,9.999999994624805,5.076082997099023e-07
806.7581516303261,9.999999994622135,6.076406805016421e-07
807.1580316063213,9.999999994619467,6.810972511034777e-07
807.5579115823165,9.999999994616799,7.186704694229128e-07
807.9577915583117,9.999999994614129,7.102708764194929e-07
808.3576715343069,9.99999999461146,6.453567303109111e-07
808.757551510302,9.999999994608793,5.291909233501076e-07
809.1574314862972,9.999999994606123,3.77566836687423e-07
809.5573114622924,9.999999994603455,2.028030106053789e-07
809.9571914382876,9.999999994600785,1.609096733441252e-08
810.3570714142828,9.999999994598117,-1.7250478894712254e-07
810.756951390278,9.999999994595447,-3.540467721129567e-07
811.1568313662732,9.999999994592779,-5.207245140889043e-07
811.5567113422684,9.999999994590109,-6.658545648528639e-07
811.9565913182637,9.99999999458744,-7.83880492434847e-07
812.3564712942589,9.99999999458477,-8.703728829168524e-07
812.7563512702541,9.999999994582103,-9.22029340433068e-07
813.1562312462493,9.999999994579433,-9.366744871697271e-07
813.5561112222445,9.999999994576765,-9.132599633651508e-07
813.9559911982396,9.999999994574095,-8.518644273097391e-07
814.3558711742348,9.999999994571427,-7.536935553459798e-07
814.75575115023,9.999999994568759,-6.210800418684423e-07
815.1556311262252,9.999999994566089,-4.5748359932378e-07
815.5555111022204,9.99999999456342,-2.6749095821073344e-07
815.9553910782156,9.999999994560751,-5.6815867080124544e-08
816.3552710542108,9.999999994558083,1.6770090746514095e-07
816.755151030206,9.999999994555413,3.9809158077007376e-07
817.1550310062012,9.999999994552745,6.252613501275964e-07
817.5549109821965,9.999999994550075,8.389883947786191e-07
817.9547909581917,9.999999994547407,1.027923875911758e-06
818.3546709341869,9.999999994544737,1.1795919366637675e-06
818.754550910182,9.999999994542069,1.2803897021192264e-06
819.1544308861772,9.9999999945394,1.315587279310648e-06
819.5543108621724,9.999999994536731,1.2693277572184422e-06
819.9541908381676,9.999999994534063,1.1315770680748622e-06
820.3540708141628,9.999999994531393,9.516682056150875e-07
820.753950790158,9.999999994528725,7.530969498500671e-07
821.1538307661532,9.999999994526055,5.473785665296383e-07
821.5537107421484,9.999999994523387,3.44697456924441e-07
821.9535907181436,9.999999994520719,1.5390715782591974e-07
822.3534706941388,9.999999994518049,-1.746965845367835e-08
822.7533506701341,9.999999994515381,-1.6324118408133896e-07
823.1532306461293,9.999999994512711,-2.785464757031236e-07
823.5531106221244,9.999999994510043,-3.5985545444442074e-07
823.9529905981196,9.999999994507373,-4.04968905909769e-07
824.3528705741148,9.999999994504705,-4.130184801829022e-07
824.75275055011,9.999999994502035,-3.8446669182675356e-07
825.1526305261052,9.999999994499367,-3.2110691988344985e-07
825.5525105021004,9.999999994496697,-2.2606340787431776e-07
825.9523904780956,9.99999999449403,-1.037912637998758e-07
826.3522704540908,9.99999999449136,3.992353986015791e-08
826.752150430086,9.999999994488691,1.9796416614686692e-07
827.1520304060812,9.999999994486021,3.6188291362214394e-07
827.5519103820764,9.999999994483353,5.219012163686796e-07
827.9517903580715,9.999999994480685,6.669096439899738e-07
828.3516703340669,9.999999994478015,7.844679016103498e-07
828.751550310062,9.999999994475347,8.608048298748449e-07
829.1514302860572,9.999999994472677,8.808184049494036e-07
829.5513102620524,9.99999999447001,8.280757385207349e-07
829.9511902380476,9.99999999446734,7.156733297666853e-07
830.3510702140428,9.999999994464671,5.857784258464246e-07
830.750950190038,9.999999994462001,4.470155990354283e-07
831.1508301660332,9.999999994459333,3.068091501780668e-07
831.5507101420284,9.999999994456664,1.7167517725251306e-07
831.9505901180236,9.999999994453995,4.7221575370741945e-08
832.3504700940188,9.999999994451326,-6.185196322146948e-08
832.750350070014,9.999999994448658,-1.51753949144543e-07
833.1502300460091,9.999999994445988,-2.196010958850962e-07
833.5501100220043,9.99999999444332,-2.6341831979594696e-07
833.9499899979996,9.99999999444065,-2.8213874009611076e-07
834.3498699739948,9.999999994437982,-2.7560367887078974e-07
834.74974994999,9.999999994435312,-2.4456266107140385e-07
835.1496299259852,9.999999994432644,-1.90673414515562e-07
835.5495099019804,9.999999994429976,-1.1650186988707036e-07
835.9493898779756,9.999999994427306,-2.5522160735933492e-08
836.3492698539708,9.999999994424638,7.788337652164786e-08
836.749149829966,9.999999994421968,1.8842420260326945e-07
837.1490298059612,9.9999999944193,2.9990157536033795e-07
837.5489097819564,9.99999999441663,4.0520854977805433e-07
837.9487897579515,9.999999994413962,4.96329977975425e-07
838.3486697339467,9.999999994411292,5.643425092052609e-07
838.7485497099419,9.999999994408624,5.994145898541679e-07
839.1484296859371,9.999999994405954,5.908064634425614e-07
839.5483096619324,9.999999994403286,5.294526133179353e-07
839.9481896379276,9.999999994400616,4.35708387845477e-07
840.3480696139228,9.999999994397948,3.235458017402731e-07
840.747949589918,9.999999994395278,2.008644470636723e-07
841.1478295659132,9.99999999439261,7.476570705184849e-08
841.5477095419084,9.99999999438994,-4.84472438841999e-08
841.9475895179036,9.999999994387272,-1.6326944015864936e-07
842.3474694938988,9.999999994384602,-2.6499412501085184e-07
842.747349469894,9.999999994381934,-3.497127505053337e-07
843.1472294458891,9.999999994379266,-4.143149775317976e-07
843.5471094218843,9.999999994376596,-4.5648867580512037e-07
843.9469893978795,9.999999994373928,-4.7471992386535495e-07
844.3468693738747,9.999999994371258,-4.682930090777284e-07
844.74674934987,9.99999999436859,-4.372904276326306e-07
845.1466293258652,9.99999999436592,-3.825928845456585e-07
845.5465093018604,9.999999994363252,-3.058792936575585e-07
845.9463892778556,9.999999994360582,-2.0962677763425998e-07
846.3462692538508,9.999999994357914,-9.711066796686612e-08
846.746149229846,9.999999994355244,2.759549502834577e-08
847.1460292058412,9.999999994352576,1.5961996220991972e-07
847.5459091818364,9.999999994349906,2.932927756112259e-07
847.9457891578315,9.999999994347238,4.2214576844046407e-07
848.3456691338267,9.999999994344568,5.389125650806517e-07
848.7455491098219,9.9999999943419,6.355285810896384e-07
849.1454290858171,9.999999994339232,7.031310232000893e-07
849.5453090618123,9.999999994336562,7.320588893195035e-07
849.9451890378075,9.999999994333894,7.118529685301997e-07
850.3450690138028,9.999999994331224,6.330258373241115e-07
850.744948989798,9.999999994328556,5.07026924924352e-07
851.1448289657932,9.999999994325886,3.4883158030209456e-07
851.5447089417884,9.999999994323218,1.7047228744522207e-07
851.9445889177836,9.999999994320548,-1.714865020171803e-08
852.3444688937788,9.99999999431788,-2.0425910973751455e-07
852.744348869774,9.99999999431521,-3.822171488042911e-07
853.1442288457691,9.999999994312542,-5.435110055875082e-07
853.5441088217643,9.999999994309873,-6.817590988159609e-07
853.9439887977595,9.999999994307204,-7.917100277617808e-07
854.3438687737547,9.999999994304535,-8.692425722404345e-07
854.7437487497499,9.999999994301866,-9.113656926107257e-07
855.1436287257451,9.999999994299198,-9.162185297747925e-07
855.5435087017403,9.999999994296529,-8.830704051781096e-07
855.9433886777356,9.99999999429386,-8.123208208094604e-07
856.3432686537308,9.99999999429119,-7.054994592010345e-07
856.743148629726,9.999999994288522,-5.652661834282945e-07
857.1430286057212,9.999999994285853,-3.9541103711006004e-07
857.5429085817163,9.999999994283185,-2.0085424440848724e-07
857.9427885577115,9.999999994280515,1.235378997093794e-08
858.3426685337067,9.999999994277847,2.3703248077939111e-07
858.7425485097019,9.999999994275177,4.648710622247112e-07
859.1424284856971,9.999999994272509,6.864285879714044e-07
859.5423084616923,9.999999994269839,8.911339311406341e-07
859.9421884376875,9.99999999426717,1.0672857843102297e-06
860.3420684136827,9.9999999942645,1.2020526595146977e-06
860.7419483896779,9.999999994261833,1.2814728882451922e-06
861.1418283656731,9.999999994259163,1.29045462144954e-06
861.5417083416684,9.999999994256495,1.2127758295321954e-06
861.9415883176636,9.999999994253825,1.0459945445131446e-06
862.3414682936587,9.999999994251157,8.246100950649024e-07
862.7413482696539,9.999999994248487,5.680766811699113e-07
863.1412282456491,9.999999994245819,2.932702902178626e-07
863.5411082216443,9.999999994243149,1.5319596571827097e-08
863.9409881976395,9.999999994240481,-2.523940384317421e-07
864.3408681736347,9.999999994237813,-4.982365664830129e-07
864.7407481496299,9.999999994235143,-7.123212522987694e-07
865.1406281256251,9.999999994232475,-8.865086736224181e-07
865.5405081016203,9.999999994229805,-1.0144067212239817e-06
865.9403880776155,9.999999994227137,-1.0913705989001041e-06
866.3402680536107,9.999999994224467,-1.1145028234740492e-06
866.740148029606,9.999999994221799,-1.082653224795678e-06
867.1400280056012,9.999999994219129,-9.964189457415114e-07
867.5399079815963,9.999999994216461,-8.581444422146692e-07
867.9397879575915,9.999999994213791,-6.719214831448905e-07
868.3396679335867,9.999999994211123,-4.4358915048853123e-07
868.7395479095819,9.999999994208453,-1.807338392285719e-07
869.1394278855771,9.999999994205785,1.0731074262539388e-07
869.5393078615723,9.999999994203115,4.094635740371467e-07
869.9391878375675,9.999999994200447,7.128963209438541e-07
870.3390678135627,9.999999994197779,1.0030333362560635e-06
870.7389477895579,9.99999999419511,1.2635516598577017e-06
871.1388277655531,9.999999994192441,1.476381018606074e-06
871.5387077415483,9.999999994189771,1.6217038263318658e-06
871.9385877175434,9.999999994187103,1.6779551838391507e-06
872.3384676935387,9.999999994184433,1.6218228789053538e-06
872.7383476695339,9.999999994181763,1.4410590400418118e-06
873.1382276455291,9.999999994179095,1.2073731214673442e-06
873.5381076215243,9.999999994176427,9.499128288829791e-07
873.9379875975195,9.999999994173757,6.83566279297516e-07
874.3378675735147,9.99999999417109,4.21497684180544e-07
874.7377475495099,9.99999999416842,1.7514734946244054e-07
875.1376275255051,9.999999994165751,-4.5768324465628544e-08
875.5375075015003,9.999999994163081,-2.3325684275170923e-07
875.9373874774955,9.999999994160413,-3.8104961608305563e-07
876.3372674534907,9.999999994157744,-4.846019606861381e-07
876.7371474294858,9.999999994155075,-5.410930983266341e-07
877.137027405481,9.999999994152406,-5.494261563094336e-07
877.5369073814762,9.999999994149738,-5.102281674786405e-07
877.9367873574715,9.999999994147068,-4.2585007021753453e-07
878.3366673334667,9.9999999941444,-3.003667084486908e-07
878.7365473094619,9.99999999414173,-1.3957683163382695e-07
879.1364272854571,9.999999994139062,4.899690522611097e-08
879.5363072614523,9.999999994136394,2.5610794159096184e-07
879.9361872374475,9.999999994133724,4.7078581138135953e-07
880.3360672134427,9.999999994131056,6.803361429787169e-07
880.7359471894379,9.999999994128386,8.703406592252493e-07
881.135827165433,9.999999994125718,1.0246571774239494e-06
881.5357071414282,9.999999994123048,1.125419609338605e-06
881.9355871174234,9.99999999412038,1.1530379611937882e-06
882.3354670934186,9.99999999411771,1.0861983336748596e-06
882.7353470694138,9.999999994115042,9.423204608142737e-07
883.135227045409,9.999999994112372,7.802462008182186e-07
883.5351070214043,9.999999994109704,6.101922979418573e-07
883.9349869973995,9.999999994107034,4.4065979962772843e-07
884.3348669733947,9.999999994104366,2.790595759116283e-07
884.7347469493899,9.999999994101696,1.3171231942280343e-07
885.1346269253851,9.999999994099028,3.848545383905071e-09
885.5345069013803,9.99999999409636,-1.0039140838901247e-07
885.9343868773755,9.99999999409369,-1.7795738148649138e-07
886.3342668533707,9.999999994091022,-2.2688939090567002e-07
886.7341468293658,9.999999994088352,-2.4631763105028346e-07
887.134026805361,9.999999994085684,-2.3646247373066323e-07
887.5339067813562,9.999999994083014,-1.986344681637359e-07
887.9337867573514,9.999999994080346,-1.352343409730266e-07
888.3336667333466,9.999999994077676,-4.975299618865488e-08
888.7335467093419,9.999999994075008,5.322848475269165e-08
889.1334266853371,9.999999994072338,1.6803884300764214e-07
889.5333066613323,9.99999999406967,2.879166423263127e-07
889.9331866373275,9.999999994067,4.0501026905219493e-07
890.3330666133227,9.999999994064332,5.103779321221883e-07
890.7329465893179,9.999999994061662,5.939876630665936e-07
891.132826565313,9.999999994058994,6.44717316009115e-07
891.5327065413082,9.999999994056326,6.503545676668602e-07
891.9325865173034,9.999999994053656,5.980224449635115e-07
892.3324664932986,9.999999994050986,5.070682496341671e-07
892.7323464692938,9.999999994048318,4.0003506999545094e-07
893.132226445289,9.999999994045648,2.842012802096138e-07
893.5321064212842,9.99999999404298,1.6608119426359475e-07
893.9319863972794,9.99999999404031,5.1425065969020855e-08
894.3318663732747,9.999999994037642,-5.4780911037821385e-08
894.7317463492699,9.999999994034974,-1.4831460329586708e-07
895.1316263252651,9.999999994032304,-2.2571793751945743e-07
895.5315063012603,9.999999994029636,-2.842969005982124e-07
895.9313862772555,9.999999994026966,-3.221215395970652e-07
896.3312662532506,9.999999994024298,-3.380259617562607e-07
896.7311462292458,9.999999994021628,-3.316083344913551e-07
897.131026205241,9.99999999401896,-3.0323088539321697e-07
897.5309061812362,9.99999999401629,-2.540199022280267e-07
897.9307861572314,9.999999994013622,-1.85865732937277e-07
898.3306661332266,9.999999994010953,-1.0142278563777183e-07
898.7305461092218,9.999999994008284,-4.109528621627246e-09
899.130426085217,9.999999994005615,1.0189150964372782e-07
899.5303060612122,9.999999994002946,2.1163374051555572e-07
899.9301860372075,9.999999994000277,3.194065151758301e-07
900.3300660132027,9.999999993997609,4.187351246311278e-07
900.7299459891979,9.99999999399494,5.023807997128033e-07
901.129825965193,9.99999999399227,5.62340711076868e-07
901.5297059411882,9.999999993989602,5.898479692040215e-07
901.9295859171834,9.999999993986933,5.75371624399655e-07
902.3294658931786,9.999999993984265,5.108629142681142e-07
902.7293458691738,9.999999993981596,4.094637459275034e-07
903.129225845169,9.999999993978927,2.836410508781345e-07
903.5291058211642,9.999999993976258,1.4279072614380206e-07
903.9289857971594,9.999999993973589,-4.586136645416371e-09
904.3288657731546,9.99999999397092,-1.5088325125315996e-07
904.7287457491498,9.99999999396825,-2.8938913683678577e-07
905.128625725145,9.999999993965583,-4.1428711794736756e-07
905.5285057011403,9.999999993962913,-5.206553245297226e-07
905.9283856771355,9.999999993960245,-6.04466691922298e-07
906.3282656531306,9.999999993957575,-6.625889608573513e-07
906.7281456291258,9.999999993954907,-6.927846774608248e-07
907.128025605121,9.999999993952237,-6.937111932523786e-07
907.5279055811162,9.999999993949569,-6.649206651453882e-07
907.9277855571114,9.9999999939469,-6.068600554469462e-07
908.3276655331066,9.99999999394423,-5.20871131857865e-07
908.7275455091018,9.999999993941563,-4.091904674726703e-07
909.127425485097,9.999999993938893,-2.7494944077960647e-07
909.5273054610922,9.999999993936225,-1.221742356606354e-07
909.9271854370874,9.999999993933555,4.4214158608563254e-08
910.3270654130826,9.999999993930887,2.1839994735859417e-07
910.7269453890779,9.999999993928217,3.936725305263952e-07
911.126825365073,9.999999993925549,5.624265026550308e-07
911.5267053410682,9.999999993922879,7.161616528940105e-07
911.9265853170634,9.99999999392021,8.454829649990633e-07
912.3264652930586,9.999999993917541,9.401006173322142e-07
912.7263452690538,9.999999993914873,9.88829982861763e-07
913.126225245049,9.999999993912203,9.795916291622906e-07
913.5261052210442,9.999999993909535,8.994478745870404e-07
913.9259851970394,9.999999993906867,7.50390460383886e-07
914.3258651730346,9.999999993904197,5.530593160725792e-07
914.7257451490298,9.999999993901529,3.2392120585628883e-07
915.125625125025,9.999999993898859,7.793862326795586e-08
915.5255051010201,9.999999993896191,-1.7143020882970568e-07
915.9253850770153,9.999999993893521,-4.122313382442085e-07
916.3252650530106,9.999999993890853,-6.340150834533519e-07
916.7251450290058,9.999999993888183,-8.278360336049756e-07
917.125025005001,9.999999993885515,-9.8625304851734e-07
917.5249049809962,9.999999993882845,-1.103329258678868e-06
917.9247849569914,9.999999993880177,-1.1746320652482074e-06
918.3246649329866,9.999999993877507,-1.1972331400542367e-06
918.7245449089818,9.99999999387484,-1.1697084255960568e-06
919.124424884977,9.99999999387217,-1.0921381350429986e-06
919.5243048609722,9.999999993869501,-9.661067522346202e-07
919.9241848369674,9.999999993866831,-7.947030316807071e-07
920.3240648129625,9.999999993864163,-5.825199985612706e-07
920.7239447889577,9.999999993861495,-3.3565494872655296e-07
921.1238247649529,9.999999993858825,-6.17094486970134e-08
921.5237047409481,9.999999993856157,2.3021066433665247e-07
921.9235847169434,9.999999993853487,5.294952825136063e-07
922.3234646929386,9.99999999385082,8.240300273025264e-07
922.7233446689338,9.99999999384815,1.100196249502125e-06
923.123224644929,9.999999993845481,1.3428710292408002e-06
923.5231046209242,9.999999993842811,1.5354271759767208e-06
923.9229845969194,9.999999993840143,1.6597332284978286e-06
924.3228645729146,9.999999993837474,1.6961534549218491e-06
924.7227445489098,9.999999993834805,1.6235478526962553e-06
925.122624524905,9.999999993832137,1.432270891581172e-06
925.5225045009001,9.999999993829467,1.1804565778057213e-06
925.9223844768953,9.9999999938268,8.950261019183293e-07
926.3222644528905,9.99999999382413,5.938724403355867e-07
926.7221444288857,9.999999993821461,2.9293092906160306e-07
927.1220244048809,9.999999993818792,6.179263688006634e-09
927.5219043808762,9.999999993816123,-2.54362500606123e-07
927.9217843568714,9.999999993813454,-4.786319490539695e-07
928.3216643328666,9.999999993810786,-6.58524307301427e-07
928.7215443088618,9.999999993808117,-7.878924414067879e-07
929.121424284857,9.999999993805448,-8.625468578408319e-07
929.5213042608522,9.99999999380278,-8.802557034868144e-07
929.9211842368474,9.99999999380011,-8.407447656404731e-07
930.3210642128425,9.999999993797442,-7.456974720100291e-07
930.7209441888377,9.999999993794772,-5.987548907161815e-07
931.1208241648329,9.999999993792104,-4.0551573029211166e-07
931.5207041408281,9.999999993789434,-1.73536339683478e-07
931.9205841168233,9.999999993786766,8.766929175156949e-08
932.3204640928185,9.999999993784096,3.6662953424241426e-07
932.7203440688138,9.999999993781428,6.499151176060291e-07
933.120224044809,9.999999993778758,9.221391312466604e-07
933.5201040208042,9.99999999377609,1.1659570241563285e-06
933.9199839967994,9.99999999377342,1.3620666049144765e-06
934.3198639727946,9.999999993770752,1.4892080416880829e-06
934.7197439487898,9.999999993768084,1.524163862231633e-06
935.119623924785,9.999999993765414,1.4417589538871416e-06
935.5195039007801,9.999999993762744,1.2565695688071043e-06
935.9193838767753,9.999999993760076,1.046831005348687e-06
936.3192638527705,9.999999993757406,8.269480876232056e-07
936.7191438287657,9.999999993754738,6.078091550120374e-07
937.1190238047609,9.999999993752068,3.9890056256381544e-07
937.5189037807561,9.9999999937494,2.083066809944267e-07
937.9187837567513,9.99999999374673,4.270989668701353e-08
938.3186637327466,9.999999993744062,-9.26093883080601e-08
938.7185437087418,9.999999993741392,-1.9377275627306438e-07
939.118423684737,9.999999993738724,-2.583037738231362e-07
939.5183036607322,9.999999993736056,-2.851279919061131e-07
939.9181836367273,9.999999993733386,-2.7457294580257843e-07
940.3180636127225,9.999999993730718,-2.2836815512586126e-07
940.7179435887177,9.999999993728048,-1.4964512382203543e-07
941.1178235647129,9.99999999372538,-4.293734016991965e-08
941.5177035407081,9.99999999372271,8.581972321892282e-08
941.9175835167033,9.999999993720042,2.2928860940018426e-07
942.3174634926985,9.999999993717372,3.7872987709680817e-07
942.7173434686937,9.999999993714704,5.24002100698996e-07
943.1172234446889,9.999999993712034,6.535618702642056e-07
943.5171034206841,9.999999993709366,7.544637915171458e-07
943.9169833966794,9.999999993706696,8.123604858497919e-07
944.3168633726746,9.999999993704028,8.115025903213329e-07
944.7167433486698,9.999999993701358,7.37148852816445e-07
945.1166233246649,9.99999999369869,6.261365976883829e-07
945.5165033006601,9.99999999369602,5.027691462012666e-07
945.9163832766553,9.999999993693352,3.7429239518308046e-07
946.3162632526505,9.999999993690682,2.4712180664328493e-07
946.7161432286457,9.999999993688014,1.2684240777281644e-07
947.1160232046409,9.999999993685345,1.8208790944086836e-08
947.5159031806361,9.999999993682676,-7.485488628901627e-08
947.9157831566313,9.999999993680007,-1.4925490119112968e-07
948.3156631326265,9.999999993677338,-2.0272796584541352e-07
948.7155431086217,9.99999999367467,-2.3384122715355282e-07
949.1154230846169,9.999999993672,-2.4199226683575775e-07
949.5153030606122,9.999999993669332,-2.2740910143075375e-07
949.9151830366073,9.999999993666663,-1.9115018229580771e-07
950.3150630126025,9.999999993663995,-1.3510439560669968e-07
950.7149429885977,9.999999993661325,-6.199106235773799e-08
951.1148229645929,9.999999993658657,2.46400616382479e-08
951.5147029405881,9.999999993655987,1.204087857499032e-07
951.9145829165833,9.999999993653319,2.2010448452734819e-07
952.3144628925785,9.999999993650649,3.1768609770218037e-07
952.7143428685737,9.99999999364798,4.062821301874699e-07
953.1142228445689,9.99999999364531,4.781906520777664e-07
953.5141028205641,9.999999993642643,5.248792986490944e-07
953.9139827965593,9.999999993639973,5.369852703589498e-07
954.3138627725544,9.999999993637305,5.043153328463127e-07
954.7137427485497,9.999999993634637,4.2988090420179404e-07
955.1136227245449,9.999999993631967,3.3342261245716626e-07
955.5135027005401,9.999999993629299,2.228672723683897e-07
955.9133826765353,9.999999993626629,1.0531450464144472e-07
956.3132626525305,9.99999999362396,-1.2879001406619089e-08
956.7131426285257,9.99999999362129,-1.260994878476842e-07
957.1130226045209,9.999999993618623,-2.2947612814256432e-07
957.5129025805161,9.999999993615953,-3.18881027141004e-07
957.9127825565113,9.999999993613285,-3.909292210816805e-07
958.3126625325065,9.999999993610615,-4.4297867759220095e-07
958.7125425085017,9.999999993607947,-4.73130295689105e-07
959.1124224844968,9.999999993605279,-4.802279057778632e-07
959.512302460492,9.999999993602609,-4.638582696528776e-07
959.9121824364872,9.99999999359994,-4.243510804974815e-07
960.3120624124825,9.999999993597271,-3.627789628839198e-07
960.7119423884777,9.999999993594603,-2.809574727734238e-07
961.1118223644729,9.999999993591933,-1.8144509751610753e-07
961.5117023404681,9.999999993589265,-6.754325585103061e-08
961.9115823164633,9.999999993586595,5.67037020938169e-08
962.3114622924585,9.999999993583927,1.8650849480151407e-07
962.7113422684537,9.999999993581257,3.163409093662028e-07
963.1112222444489,9.999999993578589,4.399278014931035e-07
963.5111022204441,9.99999999357592,5.502530954984963e-07
963.9109821964392,9.999999993573251,6.395577843097344e-07
964.3108621724344,9.999999993570581,6.993399294652409e-07
964.7107421484296,9.999999993567913,7.203546611144986e-07
965.1106221244248,9.999999993565245,6.926141780180736e-07
965.51050210042,9.999999993562575,6.074329613522316e-07
965.9103820764153,9.999999993559907,4.739870384606604e-07
966.3102620524105,9.999999993557237,3.065489856458774e-07
966.7101420284057,9.99999999355457,1.1773302822589268e-07
967.1100220044009,9.9999999935519,-8.101609171763848e-08
967.5099019803961,9.999999993549231,-2.794231153394468e-07
967.9097819563913,9.999999993546561,-4.68382267030649e-07
968.3096619323865,9.999999993543893,-6.399572544187491e-07
968.7095419083817,9.999999993541223,-7.873812683676363e-07
969.1094218843768,9.999999993538555,-9.050569829775868e-07
969.509301860372,9.999999993535885,-9.885565555852627e-07
969.9091818363672,9.999999993533217,-1.034621626763713e-06
970.3090618123624,9.99999999353055,-1.0411633203223714e-06
970.7089417883576,9.99999999352788,-1.007262243307061e-06
971.1088217643529,9.999999993525211,-9.331684859999611e-07
971.5087017403481,9.999999993522541,-8.203016219197086e-07
971.9085817163433,9.999999993519873,-6.712507078212677e-07
972.3084616923385,9.999999993517203,-4.897742836960056e-07
972.7083416683337,9.999999993514535,-2.80800372771677e-07
973.1082216443289,9.999999993511866,-5.042648151242084e-08
973.508101620324,9.999999993509197,1.9408040038124256e-07
973.9079815963192,9.999999993506528,4.442837999723931e-07
974.3078615723144,9.99999999350386,6.905777610877397e-07
974.7077415483096,9.99999999350119,9.221868443175971e-07
975.1076215243048,9.999999993498522,1.1271661270158874e-06
975.5075015003,9.999999993495852,1.292401203300162e-06
975.9073814762952,9.999999993493184,1.4036081840515678e-06
976.3072614522904,9.999999993490515,1.4453336969148873e-06
976.7071414282857,9.999999993487846,1.4009548862984688e-06
977.1070214042809,9.999999993485176,1.2573998093341834e-06
977.5069013802761,9.999999993482508,1.0661770814947975e-06
977.9067813562713,9.999999993479838,8.565138518444523e-07
978.3066613322665,9.99999999347717,6.402551001346564e-07
978.7065413082616,9.999999993474502,4.278556237110426e-07
979.1064212842568,9.999999993471832,2.2838003751336794e-07
979.506301260252,9.999999993469164,4.95027740755147e-08
979.9061812362472,9.999999993466494,-1.0249191647451164e-07
980.3060612122424,9.999999993463826,-2.227099664145798e-07
980.7059411882376,9.999999993461156,-3.0764749042843554e-07
981.1058211642328,9.999999993458488,-3.551907856056988e-07
981.505701140228,9.999999993455818,-3.646163314418659e-07
981.9055811162232,9.99999999345315,-3.3659078983830896e-07
982.3054610922185,9.99999999345048,-2.7317100510225186e-07
982.7053410682137,9.999999993447812,-1.778040039468537e-07
983.1052210442089,9.999999993445142,-5.532699549110262e-08
983.505101020204,9.999999993442474,8.803262874012853e-08
983.9049809961992,9.999999993439804,2.4465729481608983e-07
984.3048609721944,9.999999993437136,4.0553924640015576e-07
984.7047409481896,9.999999993434468,5.602805447498233e-07
985.1046209241848,9.999999993431798,6.970930687167197e-07
985.50450090018,9.99999999342913,8.027985147465896e-07
985.9043808761752,9.99999999342646,8.628283968793045e-07
986.3042608521704,9.999999993423792,8.612240467488634e-07
986.7041408281656,9.999999993421122,7.829256326064648e-07
987.1040208041608,9.999999993418454,6.665913741846523e-07
987.503900780156,9.999999993415784,5.382512097398379e-07
987.9037807561513,9.999999993413116,4.052662882976499e-07
988.3036607321465,9.999999993410446,2.741423558264191e-07
988.7035407081416,9.999999993407778,1.5052975523694976e-07
989.1034206841368,9.999999993405108,3.922342638267121e-08
989.503300660132,9.99999999340244,-5.583709394039921e-08
989.9031806361272,9.99999999339977,-1.3156767199365634e-07
990.3030606121224,9.999999993397102,-1.8573957709590707e-07
990.7029405881176,9.999999993394432,-2.169794816233705e-07
991.1028205641128,9.999999993391764,-2.247694610096776e-07
991.502700540108,9.999999993389096,-2.094469937458724e-07
991.9025805161032,9.999999993386426,-1.7220496138040918e-07
992.3024604920984,9.999999993383758,-1.1509164851915661e-07
992.7023404680936,9.999999993381088,-4.101074282539402e-08
993.1022204440889,9.99999999337842,4.627866498021415e-08
993.502100420084,9.99999999337575,1.4216208111950976e-07
993.9019803960792,9.999999993373082,2.4116960875700403e-07
994.3018603720744,9.999999993370412,3.36975947999765e-07
994.7017403480696,9.999999993367744,4.224003958974552e-07
995.1016203240648,9.999999993365075,4.894068464423198e-07
995.50150030006,9.999999993362406,5.291037905691953e-07
995.9013802760552,9.999999993359737,5.317443161555014e-07
996.3012602520504,9.999999993357068,4.871402354063954e-07
996.7011402280456,9.999999993354399,4.076723111570065e-07
997.1010202040408,9.99999999335173,3.0954013973355973e-07
997.500900180036,9.99999999334906,2.0008909021057834e-07
997.9007801560311,9.999999993346393,8.594312333501518e-08
998.3006601320263,9.999999993343724,-2.699520847374743e-08
998.7005401080216,9.999999993341055,-1.3354476112392614e-07
999.1004200840168,9.999999993338387,-2.292457988512179e-07
999.500300060012,9.999999993335717,-3.1035999421898296e-07
999.9001800360072,9.999999993333049,-3.7387042811812067e-07
1000.3000600120024,9.999999993330379,-4.174815897671006e-07
1000.6999399879976,9.99999999332771,-4.396193767119628e-07
1001.0998199639928,9.99999999332504,-4.39431094826318e-07
1001.499699939988,9.999999993322373,-4.167854583113468e-07
1001.8995799159832,9.999999993319703,-3.722725896958002e-07
1002.2994598919784,9.999999993317035,-3.07204019836e-07
1002.6993398679735,9.999999993314365,-2.236126879158382e-07
1003.0992198439687,9.999999993311697,-1.2425294144677726e-07
1003.4990998199639,9.999999993309027,-1.2600536267850167e-08
1003.8989797959591,9.999999993306359,1.0714736345434066e-07
1004.2988597719544,9.99999999330369,2.3007218522565623e-07
1004.6987397479496,9.99999999330102,3.5053394822428207e-07
1005.0986197239448,9.999999993298353,4.621712633009351e-07
1005.49849969994,9.999999993295683,5.579013329787348e-07
1005.8983796759352,9.999999993293015,6.29919951453224e-07
1006.2982596519304,9.999999993290345,6.697015045923795e-07
1006.6981396279256,9.999999993287677,6.679989699365988e-07
1007.0980196039208,9.999999993285007,6.148626730013398e-07
1007.497899579916,9.999999993282339,5.093970228050148e-07
1007.8977795559111,9.999999993279669,3.654348845299833e-07
1008.2976595319063,9.999999993277001,1.9544524539063278e-07
1008.6975395079015,9.999999993274331,1.0793748720333702e-08
1009.0974194838967,9.999999993271663,-1.7825730602856108e-07
1009.4972994598919,9.999999993268993,-3.625489632847155e-07
1009.8971794358872,9.999999993266325,-5.340256113578576e-07
1010.2970594118824,9.999999993263655,-6.85734982438587e-07
1010.6969393878776,9.999999993260987,-8.118281525986709e-07
1011.0968193638728,9.999999993258317,-9.075595417908447e-07
1011.496699339868,9.99999999325565,-9.692869138488562e-07
1011.8965793158632,9.999999993252981,-9.94471376487476e-07
1012.2964592918584,9.999999993250311,-9.8167738130249e-07
1012.6963392678535,9.999999993247643,-9.305727237706991e-07
1013.0962192438487,9.999999993244973,-8.419285432499268e-07
1013.4960992198439,9.999999993242305,-7.176193229790055e-07
1013.8959791958391,9.999999993239635,-5.60622890077796e-07
1014.2958591718343,9.999999993236967,-3.750204155471632e-07
1014.6957391478295,9.999999993234297,-1.6599641426900294e-07
1015.0956191238248,9.99999999323163,6.01612549938456e-08
1015.49549909982,9.99999999322896,2.960613895973329e-07
1015.8953790758152,9.999999993226291,5.332094430165714e-07
1016.2952590518104,9.999999993223621,7.62007524845612e-07
1016.6951390278056,9.999999993220953,9.717544007974666e-07
1017.0950190038008,9.999999993218283,1.1506454927041502e-06
1017.494898979796,9.999999993215615,1.2857728785166549e-06
1017.8947789557911,9.999999993212946,1.3631252923049492e-06
1018.2946589317863,9.999999993210277,1.367588124257982e-06
1018.6945389077815,9.99999999320761,1.2829434206837004e-06
1019.0944188837767,9.99999999320494,1.1171614648679625e-06
1019.4942988597719,9.99999999320227,9.238649451702417e-07
1019.8941788357671,9.999999993199602,7.171013733024457e-07
1020.2940588117623,9.999999993196932,5.07904005959643e-07
1020.6939387877576,9.999999993194264,3.0595547282804983e-07
1021.0938187637528,9.999999993191594,1.195877765852587e-07
1021.493698739748,9.999999993188926,-4.4217707100111144e-08
1021.8935787157432,9.999999993186256,-1.7983022956817639e-07
1022.2934586917384,9.999999993183588,-2.829696691678517e-07
1022.6933386677335,9.999999993180918,-3.507065312568466e-07
1023.0932186437287,9.99999999317825,-3.814619482016689e-07
1023.4930986197239,9.99999999317558,-3.7500767937762e-07
1023.8929785957191,9.999999993172912,-3.3246611116880116e-07
1024.2928585717143,9.999999993170244,-2.5631025696810754e-07
1024.6927385477095,9.999999993167574,-1.5036375717723063e-07
1025.0926185237047,9.999999993164906,-1.980087920666134e-08
1025.4924984996999,9.999999993162236,1.2885348252431866e-07
1025.892378475695,9.999999993159568,2.877238065876259e-07
1026.2922584516903,9.999999993156898,4.475839445463829e-07
1026.6921384276854,9.99999999315423,5.978571209549144e-07
1027.0920184036806,9.99999999315156,7.266159333587529e-07
1027.4918983796758,9.999999993148892,8.205823522946272e-07
1027.891778355671,9.999999993146222,8.651277212904771e-07
1028.2916583316662,9.999999993143554,8.442727568654464e-07
1028.6915383076614,9.999999993140884,7.50203645185671e-07
1029.0914182836568,9.999999993138216,6.295610327572764e-07
1029.491298259652,9.999999993135546,4.981625277814476e-07
1029.8911782356472,9.999999993132878,3.633441162729957e-07
1030.2910582116424,9.999999993130208,2.3157283258682512e-07
1030.6909381876376,9.99999999312754,1.084467594178693e-07
1031.0908181636328,9.999999993124872,-1.3049721989101517e-09
1031.490698139628,9.999999993122202,-9.38221828885228e-08
1031.8905781156232,9.999999993119534,-1.6611364493594783e-07
1032.2904580916183,9.999999993116864,-2.1605708228613757e-07
1032.6903380676135,9.999999993114196,-2.4239917054401343e-07
1033.0902180436087,9.999999993111526,-2.4475553697447036e-07
1033.490098019604,9.999999993108858,-2.2361076050237241e-07
1033.889977995599,9.999999993106188,-1.8031837171255464e-07
1034.2898579715943,9.99999999310352,-1.1710085284982564e-07
1034.6897379475895,9.99999999310085,-3.7049637818962683e-08
1035.0896179235847,9.999999993098182,5.587488781528438e-08
1035.4894978995799,9.999999993095512,1.5684338682819744e-07
1035.889377875575,9.999999993092844,2.6015757033508104e-07
1036.2892578515703,9.999999993090174,3.592501977912753e-07
1036.6891378275654,9.999999993087506,4.4668507699214686e-07
1037.0890178035606,9.999999993084838,5.141570640730882e-07
1037.4888977795558,9.999999993082168,5.524920635095269e-07
1037.888777755551,9.9999999930795,5.516470281169128e-07
1038.2886577315462,9.99999999307683,5.015963689993875e-07
1038.6885377075414,9.999999993074162,4.1729649276247385e-07
1039.0884176835366,9.999999993071492,3.1418320705801674e-07
1039.4882976595318,9.999999993068824,1.99836454768919e-07
1039.8881776355272,9.999999993066155,8.10862352764877e-08
1040.2880576115224,9.999999993063486,-3.598739553929293e-08
1040.6879375875176,9.999999993060817,-1.4605432530017152e-07
1041.0878175635128,9.999999993058148,-2.445343851293583e-07
1041.487697539508,9.999999993055479,-3.2759734965159096e-07
1041.8875775155032,9.99999999305281,-3.9216293699313644e-07
1042.2874574914983,9.99999999305014,-4.35900808781788e-07
1042.6873374674935,9.999999993047473,-4.572305701468685e-07
1043.0872174434887,9.999999993044803,-4.5532176971922837e-07
1043.487097419484,9.999999993042135,-4.300938996312458e-07
1043.886977395479,9.999999993039465,-3.822163955168272e-07
1044.2868573714743,9.999999993036797,-3.131086365114077e-07
1044.6867373474695,9.999999993034129,-2.2493994525194912e-07
1045.0866173234647,9.999999993031459,-1.206295878769433e-07
1045.4864972994599,9.99999999302879,-3.8467740264075446e-09
1045.886377275455,9.99999999302612,1.209893431581092e-07
1046.2862572514503,9.999999993023453,2.4870966703353315e-07
1046.6861372274454,9.999999993020783,3.7339515745526205e-07
1047.0860172034406,9.999999993018115,4.883768307771617e-07
1047.4858971794358,9.999999993015445,5.862357598515776e-07
1047.885777155431,9.999999993012777,6.588030740293192e-07
1048.2856571314262,9.999999993010107,6.971599591596742e-07
1048.6855371074214,9.999999993007439,6.916376575903939e-07
1049.0854170834166,9.999999993004769,6.319413374473555e-07
1049.4852970594118,9.9999999930021,5.20093845310243e-07
1049.885177035407,9.999999992999431,3.710348631456805e-07
1050.2850570114022,9.999999992996763,1.9724444632384411e-07
1050.6849369873974,9.999999992994093,1.008017224339056e-08
1051.0848169633928,9.999999992991425,-1.80222859668651e-07
1051.484696939388,9.999999992988755,-3.6455202795644357e-07
1051.8845769153831,9.999999992986087,-5.349171891359989e-07
1052.2844568913783,9.999999992983419,-6.844506776947399e-07
1052.6843368673735,9.999999992980749,-8.074073060916106e-07
1053.0842168433687,9.999999992978081,-8.991643647570725e-07
1053.484096819364,9.999999992975411,-9.562216220931098e-07
1053.883976795359,9.999999992972743,-9.762013244732233e-07
1054.2838567713543,9.999999992970073,-9.578481962424374e-07
1054.6837367473495,9.999999992967405,-9.010294397172911e-07
1055.0836167233447,9.999999992964735,-8.067347351858504e-07
1055.4834966993399,9.999999992962067,-6.770762409076926e-07
1055.883376675335,9.999999992959397,-5.152885931139215e-07
1056.2832566513302,9.99999999295673,-3.257289060071578e-07
1056.6831366273254,9.99999999295406,-1.1387677176154e-07
1057.0830166033206,9.999999992951391,1.1366573947726695e-07
1057.4828965793158,9.999999992948721,3.491740795920851e-07
1057.882776555311,9.999999992946053,5.838012224942136e-07
1058.2826565313062,9.999999992943385,8.075776641234343e-07
1058.6825365073014,9.999999992940715,1.0094114224480022e-06
1059.0824164832966,9.999999992938047,1.1770880374646664e-06
1059.4822964592918,9.999999992935377,1.2972705711986423e-06
1059.882176435287,9.99999999293271,1.3554996077036283e-06
1060.2820564112822,9.99999999293004,1.3361932530618101e-06
1060.6819363872773,9.999999992927371,1.2229522944449828e-06
1061.0818163632725,9.999999992924703,1.0477502615902314e-06
1061.4816963392677,9.999999992922033,8.502706576892991e-07
1061.8815763152631,9.999999992919365,6.42511267811661e-07
1062.2814562912583,9.999999992916695,4.3512245949736083e-07
1062.6813362672535,9.999999992914027,2.3740718275629227e-07
1063.0812162432487,9.999999992911357,5.732097006867289e-08
1063.481096219244,9.99999999290869,-9.852806361507132e-08
1063.880976195239,9.99999999290602,-2.2487922087430568e-07
1064.2808561712343,9.999999992903351,-3.178192218181886e-07
1064.6807361472295,9.999999992900682,-3.7478220408566936e-07
1065.0806161232247,9.999999992898013,-3.9454972284548917e-07
1065.4804960992199,9.999999992895344,-3.77250750796182e-07
1065.880376075215,9.999999992892675,-3.243616781660732e-07
1066.2802560512102,9.999999992890006,-2.3870631271327963e-07
1066.6801360272054,9.999999992887338,-1.2445587972571112e-07
1067.0800160032006,9.99999999288467,1.2870977978931838e-08
1067.4798959791958,9.999999992882,1.6640820005315714e-07
1067.879775955191,9.999999992879332,3.2794230861967736e-07
1068.2796559311862,9.999999992876662,4.879124082714181e-07
1068.6795359071814,9.999999992873994,6.354101860715105e-07
1069.0794158831766,9.999999992871324,7.58179911553294e-07
1069.4792958591718,9.999999992868656,8.426184367203137e-07
1069.879175835167,9.999999992865986,8.737751960463293e-07
1070.2790558111622,9.999999992863318,8.353522064753012e-07
1070.6789357871573,9.999999992860648,7.299585314233728e-07
1071.0788157631525,9.999999992857978,6.046779088590073e-07
1071.4786957391477,9.99999999285531,4.699685395164454e-07
1071.878575715143,9.999999992852642,3.3312830944067823e-07
1072.278455691138,9.999999992849972,2.0057143588024465e-07
1072.6783356671333,9.999999992847304,7.7828467287232e-08
1073.0782156431287,9.999999992844634,-3.045371668278118e-08
1073.478095619124,9.999999992841966,-1.2051190517048744e-07
1073.877975595119,9.999999992839296,-1.8946655611322148e-07
1074.2778555711143,9.999999992836628,-2.3532179624470398e-07
1074.6777355471095,9.999999992833958,-2.569654210951081e-07
1075.0776155231047,9.99999999283129,-2.541688949910585e-07
1075.4774954990999,9.99999999282862,-2.275873510556324e-07
1075.877375475095,9.999999992825952,-1.7875959120835797e-07
1076.2772554510902,9.999999992823282,-1.1010808616521612e-07
1076.6771354270854,9.999999992820614,-2.4938975438637174e-08
1077.0770154030806,9.999999992817944,7.255793266249202e-08
1077.4768953790758,9.999999992815276,1.77309161032837e-07
1077.876775355071,9.999999992812608,2.8335756377060825e-07
1078.2766553310662,9.999999992809938,3.838623261775684e-07
1078.6765353070614,9.99999999280727,4.7109896475902154e-07
1079.0764152830566,9.9999999928046,5.364593272238281e-07
1079.4762952590518,9.999999992801932,5.704515924843921e-07
1079.876175235047,9.999999992799262,5.627002706566632e-07
1080.2760552110421,9.999999992796592,5.043826926628144e-07
1080.6759351870373,9.999999992793924,4.147529913182272e-07
1081.0758151630325,9.999999992791254,3.0722002747672106e-07
1081.4756951390277,9.999999992788586,1.8939640665026362e-07
1081.875575115023,9.999999992785916,6.81285601001287e-08
1082.275455091018,9.999999992783248,-5.0503255163103113e-08
1082.6753350670133,9.99999999278058,-1.6118495637954498e-07
1083.0752150430085,9.99999999277791,-2.5936863504000383e-07
1083.4750950190037,9.999999992775242,-3.4127255688598015e-07
1083.874974994999,9.999999992772572,-4.038811619096969e-07
1084.2748549709943,9.999999992769904,-4.4494506435396995e-07
1084.6747349469895,9.999999992767235,-4.6298105271242134e-07
1085.0746149229847,9.999999992764566,-4.572720897293279e-07
1085.4744948989799,9.999999992761897,-4.2786731239965637e-07
1085.874374874975,9.999999992759228,-3.755820319690695e-07
1086.2742548509702,9.999999992756559,-3.0199773393392366e-07
1086.6741348269654,9.99999999275389,-2.094620780412675e-07
1087.0740148029606,9.99999999275122,-1.0108889828884389e-07
1087.4738947789558,9.999999992748553,1.924179707491113e-08
1087.873774754951,9.999999992745883,1.4688382555086661e-07
1088.2736547309462,9.999999992743215,2.764248303891986e-07
1088.6735347069414,9.999999992740545,4.01686280589391e-07
1089.0734146829366,9.999999992737877,5.157234709002313e-07
1089.4732946589318,9.999999992735209,6.108255218198196e-07
1089.873174634927,9.999999992732539,6.785153795955524e-07
1090.2730546109221,9.99999999272987,7.095498162241418e-07
1090.6729345869173,9.9999999927272,6.939194294516058e-07
1091.0728145629125,9.999999992724533,6.21777318624878e-07
1091.4726945389077,9.999999992721863,5.007477549502208e-07
1091.872574514903,9.999999992719195,3.4566527714075905e-07
1092.272454490898,9.999999992716525,1.687158244922533e-07
1092.6723344668933,9.999999992713857,-1.903783005315e-08
1093.0722144428885,9.999999992711187,-2.0765607990691697e-07
1093.4720944188837,9.999999992708519,-3.8832248483412743e-07
1093.8719743948789,9.999999992705849,-5.533437709534746e-07
1094.271854370874,9.99999999270318,-6.961498307372653e-07
1094.6717343468692,9.999999992700513,-8.1129372301142e-07
1095.0716143228647,9.999999992697843,-8.944516729555086e-07
1095.4714942988599,9.999999992695175,-9.424230721025827e-07
1095.871374274855,9.999999992692505,-9.531304783394596e-07
1096.2712542508502,9.999999992689837,-9.25619615906513e-07
1096.6711342268454,9.999999992687167,-8.60059375397732e-07
1097.0710142028406,9.999999992684499,-7.577418137607163e-07
1097.4708941788358,9.999999992681829,-6.210821542966812e-07
1097.870774154831,9.999999992679161,-4.536187866604526e-07
1098.2706541308262,9.999999992676491,-2.600132668604739e-07
1098.6705341068214,9.999999992673823,-4.605031725879848e-08
1099.0704140828166,9.999999992671153,1.8136217342890495e-07
1099.4702940588118,9.999999992668485,4.141931501333592e-07
1099.870174034807,9.999999992665815,6.432883914316625e-07
1100.2700540108021,9.999999992663147,8.583705095473145e-07
1100.6699339867973,9.999999992660477,1.0480389503501876e-06
1101.0698139627925,9.99999999265781,1.1997699933565482e-06
1101.4696939387877,9.999999992655141,1.2999167517290446e-06
1101.869573914783,9.999999992652471,1.3337091722767238e-06
1102.269453890778,9.999999992649803,1.285254035455013e-06
1102.6693338667733,9.999999992647133,1.1449053860740666e-06
1103.0692138427685,9.999999992644465,9.629849587130313e-07
1103.4690938187637,9.999999992641795,7.627839432839322e-07
1103.8689737947589,9.999999992639127,5.558121807619132e-07
1104.268853770754,9.999999992636457,3.5224194115160025e-07
1104.6687337467492,9.99999999263379,1.6090792348710182e-07
1105.0686137227444,9.99999999263112,-1.0692744167991515e-08
1105.4684936987396,9.999999992628451,-1.5640050472060695e-07
1105.868373674735,9.999999992625781,-2.713933720482465e-07
1106.2682536507302,9.999999992623113,-3.521869309987393e-07
1106.6681336267254,9.999999992620443,-3.9663433739064173e-07
1107.0680136027206,9.999999992617775,-4.039263180129539e-07
1107.4678935787158,9.999999992615106,-3.7459117062519177e-07
1107.867773554711,9.999999992612437,-3.1049476395739053e-07
1108.2676535307062,9.99999999260977,-2.1484053771010184e-07
1108.6675335067014,9.9999999926071,-9.216950255439794e-08
1109.0674134826966,9.999999992604431,5.163975986813569e-08
1109.4672934586918,9.999999992601762,2.0937109694539108e-07
1109.867173434687,9.999999992599093,3.724707850947443e-07
1110.2670534106821,9.999999992596424,5.310475297630582e-07
1110.6669333866773,9.999999992593755,6.738724654266704e-07
1111.0668133626725,9.999999992591086,7.883791555914029e-07
1111.4666933386677,9.999999992588418,8.606635927925586e-07
1111.866573314663,9.999999992585748,8.754841985949326e-07
1112.266453290658,9.99999999258308,8.162618235927901e-07
1112.6663332666533,9.99999999258041,7.025116275782958e-07
1113.0662132426485,9.999999992577742,5.727453448174037e-07
1113.4660932186437,9.999999992575074,4.3508765253658163e-07
1113.8659731946389,9.999999992572404,2.967624588365356e-07
1114.265853170634,9.999999992569736,1.640966860374506e-07
1114.6657331466292,9.999999992567066,4.252027067899237e-08
1115.0656131226244,9.999999992564398,-6.343383647969373e-08
1115.4654930986196,9.999999992561728,-1.5012967045998304e-07
1115.8653730746148,9.99999999255906,-2.1482825206376976e-07
1116.26525305061,9.99999999255639,-2.556875878734694e-07
1116.6651330266052,9.999999992553722,-2.7176267025201664e-07
1117.0650130026006,9.999999992551052,-2.630054773428547e-07
1117.4648929785958,9.999999992548384,-2.3026497306997025e-07
1117.864772954591,9.999999992545714,-1.752871071378603e-07
1118.2646529305862,9.999999992543046,-1.0071481503154033e-07
1118.6645329065814,9.999999992540376,-1.0088018016548023e-08
1119.0644128825766,9.999999992537708,9.21563768610616e-08
1119.4642928585718,9.99999999253504,2.0068447677471153e-07
1119.864172834567,9.99999999253237,3.0926540311730656e-07
1120.2640528105621,9.999999992529702,4.107712915012303e-07
1120.6639327865573,9.999999992527032,4.971772917583456e-07
1121.0638127625525,9.999999992524364,5.595615679399933e-07
1121.4636927385477,9.999999992521694,5.881052983170026e-07
1121.863572714543,9.999999992519026,5.720926753796704e-07
1122.263452690538,9.999999992516356,5.051006250226897e-07
1122.6633326665333,9.999999992513688,4.097882973793958e-07
1123.0632126425285,9.999999992511018,2.9756348906494607e-07
1123.4630926185237,9.99999999250835,1.7607386856563374e-07
1123.8629725945189,9.99999999250568,5.218327896854714e-08
1124.262852570514,9.999999992503012,-6.802826203843058e-08
1124.6627325465092,9.999999992500344,-1.7926456216662113e-07
1125.0626125225044,9.999999992497674,-2.770132545265509e-07
1125.4624924984996,9.999999992495006,-3.5754579762795155e-07
1125.8623724744948,9.999999992492336,-4.179174753797607e-07
1126.26225245049,9.999999992489668,-4.5596739709011897e-07
1126.6621324264852,9.999999992486998,-4.703184974663732e-07
1127.0620124024804,9.99999999248433,-4.6037753661507626e-07
1127.4618923784756,9.99999999248166,-4.263351000419835e-07
1127.861772354471,9.999999992478992,-3.6916559865201836e-07
1128.2616523304662,9.999999992476322,-2.906272687494132e-07
1128.6615323064614,9.999999992473654,-1.9326217203751394e-07
1129.0614122824566,9.999999992470984,-8.03961956188991e-08
1129.4612922584517,9.999999992468316,4.386094800465108e-08
1129.861172234447,9.999999992465646,1.7461572093214684e-07
1130.2610522104421,9.999999992462978,3.0619075986339987e-07
1130.6609321864373,9.99999999246031,4.321248760990087e-07
1131.0608121624325,9.99999999245764,5.451730555403749e-07
1131.4606921384277,9.999999992454972,6.373064586896876e-07
1131.860572114423,9.999999992452302,6.997124206499409e-07
1132.260452090418,9.999999992449634,7.227944511249126e-07
1132.6603320664133,9.999999992446964,6.961722344191811e-07
1133.0602120424085,9.999999992444296,6.115388757219131e-07
1133.4600920184037,9.999999992441627,4.816879164178439e-07
1133.8599719943988,9.999999992438958,3.207710698271667e-07
1134.259851970394,9.999999992436289,1.407170821475291e-07
1134.6597319463892,9.99999999243362,-4.767270760961107e-08
1135.0596119223844,9.999999992430952,-2.347243676189864e-07
1135.4594918983796,9.999999992428283,-4.1189137324151924e-07
1135.8593718743748,9.999999992425614,-5.717546070243222e-07
1136.25925185037,9.999999992422945,-7.080223587006971e-07
1136.6591318263652,9.999999992420276,-8.155303251901368e-07
1137.0590118023604,9.999999992417607,-8.902416105983242e-07
1137.4588917783556,9.999999992414939,-9.292467262171305e-07
1137.8587717543508,9.999999992412269,-9.3076359052462e-07
1138.258651730346,9.9999999924096,-8.941375291850426e-07
1138.6585317063411,9.99999999240693,-8.198412750488433e-07
1139.0584116823366,9.999999992404263,-7.09474968152581e-07
1139.4582916583317,9.999999992401593,-5.657661557192042e-07
1139.858171634327,9.999999992398925,-3.925697921576763e-07
1140.2580516103221,9.999999992396255,-1.9486823906319725e-07
1140.6579315863173,9.999999992393587,2.1228734782840184e-08
1141.0578115623125,9.999999992390919,2.4848395341284683e-07
1141.4576915383077,9.999999992388249,4.785328336730585e-07
1141.857571514303,9.99999999238558,7.01883385223504e-07
1142.257451490298,9.99999999238291,9.079162105380395e-07
1142.6573314662933,9.999999992380243,1.084884504904308e-06
1143.0572114422885,9.999999992377573,1.219914056423791e-06
1143.4570914182837,9.999999992374905,1.2990032460117571e-06
1143.8569713942788,9.999999992372235,1.3070230473972942e-06
1144.256851370274,9.999999992369567,1.2277170271232985e-06
1144.6567313462692,9.999999992366897,1.068292498085946e-06
1145.0566113222644,9.999999992364227,8.805057217259239e-07
1145.4564912982596,9.999999992361559,6.782998730119186e-07
1145.8563712742548,9.999999992358891,4.727128136728269e-07
1146.25625125025,9.999999992356221,2.734524005174171e-07
1146.6561312262452,9.999999992353553,8.889648543432881e-08
1147.0560112022404,9.999999992350883,-7.39070846079271e-08
1147.4558911782356,9.999999992348215,-2.0924046756096894e-07
1147.8557711542308,9.999999992345545,-3.1271582629654264e-07
1148.255651130226,9.999999992342877,-3.812753286065238e-07
1148.6555311062211,9.999999992340207,-4.1319114720291615e-07
1149.0554110822163,9.99999999233754,-4.080654597178529e-07
1149.4552910582115,9.99999999233487,-3.6683044870359463e-07
1149.855171034207,9.999999992332201,-2.917483016324796e-07
1150.2550510102021,9.999999992329531,-1.864112108971157e-07
1150.6549309861973,9.999999992326863,-5.5741373810115015e-08
1151.0548109621925,9.999999992324193,9.400900739574293e-08
1151.4546909381877,9.999999992321525,2.5525772556755324e-07
1151.854570914183,9.999999992318857,4.1909256863228423e-07
1152.254450890178,9.999999992316187,5.752713195967681e-07
1152.6543308661733,9.99999999231352,7.122217565477154e-07
1153.0542108421685,9.99999999231085,8.170416526517069e-07
1153.4540908181636,9.999999992308181,8.754987761551923e-07
1153.8539707941588,9.999999992305511,8.720308903844958e-07
1154.253850770154,9.999999992302842,7.919832970803325e-07
1154.6537307461492,9.999999992300173,6.721801983191634e-07
1155.0536107221444,9.999999992297505,5.381337887068489e-07
1155.4534906981396,9.999999992294835,3.978763254200902e-07
1155.8533706741348,9.999999992292167,2.5853046885685983e-07
1156.25325065013,9.999999992289498,1.2630928263640175e-07
1156.6531306261252,9.99999999228683,6.516233599230681e-09
1157.0530106021204,9.99999999228416,-9.645480819286624e-08
1157.4528905781156,9.999999992281492,-1.791195694568317e-07
1157.8527705541107,9.999999992278822,-2.38903373688337e-07
1158.252650530106,9.999999992276154,-2.7414114116178075e-07
1158.6525305061011,9.999999992273484,-2.8407738893029246e-07
1159.0524104820963,9.999999992270816,-2.688662308257293e-07
1159.4522904580915,9.999999992268146,-2.29571377458676e-07
1159.8521704340867,9.999999992265478,-1.6816613621844812e-07
1160.252050410082,9.999999992262808,-8.753341127308848e-08
1160.651930386077,9.99999999226014,8.534296430630813e-09
1161.0518103620725,9.99999999225747,1.1533488916727219e-07
1161.4516903380677,9.999999992254802,2.2725667243248114e-07
1161.8515703140629,9.999999992252134,3.377783549433585e-07
1162.251450290058,9.999999992249464,4.3946904863821497e-07
1162.6513302660533,9.999999992246796,5.239882686766367e-07
1163.0512102420485,9.999999992244126,5.820859334394768e-07
1163.4510902180436,9.999999992241458,6.036023645288636e-07
1163.8509701940388,9.999999992238788,5.774682867681913e-07
1164.250850170034,9.999999992236118,5.015661704082598e-07
1164.6507301460292,9.99999999223345,4.0038800905023237e-07
1165.0506101220244,9.999999992230782,2.835404329826169e-07
1165.4504900980196,9.999999992228112,1.5866750894500792e-07
1165.8503700740148,9.999999992225444,3.261328635234795e-08
1166.25025005001,9.999999992222774,-8.857820270507288e-08
1166.6501300260052,9.999999992220106,-1.9966294346161634e-07
1167.0500100020004,9.999999992217436,-2.9619693847629745e-07
1167.4498899779956,9.999999992214768,-3.7453620763278213e-07
1167.8497699539907,9.999999992212098,-4.318367881393893e-07
1168.249649929986,9.99999999220943,-4.660547345290898e-07
1168.6495299059811,9.99999999220676,-4.759461186595066e-07
1169.0494098819763,9.999999992204092,-4.610670297129157e-07
1169.4492898579715,9.999999992201422,-4.217735741962444e-07
1169.8491698339667,9.999999992198754,-3.592218759410723e-07
1170.249049809962,9.999999992196084,-2.753680761036322e-07
1170.648929785957,9.999999992193416,-1.7296833316480792e-07
1171.0488097619523,9.999999992190748,-5.557882293013534e-08
1171.4486897379475,9.999999992188078,7.244426147019612e-08
1171.8485697139429,9.99999999218541,2.059447095814197e-07
1172.248449689938,9.99999999218274,3.3896629362389024e-07
1172.6483296659333,9.999999992180072,4.6475276849353715e-07
1173.0482096419285,9.999999992177402,5.757478717615601e-07
1173.4480896179236,9.999999992174734,6.635953236745115e-07
1173.8479695939188,9.999999992172064,7.191388271542841e-07
1174.247849569914,9.999999992169396,7.32422067798129e-07
1174.6477295459092,9.999999992166726,6.926887138786342e-07
1175.0476095219044,9.999999992164058,5.951349998132589e-07
1175.4474894978996,9.99999999216139,4.565486540761759e-07
1175.8473694738948,9.99999999215872,2.9008004684663036e-07
1176.24724944989,9.999999992156052,1.0736877039973192e-07
1176.6471294258852,9.999999992153382,-8.107612343085321e-08
1177.0470094018804,9.999999992150714,-2.6587612325290314e-07
1177.4468893778756,9.999999992148044,-4.3878325811563776e-07
1177.8467693538707,9.999999992145376,-5.926800975097215e-07
1178.246649329866,9.999999992142707,-7.215797513672624e-07
1178.6465293058611,9.999999992140038,-8.206258700618114e-07
1179.0464092818563,9.999999992137369,-8.860926444083623e-07
1179.4462892578515,9.9999999921347,-9.153848056633536e-07
1179.8461692338467,9.99999999213203,-9.070376255246668e-07
1180.2460492098419,9.999999992129363,-8.607169161316264e-07
1180.645929185837,9.999999992126694,-7.772190300650015e-07
1181.0458091618323,9.999999992124025,-6.58470860347002e-07
1181.4456891378275,9.999999992121356,-5.075298404412837e-07
1181.8455691138226,9.999999992118687,-3.2858394425294533e-07
1182.2454490898178,9.999999992116019,-1.2695168612852813e-07
1182.645329065813,9.999999992113349,9.091787914398174e-08
1183.0452090418084,9.99999999211068,3.174451563352839e-07
1183.4450890178036,9.99999999210801,5.43920009774246e-07
1183.8449689937988,9.999999992105343,7.605017633486791e-07
1184.244848969794,9.999999992102673,9.56219200504821e-07
1184.6447289457892,9.999999992100005,1.1189705642474752e-06
1185.0446089217844,9.999999992097335,1.235523557139987e-06
1185.4444888977796,9.999999992094667,1.2915153413042757e-06
1185.8443688737748,9.999999992091997,1.2714525384207992e-06
1186.24424884977,9.999999992089329,1.1591214370153681e-06
1186.6441288257652,9.999999992086659,9.70309674198536e-07
1187.0440088017604,9.99999999208399,7.347527032860443e-07
1187.4438887777555,9.999999992081321,4.7040211455265884e-07
1187.8437687537507,9.999999992078653,1.9346599863207868e-07
1188.243648729746,9.999999992075983,-8.15910534830659e-08
1188.6435287057411,9.999999992073315,-3.420479504412118e-07
1189.0434086817363,9.999999992070645,-5.769271005318634e-07
1189.4432886577315,9.999999992067977,-7.769944116855934e-07
1189.8431686337267,9.999999992065309,-9.347592914740411e-07
1190.2430486097219,9.999999992062639,-1.044474647109915e-06
1190.642928585717,9.999999992059971,-1.1021368854469883e-06
1191.0428085617123,9.999999992057301,-1.1054859129801088e-06
1191.4426885377075,9.999999992054633,-1.0540051358451816e-06
1191.8425685137026,9.999999992051963,-9.489214598191882e-07
1192.2424484896978,9.999999992049295,-7.932052903201751e-07
1192.642328465693,9.999999992046625,-5.915705324072541e-07
1193.0422084416882,9.999999992043957,-3.5047459078060737e-07
1193.4420884176834,9.999999992041287,-7.811836978148464e-08
1193.8419683936788,9.99999999203862,2.155537266079693e-07
1194.241848369674,9.99999999203595,5.18853794764026e-07
1194.6417283456692,9.999999992033281,8.183504314223976e-07
1195.0416083216644,9.999999992030611,1.0988687336775662e-06
1195.4414882976596,9.999999992027943,1.3434902989829363e-06
1195.8413682736548,9.999999992025275,1.5335532251508562e-06
1196.24124824965,9.999999992022605,1.6486521103526017e-06
1196.6411282256452,9.999999992019937,1.6666380531183804e-06
1197.0410082016404,9.999999992017267,1.563618652337333e-06
1197.4408881776355,9.999999992014597,1.3552508906635208e-06
1197.8407681536307,9.99999999201193,1.1116594427105043e-06
1198.240648129626,9.99999999200926,8.499229460429633e-07
1198.6405281056211,9.999999992006591,5.84276878531785e-07
1199.0404080816163,9.999999992003923,3.2723645274207403e-07
1199.4402880576115,9.999999992001253,8.959661593315276e-08
1199.8401680336067,9.999999991998585,-1.195679499414392e-07
1200.2400480096019,9.999999991995915,-2.929028282339434e-07
1200.639927985597,9.999999991993247,-4.247738676023854e-07
1201.0398079615923,9.999999991990578,-5.112671820105719e-07
1201.4396879375875,9.99999999198791,-5.501891507280933e-07
1201.8395679135826,9.99999999198524,-5.410664183303195e-07
1202.2394478895778,9.999999991982572,-4.851458946984056e-07
1202.639327865573,9.999999991979902,-3.8539475501928956e-07
1203.0392078415682,9.999999991977234,-2.4650043978568753e-07
1203.4390878175634,9.999999991974564,-7.487065479610295e-08
1203.8389677935586,9.999999991971896,1.21366628845181e-07
1204.2388477695538,9.999999991969226,3.3236317472809895e-07
1204.638727745549,9.999999991966558,5.465504811368035e-07
1205.0386077215444,9.99999999196389,7.506397810497696e-07
1205.4384876975396,9.99999999196122,9.296220421393505e-07
1205.8383676735348,9.999999991958552,1.0667679667724646e-06
1206.23824764953,9.999999991955882,1.1436279920101388e-06
1206.6381276255252,9.999999991953214,1.1400322896076096e-06
1207.0380076015203,9.999999991950544,1.0368570130604568e-06
1207.4378875775155,9.999999991947876,8.849993099332704e-07
1207.8377675535107,9.999999991945206,7.190581723437297e-07
1208.237647529506,9.999999991942538,5.482475123525679e-07
1208.637527505501,9.999999991939868,3.8069055681994945e-07
1209.0374074814963,9.9999999919372,2.234198474054706e-07
1209.4372874574915,9.99999999193453,8.23772405681597e-08
1209.8371674334867,9.999999991931862,-3.758609243352334e-08
1210.2370474094819,9.999999991929192,-1.3270966554168755e-07
1210.636927385477,9.999999991926524,-2.0032367789900946e-07
1211.0368073614723,9.999999991923854,-2.388490138487342e-07
1211.4366873374674,9.999999991921186,-2.477972429346754e-07
1211.8365673134626,9.999999991918516,-2.277706199012149e-07
1212.2364472894578,9.999999991915848,-1.8046208469330272e-07
1212.636327265453,9.99999999191318,-1.0865526245645678e-07
1213.0362072414482,9.99999999191051,-1.6224463536764844e-08
1213.4360872174434,9.999999991907842,9.186531651911864e-08
1213.8359671934386,9.999999991905172,2.0955839696396906e-07
1214.2358471694338,9.999999991902504,3.297084118499976e-07
1214.635727145429,9.999999991899834,4.440783100288416e-07
1215.0356071214242,9.999999991897166,5.433403551515753e-07
1215.4354870974194,9.999999991894496,6.170761256686998e-07
1215.8353670734148,9.999999991891828,6.537765148301581e-07
1216.23524704941,9.999999991889158,6.408417306852702e-07
1216.6351270254052,9.99999999188649,5.702329785618164e-07
1217.0350070014003,9.999999991883822,4.72665136859812e-07
1217.4348869773955,9.999999991881152,3.615665571996479e-07
1217.8347669533907,9.999999991878484,2.4397080281526776e-07
1218.234646929386,9.999999991875814,1.261455532560532e-07
1218.634526905381,9.999999991873146,1.359260438682388e-08
1219.0344068813763,9.999999991870476,-8.895213161216216e-08
1219.4342868573715,9.999999991867808,-1.7751862624520917e-07
1219.8341668333667,9.99999999186514,-2.489027347011828e-07
1220.2340468093619,9.99999999186247,-3.0066619585351097e-07
1220.633926785357,9.999999991859802,-3.311366322601834e-07
1221.0338067613523,9.999999991857132,-3.3940755016375185e-07
1221.4336867373474,9.999999991854464,-3.253383394913306e-07
1221.8335667133426,9.999999991851794,-2.8955427385459334e-07
1222.2334466893378,9.999999991849126,-2.3344651054977977e-07
1222.633326665333,9.999999991846456,-1.5917209055768795e-07
1223.0332066413282,9.999999991843788,-6.96539385436783e-08
1223.4330866173234,9.999999991841118,3.1419137142323974e-08
1223.8329665933186,9.99999999183845,1.3959244446583542e-07
1224.2328465693138,9.99999999183578,2.4964540770780956e-07
1224.632726545309,9.999999991833112,3.5559156746463663e-07
1225.0326065213042,9.999999991830443,4.506785806481443e-07
1225.4324864972994,9.999999991827774,5.273882204856025e-07
1225.8323664732945,9.999999991825106,5.774363765197168e-07
1226.2322464492897,9.999999991822436,5.91773054608627e-07
1226.632126425285,9.999999991819768,5.605823769259183e-07
1227.0320064012803,9.999999991817099,4.810255865733942e-07
1227.4318863772755,9.99999999181443,3.699868493349685e-07
1227.8317663532707,9.99999999181176,2.378297303310482e-07
1228.231646329266,9.999999991809092,9.365470693335875e-08
1228.631526305261,9.999999991806423,-5.4333994788519084e-08
1229.0314062812563,9.999999991803755,-1.9882840006715003e-07
1229.4312862572515,9.999999991801085,-3.3341678543724377e-07
1229.8311662332467,9.999999991798417,-4.525836787356549e-07
1230.2310462092419,9.999999991795747,-5.517098591013831e-07
1230.630926185237,9.999999991793079,-6.270723569755729e-07
1231.0308061612322,9.999999991790409,-6.758444541015153e-07
1231.4306861372274,9.99999999178774,-6.960956835246438e-07
1231.8305661132226,9.99999999178507,-6.867918295925396e-07
1232.2304460892178,9.999999991782403,-6.477949279549275e-07
1232.630326065213,9.999999991779733,-5.798632655636775e-07
1233.0302060412082,9.999999991777065,-4.846513806728049e-07
1233.4300860172034,9.999999991774397,-3.647100628384714e-07
1233.8299659931986,9.999999991771727,-2.2348635291897918e-07
1234.2298459691938,9.999999991769059,-6.532354307478114e-08
1234.629725945189,9.999999991766389,1.0453882323152653e-07
1235.0296059211842,9.99999999176372,2.799649512352056e-07
1235.4294858971793,9.999999991761051,4.5392279486936836e-07
1235.8293658731745,9.999999991758383,6.184840567649832e-07
1236.2292458491697,9.999999991755713,7.64824188250878e-07
1236.629125825165,9.999999991753045,8.832223893537277e-07
1237.02900580116,9.999999991750375,9.63061608798069e-07
1237.4288857771553,9.999999991747707,9.928285440062903e-07
1237.8287657531507,9.999999991745037,9.601136410985986e-07
1238.228645729146,9.999999991742369,8.53474321400933e-07
1238.628525705141,9.999999991739701,6.855262674157514e-07
1239.0284056811363,9.999999991737031,4.7541378298843313e-07
1239.4282856571315,9.999999991734363,2.390435532487272e-07
1239.8281656331267,9.999999991731695,-9.180178424696858e-09
1240.2280456091219,9.999999991729025,-2.563556104042469e-07
1240.627925585117,9.999999991726357,-4.9108338281341e-07
1241.0278055611122,9.999999991723687,-7.034665775267524e-07
1241.4276855371074,9.999999991721019,-8.851107181699184e-07
1241.8275655131026,9.999999991718349,-1.0291237701196312e-06
1242.2274454890978,9.999999991715681,-1.1301161405036929e-06
1242.627325465093,9.999999991713011,-1.1842006782009824e-06
1243.0272054410882,9.999999991710343,-1.1889926738414624e-06
1243.4270854170834,9.999999991707673,-1.1436098598061698e-06
1243.8269653930786,9.999999991705005,-1.048672410227219e-06
1244.2268453690738,9.999999991702335,-9.063029409878061e-07
1244.626725345069,9.999999991699667,-7.201265097222048e-07
1245.0266053210642,9.999999991696997,-4.952706158157718e-07
1245.4264852970593,9.99999999169433,-2.3836520040493065e-07
1245.8263652730545,9.999999991691661,4.2457353622799084e-08
1246.2262452490497,9.999999991688991,3.375622216288341e-07
1246.626125225045,9.999999991686323,6.358121372235058e-07
1247.02600520104,9.999999991683653,9.245673922660711e-07
1247.4258851770353,9.999999991680985,1.1896858368647026e-06
1247.8257651530305,9.999999991678315,1.415522879376495e-06
1248.2256451290257,9.999999991675647,1.5849314864074702e-06
1248.6255251050209,9.999999991672977,1.679262182812562e-06
1249.0254050810163,9.99999999167031,1.6783630516956082e-06
1249.4252850570115,9.99999999166764,1.5605797344093641e-06
1249.8251650330067,9.999999991664971,1.3410851508819683e-06
1250.2250450090019,9.999999991662301,1.0754878867468703e-06
1250.624924984997,9.999999991659633,7.831247481624864e-07
1251.0248049609922,9.999999991656964,4.811256687270252e-07
1251.4246849369874,9.999999991654295,1.846682938114425e-07
1251.8245649129826,9.999999991651626,-9.302201944055702e-08
1252.2244448889778,9.999999991648957,-3.4067220211252106e-07
1252.624324864973,9.999999991646288,-5.489614735152498e-07
1253.0242048409682,9.99999999164362,-7.105213411867958e-07
1253.4240848169634,9.999999991640951,-8.19935600892461e-07
1253.8239647929586,9.999999991638282,-8.737403366248024e-07
1254.2238447689538,9.999999991635613,-8.70423920603628e-07
1254.623724744949,9.999999991632944,-8.104270132759963e-07
1255.0236047209441,9.999999991630276,-6.961425633162219e-07
1255.4234846969393,9.999999991627606,-5.319158076258644e-07
1255.8233646729345,9.999999991624938,-3.240442713337447e-07
1256.2232446489297,9.999999991622268,-8.077776779592537e-08
1256.623124624925,9.9999999916196,1.8768160140426933e-07
1257.02300460092,9.99999999161693,4.691794464562707e-07
1257.4228845769153,9.999999991614262,7.496090893222518e-07
1257.8227645529105,9.999999991611592,1.0129115637371404e-06
1258.2226445289057,9.999999991608924,1.2410756152086003e-06
1258.6225245049009,9.999999991606254,1.4141377010170681e-06
1259.022404480896,9.999999991603586,1.5101819902156949e-06
1259.4222844568912,9.999999991600918,1.5053403636303998e-06
1259.8221644328867,9.99999999159825,1.375546286881135e-06
1260.2220444088819,9.99999999159558,1.1789520099619568e-06
1260.621924384877,9.999999991592912,9.645130494631297e-07
1261.0218043608722,9.999999991590242,7.440071388466866e-07
1261.4216843368674,9.999999991587574,5.278113479334877e-07
1261.8215643128626,9.999999991584904,3.2490208290322065e-07
1262.2214442888578,9.999999991582236,1.4285508629440098e-07
1262.621324264853,9.999999991579566,-1.2154562995628987e-08
1263.0212042408482,9.999999991576898,-1.3535244971070024e-07
1263.4210842168434,9.999999991574228,-2.2336482223581453e-07
1263.8209641928386,9.99999999157156,-2.7421859259714844e-07
1264.2208441688338,9.99999999156889,-2.873413364620501e-07
1264.620724144829,9.999999991566222,-2.6356129313904024e-07
1265.0206041208241,9.999999991563552,-2.0510736557781293e-07
1265.4204840968193,9.999999991560884,-1.1560912036923272e-07
1265.8203640728145,9.999999991558216,-9.67877453406059e-11
1266.2202440488097,9.999999991555546,1.3499873842065398e-07
1266.620124024805,9.999999991552878,2.81845900614363e-07
1267.0200040008,9.999999991550208,4.312124776802361e-07
1267.4198839767953,9.99999999154754,5.724655848215376e-07
1267.8197639527905,9.99999999154487,6.935716736003658e-07
1268.2196439287857,9.999999991542202,7.810965319376489e-07
1268.6195239047809,9.999999991539532,8.202052841131402e-07
1269.019403880776,9.999999991536864,7.946623907654144e-07
1269.4192838567712,9.999999991534194,7.00522182910576e-07
1269.8191638327664,9.999999991531526,5.841524256069552e-07
1270.2190438087616,9.999999991528856,4.5802127656306985e-07
1270.6189237847568,9.999999991526188,3.290995263520408e-07
1271.0188037607522,9.999999991523518,2.0352604764904088e-07
1271.4186837367474,9.99999999152085,8.66077952315796e-08
1271.8185637127426,9.999999991518182,-1.7180194020930993e-08
1272.2184436887378,9.999999991515512,-1.0419480112688382e-07
1272.618323664733,9.999999991512844,-1.7162482500254992e-07
1273.0182036407282,9.999999991510174,-2.1749098246207938e-07
1273.4180836167234,9.999999991507506,-2.4064590821750054e-07
1273.8179635927186,9.999999991504836,-2.407741548787188e-07
1274.2178435687138,9.999999991502168,-2.1839219295351965e-07
1274.617723544709,9.999999991499498,-1.748484108475661e-07
1275.0176035207041,9.99999999149683,-1.1232311486439803e-07
1275.4174834966993,9.99999999149416,-3.3828529205437614e-08
1275.8173634726945,9.999999991491492,5.6791204030019054e-08
1276.2172434486897,9.999999991488822,1.5486002484479417e-07
1276.617123424685,9.999999991486154,2.548699553438341e-07
1277.01700340068,9.999999991483485,3.50481099734205e-07
1277.4168833766753,9.999999991480816,4.345216443250966e-07
1277.8167633526705,9.999999991478148,4.989878575278203e-07
1278.2166433286657,9.999999991475478,5.35044089855803e-07
1278.6165233046609,9.99999999147281,5.330227739246055e-07
1279.016403280656,9.99999999147014,4.834078668500107e-07
1279.4162832566512,9.999999991467472,4.002418842024482e-07
1279.8161632326464,9.999999991464803,2.978644743763442e-07
1280.2160432086416,9.999999991462134,1.838814707216623e-07
1280.6159231846368,9.999999991459465,6.515392348759712e-08
1281.015803160632,9.999999991456797,-5.220190017742515e-08
1281.4156831366272,9.999999991454127,-1.6281451622574644e-07
1281.8155631126226,9.999999991451459,-2.6205722371053024e-07
1282.2154430886178,9.999999991448789,-3.4604810478554117e-07
1282.615323064613,9.99999999144612,-4.116500247054877e-07
1283.0152030406082,9.99999999144345,-4.5647063182578594e-07
1283.4150830166034,9.999999991440783,-4.788623576026225e-07
1283.8149629925986,9.999999991438115,-4.779224165929495e-07
1284.2148429685938,9.999999991435445,-4.5349280645448996e-07
1284.614722944589,9.999999991432777,-4.061603079457352e-07
1285.0146029205841,9.999999991430107,-3.3725648492594343e-07
1285.4144828965793,9.999999991427439,-2.488576843551432e-07
1285.8143628725745,9.999999991424769,-1.4378503629413064e-07
1286.2142428485697,9.9999999914221,-2.5604453904470434e-08
1286.614122824565,9.99999999141943,1.0137336655150256e-07
1287.01400280056,9.999999991416763,2.320929457106896e-07
1287.4138827765553,9.999999991414093,3.607540211092174e-07
1287.8137627525505,9.999999991411425,4.808115471824498e-07
1288.2136427285457,9.999999991408755,5.849756952649755e-07
1288.6135227045409,9.999999991406087,6.652118535906216e-07
1289.013402680536,9.999999991403417,7.127406272924423e-07
1289.4132826565312,9.999999991400749,7.180378384027233e-07
1289.8131626325264,9.99999999139808,6.708345258529899e-07
1290.2130426085216,9.999999991395411,5.668721886867958e-07
1290.6129225845168,9.999999991392741,4.200678370187286e-07
1291.012802560512,9.999999991390073,2.4383779876951667e-07
1291.4126825365072,9.999999991387403,5.038450825874453e-08
1291.8125625125024,9.999999991384735,-1.4925937253423406e-07
1292.2124424884976,9.999999991382065,-3.452309539702947e-07
1292.6123224644928,9.999999991379397,-5.28837118750545e-07
1293.0122024404882,9.999999991376727,-6.925545219164065e-07
1293.4120824164834,9.99999999137406,-8.300295908492584e-07
1293.8119623924786,9.999999991371391,-9.360785252709986e-07
1294.2118423684738,9.999999991368721,-1.0066872972436548e-06
1294.611722344469,9.999999991366053,-1.0390116511694861e-06
1295.0116023204641,9.999999991363383,-1.0313771037909827e-06
1295.4114822964593,9.999999991360715,-9.83278944190862e-07
1295.8113622724545,9.999999991358045,-8.953822337920757e-07
1296.2112422484497,9.999999991355377,-7.695218063578023e-07
1296.611122224445,9.999999991352707,-6.087022679914545e-07
1297.01100220044,9.99999999135004,-4.17097997136669e-07
1297.4108821764353,9.99999999134737,-2.0005314457732068e-07
1297.8107621524305,9.999999991344701,3.5918366562489456e-08
1298.2106421284257,9.999999991342031,2.83132840818432e-07
1298.6105221044209,9.999999991339363,5.327368103859399e-07
1299.010402080416,9.999999991336693,7.747070351202295e-07
1299.4102820564112,9.999999991334025,9.978505025362693e-07
1299.8101620324064,9.999999991331357,1.189804427808812e-06
1300.2100420084016,9.999999991328687,1.3370362537723697e-06
1300.6099219843968,9.99999999132602,1.4248436509212327e-06
1301.009801960392,9.99999999132335,1.4373545174094516e-06
1301.4096819363872,9.999999991320681,1.35752697905086e-06
1301.8095619123824,9.999999991318012,1.1885877294473526e-06
1302.2094418883776,9.999999991315342,9.894617775012918e-07
1302.6093218643728,9.999999991312674,7.763265266633445e-07
1303.009201840368,9.999999991310005,5.605200888798392e-07
1303.4090818163631,9.999999991307336,3.519914132317324e-07
1303.8089617923586,9.999999991304668,1.5930028593450284e-07
1304.2088417683538,9.999999991301998,-1.0382669661417388e-08
1304.608721744349,9.99999999129933,-1.512759930713081e-07
1305.0086017203441,9.99999999129666,-2.5898738667570694e-07
1305.4084816963393,9.999999991293992,-3.3051371572052576e-07
1305.8083616723345,9.999999991291322,-3.642410083170486e-07
1306.2082416483297,9.999999991288654,-3.599444554419322e-07
1306.608121624325,9.999999991285984,-3.1878841093720904e-07
1307.00800160032,9.999999991283316,-2.4332639151028333e-07
1307.4078815763153,9.999999991280646,-1.375010767339327e-07
1307.8077615523105,9.999999991277978,-6.644309046307052e-09
1308.2076415283057,9.999999991275308,1.425229062490696e-07
1308.6075215043008,9.99999999127264,3.0189040098329676e-07
1309.007401480296,9.999999991269972,4.6195884412210846e-07
1309.4072814562912,9.999999991267302,6.118397417658587e-07
1309.8071614322864,9.999999991264634,7.392554371495288e-07
1310.2070414082816,9.999999991261964,8.305391106427259e-07
1310.6069213842768,9.999999991259296,8.706347797496903e-07
1311.006801360272,9.999999991256626,8.430972991092872e-07
1311.4066813362672,9.999999991253956,7.439898002626138e-07
1311.8065613122624,9.999999991251288,6.223922705217824e-07
1312.2064412882576,9.99999999124862,4.914465492407175e-07
1312.6063212642528,9.99999999124595,3.5822673239058426e-07
1313.006201240248,9.999999991243282,2.2895014578991036e-07
1313.4060812162431,9.999999991240612,1.0897734510458572e-07
1313.8059611922383,9.999999991237944,2.8121158478627278e-09
1314.2058411682335,9.999999991235274,-8.589852661964319e-08
1314.6057211442287,9.999999991232606,-1.5436433708995572e-07
1315.0056011202241,9.999999991229936,-2.0065184050775426e-07
1315.4054810962193,9.999999991227268,-2.2368433197028385e-07
1315.8053610722145,9.999999991224598,-2.2324187672751364e-07
1316.2052410482097,9.99999999122193,-1.9996131018201778e-07
1316.605121024205,9.99999999121926,-1.55336237889007e-07
1317.0050010002,9.999999991216592,-9.171703555632856e-08
1317.4048809761953,9.999999991213922,-1.231084904447171e-08
1317.8047609521905,9.999999991211254,7.8818405633442e-08
1318.2046409281857,9.999999991208586,1.7675004231164892e-07
1318.6045209041808,9.999999991205916,2.7570660467175005e-07
1319.004400880176,9.999999991203248,3.690538662427101e-07
1319.4042808561712,9.999999991200578,4.4930083040085297e-07
1319.8041608321664,9.99999999119791,5.080997303698694e-07
1320.2040408081616,9.99999999119524,5.36246029220807e-07
1320.6039207841568,9.999999991192572,5.236784198720779e-07
1321.003800760152,9.999999991189902,4.637090415112452e-07
1321.4036807361472,9.999999991187234,3.7672412424538595e-07
1321.8035607121424,9.999999991184565,2.736559992941595e-07
1322.2034406881376,9.999999991181896,1.616172879003505e-07
1322.6033206641328,9.999999991179227,4.699747790177207e-08
1323.003200640128,9.999999991176558,-6.453707626873507e-08
1323.4030806161231,9.999999991173889,-1.6804315358330232e-07
1323.8029605921183,9.99999999117122,-2.593006664190331e-07
1324.2028405681135,9.99999999116855,-3.348126605580026e-07
1324.6027205441087,9.999999991165883,-3.9180531518725877e-07
1325.002600520104,9.999999991163213,-4.282279428988213e-07
1325.402480496099,9.999999991160545,-4.427529896896817e-07
1325.8023604720945,9.999999991157875,-4.347760349617937e-07
1326.2022404480897,9.999999991155207,-4.044157915221016e-07
1326.602120424085,9.999999991152537,-3.525141055825158e-07
1327.00200040008,9.999999991149869,-2.806359567599174e-07
1327.4018803760753,9.9999999911472,-1.910694580761594e-07
1327.8017603520705,9.99999999114453,-8.682585595806662e-08
1328.2016403280657,9.999999991141863,2.8360469762565582e-08
1328.6015203040608,9.999999991139193,1.5003200584896582e-07
1329.001400280056,9.999999991136525,2.730081056593955e-07
1329.4012802560512,9.999999991133855,3.9138498914713957e-07
1329.8011602320464,9.999999991131187,4.985357428605134e-07
1330.2010402080416,9.999999991128517,5.871103199428613e-07
1330.6009201840368,9.999999991125849,6.490355401325476e-07
1331.000800160032,9.999999991123179,6.755150897629783e-07
1331.4006801360272,9.99999999112051,6.570295217625775e-07
1331.8005601120224,9.999999991117843,5.843702446600218e-07
1332.2004400880176,9.999999991115173,4.6390823402652783e-07
1332.6003200640127,9.999999991112505,3.094680273271615e-07
1333.000200040008,9.999999991109835,1.3313072170990434e-07
1333.4000800160031,9.999999991107167,-5.4126348342909016e-08
1333.7999599919983,9.999999991104497,-2.424296110145904e-07
1334.1998399679935,9.999999991101829,-4.23009257154098e-07
1334.5997199439887,9.999999991099159,-5.881992402760363e-07
1334.999599919984,9.999999991096491,-7.314372765606579e-07
1335.399479895979,9.999999991093821,-8.472648448538599e-07
1335.7993598719743,9.999999991091153,-9.313271866671882e-07
1336.1992398479695,9.999999991088483,-9.80373306177834e-07
1336.5991198239647,9.999999991085815,-9.922559702286345e-07
1336.99899979996,9.999999991083145,-9.659317083280486e-07
1337.3988797759553,9.999999991080477,-9.014608126502391e-07
1337.7987597519505,9.999999991077807,-8.000073380349783e-07
1338.1986397279456,9.99999999107514,-6.638391019876937e-07
1338.5985197039408,9.999999991072471,-4.963276846794562e-07
1338.998399679936,9.999999991069801,-3.0194842894698267e-07
1339.3982796559312,9.999999991067133,-8.628044029263983e-08
1339.7981596319264,9.999999991064463,1.4399341311556076e-07
1340.1980396079216,9.999999991061795,3.810865004439636e-07
1340.5979195839168,9.999999991059125,6.161084281932618e-07
1340.997799559912,9.999999991056457,8.390650401985025e-07
1341.3976795359072,9.999999991053787,1.0388584176290896e-06
1341.7975595119024,9.99999999105112,1.2032868789887829e-06
1342.1974394878976,9.99999999104845,1.31904498011568e-06
1342.5973194638927,9.999999991045781,1.3717235141822564e-06
1342.997199439888,9.999999991043111,1.3458095116953187e-06
1343.3970794158831,9.999999991040443,1.225516592605637e-06
1343.7969593918783,9.999999991037773,1.0473663017137288e-06
1344.1968393678735,9.999999991035105,8.480001814262334e-07
1344.5967193438687,9.999999991032436,6.393090213904056e-07
1344.996599319864,9.999999991029767,4.318338065075296e-07
1345.396479295859,9.9999999910271,2.3476571693291955e-07
1345.7963592718543,9.99999999102443,5.59461280759183e-08
1346.1962392478495,9.999999991021761,-9.813338940010221e-08
1346.5961192238447,9.999999991019092,-2.223310695777395e-07
1346.9959991998398,9.999999991016423,-3.1285495128556166e-07
1347.395879175835,9.999999991013754,-3.672628780981098e-07
1347.7957591518305,9.999999991011085,-3.844624983358926e-07
1348.1956391278256,9.999999991008416,-3.64711265065371e-07
1348.5955191038208,9.999999991005748,-3.0961643609901887e-07
1348.995399079816,9.999999991003078,-2.2213507399525654e-07
1349.3952790558112,9.99999999100041,-1.0657404605848047e-07
1349.7951590318064,9.99999999099774,3.140997566094754e-08
1350.1950390078016,9.999999990995072,1.8481051436669108e-07
1350.5949189837968,9.999999990992402,3.452712885164481e-07
1350.994798959792,9.999999990989734,5.030862118219382e-07
1351.3946789357872,9.999999990987066,6.471993932489201e-07
1351.7945589117824,9.999999990984396,7.652051370171698e-07
1352.1944388877776,9.999999990981728,8.433479426005046e-07
1352.5943188637727,9.999999990979058,8.66522504726765e-07
1352.994198839768,9.99999999097639,8.182737133778249e-07
1353.3940788157631,9.99999999097372,7.093811354188904e-07
1353.7939587917583,9.999999990971052,5.838936809252784e-07
1354.1938387677535,9.999999990968382,4.5031979844917483e-07
1354.5937187437487,9.999999990965714,3.1570080334343983e-07
1354.9935987197439,9.999999990963044,1.8620778613631702e-07
1355.393478695739,9.999999990960376,6.71416125314322e-08
1355.7933586717343,9.999999990957706,-3.706707659220524e-08
1356.1932386477295,9.999999990955038,-1.2285786518020357e-07
1356.5931186237246,9.99999999095237,-1.8754056200278787e-07
1356.9929985997198,9.9999999909497,-2.292952006547999e-07
1357.392878575715,9.999999990947032,-2.471720395556996e-07
1357.7927585517102,9.999999990944362,-2.410915619495628e-07
1358.1926385277054,9.999999990941694,-2.1184447590508255e-07
1358.5925185037006,9.999999990939024,-1.6109171431557e-07
1358.992398479696,9.999999990936356,-9.136443489890825e-08
1359.3922784556912,9.999999990933686,-6.06402019772265e-09
1359.7921584316864,9.999999990931018,9.053792242085853e-08
1360.1920384076816,9.999999990928348,1.9329956076505764e-07
1360.5919183836768,9.99999999092568,2.9620883781847533e-07
1360.991798359672,9.99999999092301,3.9238347174009897e-07
1361.3916783356672,9.999999990920342,4.740709558643021e-07
1361.7915583116624,9.999999990917672,5.326485587008307e-07
1362.1914382876575,9.999999990915004,5.586233239348249e-07
1362.5913182636527,9.999999990912336,5.416320704267989e-07
1362.991198239648,9.999999990909666,4.7623019689228377e-07
1363.3910782156431,9.999999990906998,3.842909722798358e-07
1363.7909581916383,9.999999990904328,2.7622752174243e-07
1364.1908381676335,9.99999999090166,1.5937400241688785e-07
1364.5907181436287,9.99999999089899,4.0313014146220065e-08
1364.9905981196239,9.999999990896322,-7.512440052037366e-08
1365.390478095619,9.999999990893652,-1.8185875632750402e-07
1365.7903580716143,9.999999990890984,-2.755621253135931e-07
1366.1902380476095,9.999999990888314,-3.526581368108733e-07
1366.5901180236046,9.999999990885646,-4.103219774453878e-07
1366.9899979995998,9.999999990882976,-4.464803911369915e-07
1367.389877975595,9.999999990880308,-4.5981167909934843e-07
1367.7897579515902,9.99999999087764,-4.497456998399352e-07
1368.1896379275854,9.99999999087497,-4.1646386916003795e-07
1368.5895179035806,9.999999990872302,-3.608991601547542e-07
1368.9893978795758,9.999999990869632,-2.8473610321299246e-07
1369.389277855571,9.999999990866964,-1.904107860174713e-07
1369.7891578315664,9.999999990864294,-8.111085354465588e-08
1370.1890378075616,9.999999990861626,3.9224491934989896e-08
1370.5889177835568,9.999999990858957,1.659044908573676e-07
1370.988797759552,9.999999990856288,2.934868263645182e-07
1371.3886777355472,9.999999990853619,4.157776243046673e-07
1371.7885577115424,9.99999999085095,5.258314532322302e-07
1372.1884376875375,9.99999999084828,6.159513244078117e-07
1372.5883176635327,9.999999990845613,6.776886917982064e-07
1372.988197639528,9.999999990842943,7.018434520763982e-07
1373.3880776155231,9.999999990840275,6.78463944621559e-07
1373.7879575915183,9.999999990837606,5.987225164214972e-07
1374.1878375675135,9.999999990834937,4.7224052351055614e-07
1374.5877175435087,9.999999990832269,3.1309979752236566e-07
1374.9875975195039,9.9999999908296,1.333827985426356e-07
1375.387477495499,9.99999999082693,-5.595083199157575e-08
1375.7873574714943,9.999999990824262,-2.450642712918617e-07
1376.1872374474895,9.999999990821593,-4.2524351521846796e-07
1376.5871174234846,9.999999990818925,-5.888973782802904e-07
1376.9869973994798,9.999999990816255,-7.295574936348783e-07
1377.386877375475,9.999999990813587,-8.418783130884312e-07
1377.7867573514702,9.999999990810917,-9.216371070958011e-07
1378.1866373274654,9.999999990808249,-9.65733964760491e-07
1378.5865173034606,9.999999990805579,-9.72191793834657e-07
1378.9863972794558,9.99999999080291,-9.401563207191041e-07
1379.386277255451,9.99999999080024,-8.69896090463292e-07
1379.7861572314462,9.999999990797573,-7.6280246676533e-07
1380.1860372074414,9.999999990794903,-6.213896319719797e-07
1380.5859171834368,9.999999990792235,-4.492945870785486e-07
1380.985797159432,9.999999990789567,-2.5127715172930283e-07
1381.3856771354272,9.999999990786897,-3.321996421686516e-08
1381.7855571114223,9.999999990784229,1.9787151851739156e-07
1382.1854370874175,9.999999990781559,4.3386902088344954e-07
1382.5853170634127,9.99999999077889,6.655214486426295e-07
1382.985197039408,9.999999990776221,8.8245488890762e-07
1383.385077015403,9.999999990773553,1.0731726101424325e-06
1383.7849569913983,9.999999990770883,1.2250550621624516e-06
1384.1848369673935,9.999999990768215,1.3243598761343906e-06
1384.5847169433887,9.999999990765545,1.3562218645763222e-06
1384.9845969193839,9.999999990762877,1.3046530213576628e-06
1385.384476895379,9.999999990760207,1.160673657259835e-06
1385.7843568713743,9.999999990757539,9.76065045837808e-07
1386.1842368473694,9.999999990754871,7.736862335230741e-07
1386.5841168233646,9.999999990752201,5.650420633414598e-07
1386.9839967993598,9.999999990749533,3.602907317444323e-07
1387.383876775355,9.999999990746863,1.6824378860909838e-07
1387.7837567513502,9.999999990744195,-3.6338627617937656e-09
1388.1836367273454,9.999999990741525,-1.492239656398561e-07
1388.5835167033406,9.999999990738857,-2.637549098710598e-07
1388.9833966793358,9.999999990736187,-3.438017318757364e-07
1389.383276655331,9.999999990733519,-3.87286114648576e-07
1389.7831566313262,9.99999999073085,-3.934763877586291e-07
1390.1830366073214,9.999999990728181,-3.6298752734930593e-07
1390.5829165833165,9.999999990725511,-2.977811561383734e-07
1390.9827965593117,9.999999990722843,-2.011655434179626e-07
1391.382676535307,9.999999990720173,-7.779560505456244e-08
1391.7825565113023,9.999999990717505,6.632709651106658e-08
1392.1824364872975,9.999999990714837,2.2385435226354953e-07
1392.5823164632927,9.999999990712167,3.8609130661339554e-07
1392.982196439288,9.9999999907095,5.429964573966744e-07
1393.382076415283,9.99999999070683,6.831816558751002e-07
1393.7819563912783,9.999999990704161,7.939121067360255e-07
1394.1818363672735,9.999999990701491,8.611063680924485e-07
1394.5817163432687,9.999999990698823,8.693363514829985e-07
1394.9815963192639,9.999999990696153,8.021254198759133e-07
1395.381476295259,9.999999990693485,6.870928454645025e-07
1395.7813562712543,9.999999990690815,5.574254340926261e-07
1396.1812362472494,9.999999990688147,4.2100351895166547e-07
1396.5811162232446,9.999999990685478,2.848225755949996e-07
1396.9809961992398,9.99999999068281,1.5499322193800585e-07
1397.380876175235,9.99999999068014,3.6741218258059514e-08
1397.7807561512302,9.999999990677471,-6.559253280546625e-08
1398.1806361272254,9.999999990674802,-1.4855198625120027e-07
1398.5805161032206,9.999999990672134,-2.0956595471577305e-07
1398.9803960792158,9.999999990669464,-2.4694810847381736e-07
1399.380276055211,9.999999990666796,-2.598969754379684e-07
1399.7801560312062,9.999999990664126,-2.4849594115886265e-07
1400.1800360072014,9.999999990661458,-2.1371324882513847e-07
1400.5799159831965,9.999999990658788,-1.5740199926343743e-07
1400.9797959591917,9.99999999065612,-8.230015093840128e-08
1401.379675935187,9.999999990653452,7.969480047324476e-09
1401.7795559111821,9.999999990650782,1.0889921995309402e-07
1402.1794358871773,9.999999990648114,2.1509653740025663e-07
1402.5793158631727,9.999999990645444,3.202840433722214e-07
1402.979195839168,9.999999990642776,4.1729949121421285e-07
1403.379075815163,9.999999990640106,4.980957766336354e-07
1403.7789557911583,9.999999990637438,5.537409376998305e-07
1404.1788357671535,9.999999990634768,5.744181548441438e-07
1404.5787157431487,9.9999999906321,5.494257508599085e-07
1404.9785957191439,9.99999999062943,4.767860443211507e-07
1405.378475695139,9.999999990626762,3.797931775159377e-07
1405.7783556711342,9.999999990624092,2.676200158508327e-07
1406.1782356471294,9.999999990621424,1.47625005671451e-07
1406.5781156231246,9.999999990618754,2.6398896820407304e-08
1406.9779955991198,9.999999990616086,-9.023525736268552e-08
1407.377875575115,9.999999990613416,-1.9722210004121568e-07
1407.7777555511102,9.999999990610748,-2.902739708815721e-07
1408.1776355271054,9.999999990608078,-3.6587090605314474e-07
1408.5775155031006,9.99999999060541,-4.2126063822832666e-07
1408.9773954790958,9.99999999060274,-4.544585965825092e-07
1409.377275455091,9.999999990600072,-4.642479067940871e-07
1409.7771554310862,9.999999990597402,-4.501793910444557e-07
1410.1770354070813,9.999999990594734,-4.125715680180117e-07
1410.5769153830765,9.999999990592066,-3.5251065290215193e-07
1410.9767953590717,9.999999990589396,-2.718505573872749e-07
1411.376675335067,9.999999990586728,-1.7321288966678227e-07
1411.776555311062,9.999999990584058,-5.998695443707552e-08
1412.1764352870573,9.99999999058139,6.367024710244671e-08
1412.5763152630525,9.99999999057872,1.9283401724937658e-07
1412.9761952390477,9.999999990576052,3.2181196179831014e-07
1413.3760752150429,9.999999990573382,4.4414399004084374e-07
1413.7759551910383,9.999999990570714,5.526023147656224e-07
1414.1758351670335,9.999999990568044,6.391914522581111e-07
1414.5757151430287,9.999999990565376,6.951482223009713e-07
1414.9755951190239,9.999999990562706,7.109417481737846e-07
1415.375475095019,9.999999990560038,6.76273456653144e-07
1415.7753550710142,9.99999999055737,5.84666941179244e-07
1416.1752350470094,9.9999999905547,4.5009139043163586e-07
1416.5751150230046,9.999999990552032,2.8593084158468906e-07
1416.9749949989998,9.999999990549362,1.0397161252568296e-07
1417.374874974995,9.999999990546694,-8.51234660478862e-08
1417.7747549509902,9.999999990544024,-2.7181505062830485e-07
1418.1746349269854,9.999999990541356,-4.4768728489764253e-07
1418.5745149029806,9.999999990538686,-6.054477997277512e-07
1418.9743948789758,9.999999990536018,-7.389277131802663e-07
1419.374274854971,9.999999990533349,-8.430816305066058e-07
1419.7741548309662,9.99999999053068,-9.139876441479711e-07
1420.1740348069613,9.99999999052801,-9.488473337353455e-07
1420.5739147829565,9.999999990525342,-9.459857660894953e-07
1420.9737947589517,9.999999990522674,-9.048514952209711e-07
1421.373674734947,9.999999990520005,-8.260165623301048e-07
1421.773554710942,9.999999990517336,-7.111764958070111e-07
1422.1734346869373,9.999999990514667,-5.631503112315922e-07
1422.5733146629325,9.999999990511999,-3.8588051137352407e-07
1422.9731946389277,9.999999990509329,-1.8443308619227387e-07
1423.3730746149229,9.99999999050666,3.50024871629143e-08
1423.772954590918,9.99999999050399,2.651132443530066e-07
1424.1728345669133,9.999999990501323,4.974627338491932e-07
1424.5727145429087,9.999999990498653,7.224910169329996e-07
1424.9725945189039,9.999999990495985,9.295146676957903e-07
1425.372474494899,9.999999990493315,1.106726773039529e-06
1425.7723544708942,9.999999990490647,1.2411969326762778e-06
1426.1722344468894,9.999999990487977,1.3188712591282986e-06
1426.5721144228846,9.999999990485309,1.3245723777280952e-06
1426.9719943988798,9.99999999048264,1.241999426618359e-06
1427.371874374875,9.999999990479973,1.0797934485551742e-06
1427.7717543508702,9.999999990477303,8.899401421474037e-07
1428.1716343268654,9.999999990474635,6.861446184009462e-07
1428.5715143028606,9.999999990471965,4.794267831669396e-07
1428.9713942788558,9.999999990469297,2.794696719022974e-07
1429.371274254851,9.999999990466627,9.461944966970877e-08
1429.7711542308462,9.999999990463959,-6.81145888623615e-08
1430.1710342068413,9.999999990461289,-2.030600194196732e-07
1430.5709141828365,9.99999999045862,-3.058812881222116e-07
1430.9707941588317,9.999999990455951,-3.7357971148418447e-07
1431.370674134827,9.999999990453283,-4.0449347641402605e-07
1431.770554110822,9.999999990450613,-3.9829764021439397e-07
1432.1704340868173,9.999999990447945,-3.5600413058217105e-07
1432.5703140628125,9.999999990445275,-2.7996174560846263e-07
1432.9701940388077,9.999999990442607,-1.7385615377860266e-07
1433.3700740148029,9.999999990439939,-4.270989397214482e-08
1433.769953990798,9.999999990437269,1.0711762453712856e-07
1434.1698339667932,9.9999999904346,2.6793012208121406e-07
1434.5697139427884,9.999999990431931,4.3069444859788407e-07
1434.9695939187836,9.999999990429263,5.850405836306802e-07
1435.3694738947788,9.999999990426593,7.192616363289252e-07
1435.7693538707742,9.999999990423925,8.203138454477643e-07
1436.1692338467694,9.999999990421255,8.738165793479467e-07
1436.5691138227646,9.999999990418587,8.640523359961846e-07
1436.9689937987598,9.999999990415919,7.782219808752376e-07
1437.368873774755,9.999999990413249,6.57651868782521e-07
1437.7687537507502,9.999999990410581,5.240417735072451e-07
1438.1686337267454,9.999999990407911,3.852043035871067e-07
1438.5685137027406,9.999999990405243,2.480539664398713e-07
1438.9683936787358,9.999999990402573,1.186071683633735e-07
1439.368273654731,9.999999990399905,1.9822145355177406e-09
1439.7681536307261,9.999999990397235,-9.760069098572357e-08
1440.1680336067213,9.999999990394567,-1.7681944526230839e-07
1440.5679135827165,9.999999990391897,-2.332500464761255e-07
1440.9677935587117,9.99999999038923,-2.6536659392899427e-07
1441.367673534707,9.99999999038656,-2.7254128804266695e-07
1441.767553510702,9.999999990383891,-2.550444303588234e-07
1442.1674334866973,9.999999990381223,-2.1404442353907663e-07
1442.5673134626925,9.999999990378553,-1.5160777136497134e-07
1442.9671934386877,9.999999990375885,-7.069907873798101e-08
1443.3670734146829,9.999999990373215,2.4818948320489397e-08
1443.766953390678,9.999999990370547,1.3018550266910284e-07
1444.1668333666732,9.999999990367877,2.3974167604659263e-07
1444.5667133426684,9.99999999036521,3.469304590717593e-07
1444.9665933186636,9.99999999036254,4.4429674124347466e-07
1445.3664732946588,9.999999990359871,5.234873109406803e-07
1445.766353270654,9.999999990357201,5.752508554223857e-07
1446.1662332466492,9.999999990354533,5.894379608276643e-07
1446.5661132226446,9.999999990351863,5.55001112175631e-07
1446.9659931986398,9.999999990349195,4.7514552661875014e-07
1447.365873174635,9.999999990346527,3.727823558686501e-07
1447.7657531506302,9.999999990343857,2.56262501704621e-07
1448.1656331266254,9.99999999034119,1.3297078882536993e-07
1448.5655131026206,9.99999999033852,9.506778680592028e-09
1448.9653930786158,9.999999990335851,-1.0831523052902995e-07
1449.365273054611,9.999999990333182,-2.1546620385182514e-07
1449.7651530306061,9.999999990330513,-3.077023695851342e-07
1450.1650330066013,9.999999990327844,-3.815652192753108e-07
1450.5649129825965,9.999999990325176,-4.343815077177187e-07
1450.9647929585917,9.999999990322507,-4.6426325295673583e-07
1451.364672934587,9.999999990319838,-4.701077362857513e-07
1451.764552910582,9.99999999031717,-4.515975022471656e-07
1452.1644328865773,9.9999999903145,-4.0920035863239105e-07
1452.5643128625725,9.999999990311832,-3.4416937648185397e-07
1452.9641928385677,9.999999990309162,-2.5854289008499095e-07
1453.3640728145629,9.999999990306494,-1.5514449698025096e-07
1453.763952790558,9.999999990303824,-3.758305795509521e-08
1454.1638327665532,9.999999990301156,8.97473029540062e-08
1454.5637127425484,9.999999990298486,2.2166719846156472e-07
1454.9635927185436,9.999999990295818,3.5221197803308365e-07
1455.3634726945388,9.999999990293148,4.7463172788505554e-07
1455.763352670534,9.99999999029048,5.813912709849609e-07
1456.1632326465292,9.99999999028781,6.641701670512617e-07
1456.5631126225244,9.999999990285142,7.138627125534203e-07
1456.9629925985196,9.999999990282474,7.205779407118733e-07
1457.3628725745148,9.999999990279804,6.736396214980554e-07
1457.7627525505102,9.999999990277134,5.706780585549646e-07
1458.1626325265054,9.999999990274466,4.2832098948736645e-07
1458.5625125025006,9.999999990271796,2.5929238898004176e-07
1458.9623924784958,9.999999990269128,7.511812743898545e-08
1459.362272454491,9.999999990266458,-1.1380362433318728e-07
1459.7621524304861,9.99999999026379,-2.9820239513724143e-07
1460.1620324064813,9.99999999026112,-4.6993541337732117e-07
1460.5619123824765,9.999999990258452,-6.219876070609506e-07
1460.9617923584717,9.999999990255784,-7.484716037990343e-07
1461.361672334467,9.999999990253114,-8.446277308058556e-07
1461.761552310462,9.999999990250446,-9.068240148990791e-07
1462.1614322864573,9.999999990247776,-9.325561824997476e-07
1462.5613122624525,9.999999990245108,-9.204476596322835e-07
1462.9611922384477,9.999999990242438,-8.702495719244923e-07
1463.3610722144429,9.99999999023977,-7.828407446075534e-07
1463.760952190438,9.9999999902371,-6.602277025160323e-07
1464.1608321664332,9.999999990234432,-5.055446700878713e-07
1464.5607121424284,9.999999990231762,-3.23053571364391e-07
1464.9605921184236,9.999999990229094,-1.1814402999029695e-07
1465.3604720944188,9.999999990226424,1.0266663078633526e-07
1465.760352070414,9.999999990223756,3.3173338811403644e-07
1466.1602320464092,9.999999990221086,5.602835195379734e-07
1466.5601120224044,9.999999990218418,7.784166029999187e-07
1466.9599919983996,9.99999999021575,9.751045168382743e-07
1467.3598719743948,9.99999999021308,1.1381914397880527e-06
1467.75975195039,9.999999990210412,1.2543938509809018e-06
1468.1596319263851,9.999999990207742,1.3093005299450825e-06
1468.5595119023806,9.999999990205074,1.287372556605428e-06
1468.9593918783758,9.999999990202404,1.1727885213844615e-06
1469.359271854371,9.999999990199735,1.000627499117406e-06
1469.7591518303661,9.999999990197066,8.063418536931424e-07
1470.1590318063613,9.999999990194397,6.01811045721818e-07
1470.5589117823565,9.999999990191728,3.975851768028437e-07
1470.9587917583517,9.99999999018906,2.0288498952489241e-07
1471.358671734347,9.99999999018639,2.5601867465900428e-08
1471.758551710342,9.999999990183722,-1.2770216480693385e-07
1472.1584316863373,9.999999990181053,-2.5179444173714834e-07
1472.5583116623325,9.999999990178384,-3.4277165677901897e-07
1472.9581916383277,9.999999990175715,-3.980598623975595e-07
1473.3580716143229,9.999999990173047,-4.164144700685194e-07
1473.757951590318,9.999999990170377,-3.9792025027838713e-07
1474.1578315663132,9.999999990167709,-3.4399133252438657e-07
1474.5577115423084,9.999999990165039,-2.5737120531448037e-07
1474.9575915183036,9.99999999016237,-1.4213271616736754e-07
1475.3574714942988,9.9999999901597,-3.6780716124857466e-09
1475.757351470294,9.999999990157033,1.5126116280999249e-07
1476.1572314462892,9.999999990154363,3.146240625491547e-07
1476.5571114222844,9.999999990151695,4.770203440433546e-07
1476.9569913982796,9.999999990149027,6.277303647202017e-07
1477.3568713742748,9.999999990146357,7.547051229965802e-07
1477.75675135027,9.999999990143689,8.445662582786234e-07
1478.1566313262651,9.999999990141019,8.826060509617368e-07
1478.5565113022603,9.99999999013835,8.527874224305866e-07
1478.9563912782555,9.99999999013568,7.513893562451848e-07
1479.3562712542507,9.999999990133013,6.253889245555884e-07
1479.7561512302461,9.999999990130343,4.881022264554662e-07
1480.1560312062413,9.999999990127675,3.472466396723159e-07
1480.5559111822365,9.999999990125005,2.0962889539843516e-07
1480.9557911582317,9.999999990122337,8.11450782912329e-08
1481.355671134227,9.999999990119669,-3.321937352684637e-08
1481.755551110222,9.999999990116999,-1.293896684683226e-07
1482.1554310862173,9.99999999011433,-2.0420166148067985e-07
1482.5553110622125,9.999999990111661,-2.5540185404636624e-07
1482.9551910382077,9.999999990108993,-2.816473941827954e-07
1483.3550710142028,9.999999990106323,-2.825060764423431e-07
1483.754950990198,9.999999990103655,-2.584563419123528e-07
1484.1548309661932,9.999999990100985,-2.108872782151292e-07
1484.5547109421884,9.999999990098317,-1.4209861950794327e-07
1484.9545909181836,9.999999990095647,-5.530074648302846e-08
1485.3544708941788,9.999999990092979,4.538531363241566e-08
1485.754350870174,9.99999999009031,1.5492788707622495e-07
1486.1542308461692,9.999999990087641,2.673846535512732e-07
1486.5541108221644,9.999999990084971,3.7590264622546703e-07
1486.9539907981596,9.999999990082303,4.727182517317506e-07
1487.3538707741548,9.999999990079635,5.491572101681025e-07
1487.75375075015,9.999999990076965,5.956346150975424e-07
1488.1536307261451,9.999999990074297,6.01654913548112e-07
1488.5535107021403,9.999999990071627,5.559065290168058e-07
1488.9533906781355,9.99999999006896,4.691617299282011e-07
1489.3532706541307,9.99999999006629,3.613457462187349e-07
1489.753150630126,9.999999990063621,2.406332232423147e-07
1490.153030606121,9.999999990060951,1.1439742615224925e-07
1490.5529105821165,9.999999990058283,-1.0789760098822258e-08
1490.9527905581117,9.999999990055613,-1.2915783075864463e-07
1491.352670534107,9.999999990052945,-2.357376612757799e-07
1491.752550510102,9.999999990050275,-3.2636150729931697e-07
1492.1524304860973,9.999999990047607,-3.9766300467894357e-07
1492.5523104620925,9.99999999004494,-4.470771694649476e-07
1492.9521904380877,9.99999999004227,-4.7284039790821525e-07
1493.3520704140828,9.999999990039601,-4.739904664602332e-07
1493.751950390078,9.999999990036931,-4.5036653177308484e-07
1494.1518303660732,9.999999990034263,-4.026091306994553e-07
1494.5517103420684,9.999999990031593,-3.3216018029262876e-07
1494.9515903180636,9.999999990028925,-2.4126297780648673e-07
1495.3514702940588,9.999999990026256,-1.3296220069551139e-07
1495.751350270054,9.999999990023587,-1.1103906614786222e-08
1496.1512302460492,9.999999990020918,1.1966446658001254e-07
1496.5511102220444,9.99999999001825,2.538941008326024e-07
1496.9509901980396,9.99999999001558,3.8533479788610526e-07
1497.3508701740348,9.999999990012912,5.069349792830438e-07
1497.75075015003,9.999999990010242,6.108416863653382e-07
1498.1506301260251,9.999999990007574,6.884005802743149e-07
1498.5505101020203,9.999999990004905,7.301559419506966e-07
1498.9503900780155,9.999999990002236,7.258506721346089e-07
1499.3502700540107,9.999999989999568,6.645598785513574e-07
1499.750150030006,9.999999989996898,5.505377115601066e-07
1500.150030006001,9.99999998999423,4.0057447032227095e-07
1500.5499099819963,9.99999998999156,2.270350703250013e-07
1500.9497899579915,9.999999989988892,4.115361608630928e-08
1501.3496699339867,9.999999989986222,-1.4696659884493166e-07
1501.749549909982,9.999999989983554,-3.283530918890876e-07
1502.1494298859773,9.999999989980886,-4.951641914353539e-07
1502.5493098619725,9.999999989978216,-6.406890368423814e-07
1502.9491898379677,9.999999989975548,-7.59347578437853e-07
1503.3490698139628,9.999999989972878,-8.466905775185909e-07
1503.748949789958,9.99999998997021,-8.993996063505574e-07
1504.1488297659532,9.99999998996754,-9.152870481688534e-07
1504.5487097419484,9.999999989964872,-8.932960971777167e-07
1504.9485897179436,9.999999989962202,-8.335007585505269e-07
1505.3484696939388,9.999999989959534,-7.371058484298014e-07
1505.748349669934,9.999999989956864,-6.064469939271971e-07
1506.1482296459292,9.999999989954196,-4.4499063312350925e-07
1506.5481096219244,9.999999989951526,-2.573340150686677e-07
1506.9479895979196,9.999999989948858,-4.920519978175413e-08
1507.3478695739147,9.999999989946188,1.7253694174902849e-07
1507.74774954991,9.99999998994352,3.9990272756632217e-07
1508.1476295259051,9.99999998994085,6.237716647436397e-07
1508.5475095019003,9.999999989938182,8.338924493853536e-07
1508.9473894778955,9.999999989935514,1.0188829666266917e-06
1509.3472694538907,9.999999989932844,1.1662302906337487e-06
1509.747149429886,9.999999989930176,1.2622906846034816e-06
1510.147029405881,9.999999989927506,1.292289600763705e-06
1510.5469093818763,9.999999989924838,1.240321680373085e-06
1510.9467893578715,9.999999989922168,1.095216529991136e-06
1511.3466693338667,9.9999999899195,8.873588757247663e-07
1511.7465493098618,9.99999998991683,6.396416258738055e-07
1512.146429285857,9.999999989914162,3.6934400477533337e-07
1512.5463092618525,9.999999989911494,9.20045996889948e-08
1512.9461892378476,9.999999989908824,-1.78578639202364e-07
1513.3460692138428,9.999999989906156,-4.303483987936516e-07
1513.745949189838,9.999999989903486,-6.529880030568989e-07
1514.1458291658332,9.999999989900818,-8.379214130414107e-07
1514.5457091418284,9.999999989898148,-9.78313226873772e-07
1514.9455891178236,9.99999998989548,-1.0690686797578413e-06
1515.3454690938188,9.99999998989281,-1.1068336439747578e-06
1515.745349069814,9.999999989890142,-1.089994628882935e-06
1516.1452290458092,9.999999989887472,-1.0186787809180615e-06
1516.5451090218044,9.999999989884804,-8.947538835931064e-07
1516.9449889977996,9.999999989882134,-7.21828357498317e-07
1517.3448689737947,9.999999989879466,-5.052512603012111e-07
1517.74474894979,9.999999989876796,-2.521122867465911e-07
1518.1446289257851,9.999999989874128,2.8758231343471055e-08
1518.5445089017803,9.99999998987146,3.267893250696205e-07
1518.9443888777755,9.99999998986879,6.296693884552278e-07
1519.3442688537707,9.999999989866122,9.233461784463915e-07
1519.744148829766,9.999999989863452,1.1920268149119197e-06
1520.144028805761,9.999999989860784,1.4181777806433636e-06
1520.5439087817563,9.999999989858114,1.5825249213549735e-06
1520.9437887577515,9.999999989855446,1.6640534456837545e-06
1521.3436687337467,9.999999989852776,1.6400079251893926e-06
1521.7435487097418,9.999999989850108,1.4884637934608915e-06
1522.143428685737,9.99999998984744,1.2647749220326368e-06
1522.5433086617322,9.99999998984477,1.0131248394344335e-06
1522.9431886377274,9.999999989842102,7.488106803099785e-07
1523.3430686137226,9.999999989839433,4.854120465427693e-07
1523.742948589718,9.999999989836764,2.3479100725596865e-07
1524.1428285657132,9.999999989834095,7.092098812963197e-09
1524.5427085417084,9.999999989831426,-1.89257675183495e-07
1524.9425885177036,9.999999989828757,-3.475488438907063e-07
1525.3424684936988,9.999999989826089,-4.627894692261729e-07
1525.742348469694,9.999999989823419,-5.317051458675924e-07
1526.1422284456892,9.99999998982075,-5.527390012528657e-07
1526.5421084216844,9.99999998981808,-5.260516955800911e-07
1526.9419883976796,9.999999989815413,-4.535214218075655e-07
1527.3418683736747,9.999999989812743,-3.387439056537889e-07
1527.74174834967,9.999999989810075,-1.870324055974585e-07
1528.1416283256651,9.999999989807405,-5.417712877466911e-09
1528.5415083016603,9.999999989804737,1.9735184850708817e-07
1528.9413882776555,9.999999989802069,4.108104217969108e-07
1529.3412682536507,9.999999989799399,6.227746174725043e-07
1529.741148229646,9.99999998979673,8.193435132541742e-07
1530.141028205641,9.99999998979406,9.848986541020345e-07
1530.5409081816363,9.999999989791393,1.1021040522159857e-06
1530.9407881576315,9.999999989788723,1.1519061870357325e-06
1531.3406681336267,9.999999989786055,1.1135340052407873e-06
1531.7405481096218,9.999999989783385,9.828425906555049e-07
1532.140428085617,9.999999989780715,8.247461529154346e-07
1532.5403080616122,9.999999989778047,6.560183282294082e-07
1532.9401880376074,9.999999989775377,4.85483063640759e-07
1533.3400680136026,9.999999989772709,3.208732384850152e-07
1533.7399479895978,9.999999989770041,1.688306643899e-07
1534.139827965593,9.999999989767371,3.4906085275331897e-08
1534.5397079415884,9.999999989764703,-7.644082264663181e-08
1534.9395879175836,9.999999989762033,-1.618414508715557e-07
1535.3394678935788,9.999999989759365,-2.1901825860300667e-07
1535.739347869574,9.999999989756695,-2.4678477275228674e-07
1536.1392278455692,9.999999989754027,-2.450455879385037e-07
1536.5391078215644,9.999999989751357,-2.1479636648856987e-07
1536.9389877975595,9.999999989748689,-1.5812383843720187e-07
1537.3388677735547,9.99999998974602,-7.82058015269226e-08
1537.73874774955,9.999999989743351,2.068887879193998e-08
1538.1386277255451,9.999999989740681,1.3320026936125476e-07
1538.5385077015403,9.999999989738013,2.528773693150843e-07
1538.9383876775355,9.999999989735343,3.7217811007968485e-07
1539.3382676535307,9.999999989732675,4.824693553735104e-07
1539.7381476295259,9.999999989730007,5.740269012072098e-07
1540.138027605521,9.999999989727337,6.36035475883624e-07
1540.5379075815163,9.99999998972467,6.565887399977903e-07
1540.9377875575115,9.999999989722,6.226892864369429e-07
1541.3376675335066,9.999999989719331,5.383915196602307e-07
1541.7375475095018,9.999999989716661,4.349807907334502e-07
1542.137427485497,9.999999989713993,3.2060339731887316e-07
1542.5373074614922,9.999999989711325,2.0203348268415385e-07
1542.9371874374874,9.999999989708655,8.527793101290766e-08
1543.3370674134826,9.999999989705987,-2.4423632595288187e-08
1543.7369473894778,9.999999989703317,-1.2259884212489504e-07
1544.136827365473,9.99999998970065,-2.0554259064441324e-07
1544.5367073414682,9.99999998969798,-2.7031703030638137e-07
1544.9365873174634,9.999999989695311,-3.147515723473764e-07
1545.3364672934586,9.999999989692641,-3.374428870880144e-07
1545.736347269454,9.999999989689973,-3.377549039329432e-07
1546.1362272454492,9.999999989687304,-3.1581881137085544e-07
1546.5361072214444,9.999999989684635,-2.725330569744901e-07
1546.9359871974395,9.999999989681966,-2.0956334740061704e-07
1547.3358671734347,9.999999989679297,-1.2934264839004543e-07
1547.73574714943,9.999999989676628,-3.5071184767622407e-08
1548.1356271254251,9.99999998967396,6.928355955776441e-08
1548.5355071014203,9.99999998967129,1.7898684159319239e-07
1548.9353870774155,9.999999989668622,2.8853665926169747e-07
1549.3352670534107,9.999999989665953,3.9166375140227755e-07
1549.7351470294059,9.999999989663284,4.813315977698909e-07
1550.135027005401,9.999999989660616,5.497364190354645e-07
1550.5349069813963,9.999999989657946,5.883071767858733e-07
1550.9347869573915,9.999999989655278,5.877055735239679e-07
1551.3346669333866,9.999999989652608,5.380406361838377e-07
1551.7345469093818,9.99999998964994,4.4577011705245056e-07
1552.134426885377,9.99999998964727,3.260167577620649e-07
1552.5343068613722,9.999999989644602,1.884683998788714e-07
1552.9341868373674,9.999999989641934,4.1915544545715935e-08
1553.3340668133626,9.999999989639264,-1.0574864751789942e-07
1553.7339467893578,9.999999989636596,-2.4752835601581687e-07
1554.133826765353,9.999999989633926,-3.7732510107522263e-07
1554.5337067413482,9.999999989631258,-4.899377432466478e-07
1554.9335867173434,9.999999989628588,-5.810624835039669e-07
1555.3334666933386,9.99999998962592,-6.472928632443998e-07
1555.7333466693337,9.99999998962325,-6.861197642885084e-07
1556.133226645329,9.999999989620582,-6.959314088802018e-07
1556.5331066213244,9.999999989617912,-6.760133596867111e-07
1556.9329865973195,9.999999989615244,-6.265485197986547e-07
1557.3328665733147,9.999999989612574,-5.486171327299706e-07
1557.73274654931,9.999999989609906,-4.4419678241794596e-07
1558.132626525305,9.999999989607236,-3.1616239322320747e-07
1558.5325065013003,9.999999989604568,-1.6828622992972873e-07
1558.9323864772955,9.9999999896019,-5.237897744827312e-09
1559.3322664532907,9.99999998959923,1.674156577008335e-07
1559.7321464292859,9.999999989596562,3.4321015035324993e-07
1560.132026405281,9.999999989593892,5.14783953735072e-07
1560.5319063812763,9.999999989591224,6.73878100945603e-07
1560.9317863572714,9.999999989588554,8.11336284660805e-07
1561.3316663332666,9.999999989585886,9.171048571332963e-07
1561.7315463092618,9.999999989583216,9.802328301923487e-07
1562.131426285257,9.999999989580548,9.888718752438893e-07
1562.5313062612522,9.999999989577878,9.302763232705096e-07
1562.9311862372474,9.999999989575208,7.985612628013889e-07
1563.3310662132426,9.99999998957254,6.135213832524236e-07
1563.7309461892378,9.99999998956987,3.923442668724452e-07
1564.130826165233,9.999999989567202,1.5037044088660622e-07
1564.5307061412282,9.999999989564534,-9.856063325913779e-08
1564.9305861172234,9.999999989561864,-3.4211055989802904e-07
1565.3304660932185,9.999999989559196,-5.694420091425067e-07
1565.7303460692137,9.999999989556526,-7.71218716884207e-07
1566.130226045209,9.999999989553858,-9.396054847939648e-07
1566.5301060212041,9.999999989551188,-1.0682681803218092e-06
1566.9299859971993,9.99999998954852,-1.1523737366969707e-06
1567.3298659731945,9.99999998954585,-1.188590152927874e-06
1567.72974594919,9.999999989543182,-1.1750864938021211e-06
1568.129625925185,9.999999989540513,-1.1115328898865462e-06
1568.5295059011803,9.999999989537844,-9.991005375271747e-07
1568.9293858771755,9.999999989535175,-8.404616988492237e-07
1569.3292658531707,9.999999989532506,-6.397897017571072e-07
1569.7291458291659,9.999999989529837,-4.027589399344333e-07
1570.129025805161,9.999999989527169,-1.365448728440081e-07
1570.5289057811563,9.9999999895245,1.5017597427216105e-07
1570.9287857571514,9.99999998952183,4.4722601039286843e-07
1571.3286657331466,9.999999989519162,7.429265787177201e-07
1571.7285457091418,9.999999989516493,1.0240979566671209e-06
1572.128425685137,9.999999989513825,1.2760593558822665e-06
1572.5283056611322,9.999999989511155,1.4826289222251724e-06
1572.9281856371274,9.999999989508487,1.6261237357786526e-06
1573.3280656131226,9.999999989505817,1.6873598108463198e-06
1573.7279455891178,9.999999989503149,1.6456520959525895e-06
1574.127825565113,9.999999989500479,1.4822543808263601e-06
1574.5277055411082,9.999999989497809,1.2435643501886259e-06
1574.9275855171034,9.99999998949514,9.66440105051463e-07
1575.3274654930985,9.999999989492471,6.691993975234029e-07
1575.7273454690937,9.999999989489803,3.68211709390058e-07
1576.127225445089,9.999999989487135,7.789825211412195e-08
1576.5271054210841,9.999999989484465,-1.892680331646304e-07
1576.9269853970793,9.999999989481797,-4.22762475629342e-07
1577.3268653730745,9.999999989479127,-6.140086747860765e-07
1577.7267453490697,9.999999989476459,-7.563785004638145e-07
1578.1266253250649,9.999999989473789,-8.451920928144574e-07
1578.5265053010603,9.999999989471121,-8.777178623128252e-07
1578.9263852770555,9.999999989468451,-8.531724897566187e-07
1579.3262652530507,9.999999989465783,-7.727209262665322e-07
1579.7261452290459,9.999999989463113,-6.394763932861398e-07
1580.126025205041,9.999999989460445,-4.585003825819411e-07
1580.5259051810363,9.999999989457775,-2.3680265624334187e-07
1580.9257851570314,9.999999989455107,1.6658753317317145e-08
1581.3256651330266,9.999999989452437,2.9097754336478555e-07
1581.7255451090218,9.999999989449769,5.732991408408942e-07
1582.125425085017,9.999999989447101,8.488207023645587e-07
1582.5253050610122,9.999999989444431,1.100791114231762e-06
1582.9251850370074,9.999999989441763,1.310510992415584e-06
1583.3250650130026,9.999999989439093,1.457332682566172e-06
1583.7249449889978,9.999999989436425,1.5186602600107698e-06
1584.124824964993,9.999999989433755,1.4699495297536896e-06
1584.5247049409882,9.999999989431085,1.3029446810902076e-06
1584.9245849169833,9.999999989428417,1.0985472224422663e-06
1585.3244648929785,9.999999989425747,8.808013189963067e-07
1585.7243448689737,9.99999998942308,6.609638933564484e-07
1586.124224844969,9.999999989420411,4.488921966560178e-07
1586.524104820964,9.999999989417741,2.5304380855754826e-07
1586.9239847969593,9.999999989415073,8.04766372527798e-08
1587.3238647729545,9.999999989412403,-6.315108053734106e-08
1587.7237447489497,9.999999989409735,-1.735807795626615e-07
1588.1236247249449,9.999999989407065,-2.4795356604381946e-07
1588.52350470094,9.999999989404397,-2.848102176722491e-07
1588.9233846769353,9.999999989401728,-2.8409118361017676e-07
1589.3232646529304,9.99999998939906,-2.471365844906217e-07
1589.7231446289259,9.99999998939639,-1.7668621241734785e-07
1590.123024604921,9.999999989393721,-7.687953096504171e-08
1590.5229045809162,9.999999989391052,4.674432482092461e-08
1590.9227845569114,9.999999989388384,1.872465484243588e-07
1591.3226645329066,9.999999989385714,3.362886618582747e-07
1591.7225445089018,9.999999989383046,4.841325156648919e-07
1592.122424484897,9.999999989380376,6.196402889156399e-07
1592.5223044608922,9.999999989377708,7.302744892111501e-07
1592.9221844368874,9.99999998937504,8.020979526812629e-07
1593.3220644128826,9.99999998937237,8.197738439850288e-07
1593.7219443888778,9.999999989369702,7.665656563106963e-07
1594.121824364873,9.999999989367033,6.604030621977483e-07
1594.5217043408682,9.999999989364364,5.395300798800008e-07
1594.9215843168633,9.999999989361696,4.114800694417258e-07
1595.3214642928585,9.999999989359026,2.829353803616708e-07
1595.7213442688537,9.999999989356358,1.5974532476331826e-07
1596.121224244849,9.999999989353688,4.692617741488501e-08
1596.521104220844,9.99999998935102,-5.1338824270676106e-08
1596.9209841968393,9.99999998934835,-1.3169948023567851e-07
1597.3208641728345,9.999999989345682,-1.9163862777770037e-07
1597.7207441488297,9.999999989343012,-2.2947214154958434e-07
1598.1206241248249,9.999999989340344,-2.443489335594395e-07
1598.52050410082,9.999999989337674,-2.3625095317063884e-07
1598.9203840768153,9.999999989335006,-2.0599318710182138e-07
1599.3202640528104,9.999999989332336,-1.5522365942689039e-07
1599.7201440288056,9.999999989329668,-8.642343157501457e-08
1600.1200240048008,9.999999989326998,-2.906602330628961e-09
1600.5199039807962,9.99999998932433,9.117969216662493e-08
1600.9197839567914,9.999999989321662,1.9085527842167082e-07
1601.3196639327866,9.999999989318992,2.9030694558433213e-07
1601.7195439087818,9.999999989316324,3.828884454491124e-07
1602.119423884777,9.999999989313654,4.6112049245525265e-07
1602.5193038607722,9.999999989310986,5.166907636867268e-07
1602.9191838367674,9.999999989308316,5.40453898872245e-07
1603.3190638127626,9.999999989305648,5.22431500385252e-07
1603.7189437887578,9.999999989302978,4.5773089143173424e-07
1604.118823764753,9.99999998930031,3.6666703297123103e-07
1604.5187037407482,9.999999989297642,2.5914832052132674e-07
1604.9185837167433,9.999999989294972,1.4252929785579453e-07
1605.3184636927385,9.999999989292304,2.3418328439292413e-08
1605.7183436687337,9.999999989289634,-9.232240457263748e-08
1606.118223644729,9.999999989286966,-1.9957689833356837e-07
1606.518103620724,9.999999989284296,-2.939753303061891e-07
1606.9179835967193,9.999999989281628,-3.718940582623043e-07
1607.3178635727145,9.999999989278958,-4.304556202828336e-07
1607.7177435487097,9.99999998927629,-4.675287347578133e-07
1608.1176235247049,9.99999998927362,-4.817283003863935e-07
1608.5175035007,9.999999989270952,-4.724153961768417e-07
1608.9173834766952,9.999999989268282,-4.3969728144653913e-07
1609.3172634526904,9.999999989265614,-3.8442739582198484e-07
1609.7171434286856,9.999999989262944,-3.082053592387909e-07
1610.1170234046808,9.999999989260276,-2.133769719416868e-07
1610.516903380676,9.999999989257608,-1.0303421448451717e-07
1610.9167833566712,9.999999989254938,1.898475226975745e-08
1611.3166633326664,9.99999998925227,1.480955871490637e-07
1611.7165433086618,9.9999999892496,2.789677686722812e-07
1612.116423284657,9.999999989246932,4.0552459504895457e-07
1612.5163032606522,9.999999989244262,5.209431841797331e-07
1612.9161832366474,9.999999989241594,6.176544736560778e-07
1613.3160632126426,9.999999989238924,6.873432207603404e-07
1613.7159431886378,9.999999989236256,7.20948002465745e-07
1614.115823164633,9.999999989233586,7.086612154364099e-07
1614.5157031406281,9.999999989230918,6.402942734092346e-07
1614.9155831166233,9.99999998922825,5.192760854145803e-07
1615.3154630926185,9.99999998922558,3.6042855595476e-07
1615.7153430686137,9.999999989222912,1.767006172821282e-07
1616.115223044609,9.999999989220242,-2.0128786419353782e-08
1616.515103020604,9.999999989217574,-2.194506990341174e-07
1616.9149829965993,9.999999989214905,-4.118261525149883e-07
1617.3148629725945,9.999999989212236,-5.889861668831855e-07
1617.7147429485897,9.999999989209567,-7.438317502283203e-07
1618.1146229245849,9.999999989206898,-8.704338987083993e-07
1618.51450290058,9.999999989204229,-9.6403359654982e-07
1618.9143828765752,9.99999998920156,-1.021041816047375e-06
1619.3142628525704,9.999999989198892,-1.0390395175642512e-06
1619.7141428285656,9.999999989196223,-1.0167776495320255e-06
1620.1140228045608,9.999999989193554,-9.541771484506709e-07
1620.513902780556,9.999999989190885,-8.523289388885544e-07
1620.9137827565512,9.999999989188217,-7.134939334824327e-07
1621.3136627325464,9.999999989185547,-5.411030329374608e-07
1621.7135427085416,9.999999989182879,-3.3975712602718184e-07
1622.1134226845368,9.999999989180209,-1.1522708959353778e-07
1622.5133026605322,9.99999998917754,1.255462114532822e-07
1622.9131826365274,9.99999998917487,3.744519241342743e-07
1623.3130626125226,9.999999989172203,6.222092074024469e-07
1623.7129425885178,9.999999989169533,8.583672321422863e-07
1624.112822564513,9.999999989166865,1.071305181169892e-06
1624.5127025405081,9.999999989164195,1.2482322492329615e-06
1624.9125825165033,9.999999989161527,1.3751876430108032e-06
1625.3124624924985,9.999999989158859,1.4370405811143254e-06
1625.7123424684937,9.999999989156189,1.4174902940860456e-06
1626.112222444489,9.999999989153519,1.2992644524504051e-06
1626.512102420484,9.99999998915085,1.115606526474488e-06
1626.9119823964793,9.999999989148183,9.100642382828466e-07
1627.3118623724745,9.999999989145513,6.94848510043947e-07
1627.7117423484697,9.999999989142845,4.80781869680912e-07
1628.1116223244649,9.999999989140175,2.772984508715198e-07
1628.51150230046,9.999999989137507,9.244399304820356e-08
1628.9113822764552,9.999999989134837,-6.712415860194685e-08
1629.3112622524504,9.999999989132169,-1.9613705313718647e-07
1629.7111422284456,9.999999989129499,-2.9071413386111376e-07
1630.1110222044408,9.999999989126831,-3.4836323832267315e-07
1630.510902180436,9.999999989124161,-3.6798059831615255e-07
1630.9107821564312,9.999999989121493,-3.498508398811831e-07
1631.3106621324264,9.999999989118823,-2.9564698330274275e-07
1631.7105421084216,9.999999989116155,-2.0843044311115125e-07
1632.1104220844168,9.999999989113485,-9.265102808207431e-08
1632.510302060412,9.999999989110817,4.585305876347826e-08
1632.9101820364072,9.999999989108149,1.9985522015915555e-07
1633.3100620124023,9.99999998910548,3.607404645932546e-07
1633.7099419883978,9.999999989102811,5.185054063088245e-07
1634.109821964393,9.999999989100141,6.617582653032883e-07
1634.5097019403881,9.999999989097473,7.777188673290101e-07
1634.9095819163833,9.999999989094803,8.522186438929121e-07
1635.3094618923785,9.999999989092135,8.697006322565744e-07
1635.7093418683737,9.999999989089465,8.132194754362287e-07
1636.109221844369,9.999999989086797,7.016271114872224e-07
1636.509101820364,9.999999989084127,5.756576200844028e-07
1636.9089817963593,9.99999998908146,4.429791364205887e-07
1637.3088617723545,9.99999998907879,3.1036597599243754e-07
1637.7087417483497,9.999999989076121,1.8373465206380207e-07
1638.1086217243449,9.999999989073451,6.814387566573259e-08
1638.50850170034,9.999999989070783,-3.220544440352442e-08
1638.9083816763352,9.999999989068113,-1.1397020157852583e-07
1639.3082616523304,9.999999989065445,-1.7466509152663235e-07
1639.7081416283256,9.999999989062777,-2.1266261214800704e-07
1640.1080216043208,9.999999989060107,-2.271930635756175e-07
1640.507901580316,9.99999998905744,-2.1834454817523525e-07
1640.9077815563112,9.99999998905477,-1.8706297054543322e-07
1641.3076615323064,9.999999989052101,-1.3515203751758972e-07
1641.7075415083016,9.999999989049432,-6.527325815588563e-08
1642.1074214842968,9.999999989046763,1.905405624269426e-08
1642.507301460292,9.999999989044094,1.1345279214836271e-07
1642.9071814362871,9.999999989041426,2.126880337985278e-07
1643.3070614122823,9.999999989038756,3.106670631977945e-07
1643.7069413882775,9.999999989036088,4.0043936011796555e-07
1644.1068213642727,9.999999989033418,4.741966020980387e-07
1644.5067013402681,9.99999998903075,5.232726644442257e-07
1644.9065813162633,9.99999998902808,5.381436202298608e-07
1645.3064612922585,9.999999989025412,5.084277402955662e-07
1645.7063412682537,9.999999989022742,4.3601437329677523e-07
1646.106221244249,9.999999989020074,3.4226924993568864e-07
1646.506101220244,9.999999989017404,2.3503831695972168e-07
1646.9059811962393,9.999999989014736,1.211880809719663e-07
1647.3058611722345,9.999999989012068,6.86061161244245e-09
1647.7057411482297,9.999999989009398,-1.0252645844190177e-07
1648.1056211242249,9.99999998900673,-2.0227993347719063e-07
1648.50550110022,9.99999998900406,-2.884310547426203e-07
1648.9053810762152,9.999999989001392,-3.577355004504587e-07
1649.3052610522104,9.999999988998722,-4.0767338577604687e-07
1649.7051410282056,9.999999988996054,-4.3644926285779645e-07
1650.1050210042008,9.999999988993384,-4.429921207971923e-07
1650.504900980196,9.999999988990716,-4.269553856587904e-07
1650.9047809561912,9.999999988988046,-3.887169204702201e-07
1651.3046609321864,9.999999988985378,-3.293790252221815e-07
1651.7045409081816,9.999999988982708,-2.5076843686844716e-07
1652.1044208841768,9.99999998898004,-1.5543632932586172e-07
1652.504300860172,9.99999998897737,-4.665831347434215e-08
1652.9041808361671,9.999999988974702,7.156556284312087e-08
1653.3040608121623,9.999999988972034,1.9451081482047e-07
1653.7039407881575,9.999999988969364,3.167285206885682e-07
1654.1038207641527,9.999999988966696,4.320453217152137e-07
1654.503700740148,9.999999988964026,5.335634222051292e-07
1654.903580716143,9.999999988961358,6.136605894999646e-07
1655.3034606921383,9.999999988958688,6.639901539782983e-07
1655.7033406681337,9.99999998895602,6.754810090556285e-07
1656.103220644129,9.99999998895335,6.383376111843788e-07
1656.503100620124,9.999999988950682,5.465924097364406e-07
1656.9029805961193,9.999999988948012,4.124061839603823e-07
1657.3028605721145,9.999999988945344,2.487433707472056e-07
1657.7027405481097,9.999999988942674,6.728593294042159e-08
1658.1026205241049,9.999999988940006,-1.2138824517914836e-07
1658.5025005001,9.999999988937336,-3.0780535789337316e-07
1658.9023804760952,9.999999988934668,-4.835956780468123e-07
1659.3022604520904,9.999999988932,-6.414935570467156e-07
1659.7021404280856,9.99999998892933,-7.753374248630219e-07
1660.1020204040808,9.999999988926662,-8.800697900283619e-07
1660.501900380076,9.999999988923992,-9.517372396380544e-07
1660.9017803560712,9.999999988921324,-9.874904393501105e-07
1661.3016603320664,9.999999988918654,-9.8558413338523e-07
1661.7015403080616,9.999999988915986,-9.45377144526804e-07
1662.1014202840568,9.999999988913316,-8.673323741209135e-07
1662.501300260052,9.999999988910648,-7.530168020763267e-07
1662.9011802360471,9.999999988907978,-6.051014868645072e-07
1663.3010602120423,9.99999998890531,-4.2736156551960563e-07
1663.7009401880375,9.99999998890264,-2.2467625363846293e-07
1664.1008201640327,9.999999988899972,-3.0288453806092128e-09
1664.500700140028,9.999999988897303,2.3049328653172922e-07
1664.900580116023,9.999999988894634,4.676986908136429e-07
1665.3004600920183,9.999999988891966,6.992918376175323e-07
1665.7003400680135,9.999999988889297,9.148731185331022e-07
1666.1002200440087,9.999999988886628,1.1029388465873728e-06
1666.500100020004,9.999999988883959,1.2508812562447395e-06
1666.8999799959993,9.99999998888129,1.344988503406664e-06
1667.2998599719945,9.99999998887862,1.3704446654121927e-06
1667.6997399479897,9.999999988875953,1.3113297410375801e-06
1668.0996199239848,9.999999988873283,1.161309272070825e-06
1668.49949989998,9.999999988870615,9.739781085344641e-07
1668.8993798759752,9.999999988867945,7.699764184682459e-07
1669.2992598519704,9.999999988865277,5.606934915826658e-07
1669.6991398279656,9.999999988862609,3.5616943246502484e-07
1670.0990198039608,9.999999988859939,1.6509516057942933e-07
1670.498899779956,9.99999998885727,-5.18758973320924e-09
1670.8987797559512,9.9999999888546,-1.4868626925517355e-07
1671.2986597319464,9.999999988851933,-2.6075751389194204e-07
1671.6985397079416,9.999999988849263,-3.381071446721855e-07
1672.0984196839368,9.999999988846595,-3.78790167747772e-07
1672.498299659932,9.999999988843925,-3.8221077439376257e-07
1672.8981796359271,9.999999988841257,-3.491223410084134e-07
1673.2980596119223,9.999999988838587,-2.816274291131738e-07
1673.6979395879175,9.999999988835919,-1.831777853526916e-07
1674.0978195639127,9.999999988833249,-5.857434149480504e-08
1674.497699539908,9.99999998883058,8.603278556945234e-08
1674.897579515903,9.999999988827911,2.4314429382584834e-07
1675.2974594918983,9.999999988825243,4.03911696136961e-07
1675.6973394678935,9.999999988822575,5.581373202421724e-07
1676.0972194438887,9.999999988819905,6.942743087576688e-07
1676.4970994198839,9.999999988817237,7.994266191764421e-07
1676.896979395879,9.999999988814567,8.593490238682929e-07
1677.2968593718742,9.999999988811899,8.584471100798216e-07
1677.6967393478697,9.999999988809229,7.816478900916484e-07
1678.0966193238648,9.999999988806561,6.652853040186505e-07
1678.49649929986,9.999999988803891,5.358730174449735e-07
1678.8963792758552,9.999999988801223,4.010167656904339e-07
1679.2962592518504,9.999999988798553,2.674510976576721e-07
1679.6961392278456,9.999999988795885,1.4103937583215302e-07
1680.0960192038408,9.999999988793215,2.677377628216558e-08
1680.495899179836,9.999999988790547,-7.122471134117694e-08
1680.8957791558312,9.999999988787877,-1.4970628380393639e-07
1681.2956591318264,9.99999998878521,-2.0629232428935147e-07
1681.6955391078216,9.99999998878254,-2.394754023978354e-07
1682.0954190838168,9.999999988779871,-2.486192741469787e-07
1682.495299059812,9.999999988777203,-2.3395888197154513e-07
1682.8951790358071,9.999999988774533,-1.9660035472347727e-07
1683.2950590118023,9.999999988771865,-1.3852100767189152e-07
1683.6949389877975,9.999999988769195,-6.256934250307924e-08
1684.0948189637927,9.999999988766527,2.7534952679489724e-08
1684.494698939788,9.999999988763857,1.2720100335517305e-07
1684.894578915783,9.99999998876119,2.3096674858614994e-07
1685.2944588917783,9.99999998875852,3.324989410174253e-07
1685.6943388677735,9.999999988755851,4.2459314687682844e-07
1686.0942188437687,9.999999988753181,4.99173745975012e-07
1686.4940988197638,9.999999988750513,5.47293931705454e-07
1686.893978795759,9.999999988747843,5.591357110444534e-07
1687.2938587717542,9.999999988745175,5.240099045511417e-07
1687.6937387477494,9.999999988742506,4.465483517834784e-07
1688.0936187237446,9.999999988739837,3.4778175080155903e-07
1688.49349869974,9.99999998873717,2.3558779531753645e-07
1688.8933786757352,9.9999999887345,1.170420138819172e-07
1689.2932586517304,9.999999988731831,-1.532841831429565e-09
1689.6931386277256,9.999999988729162,-1.1456679702502016e-07
1690.0930186037208,9.999999988726493,-2.1724265377781632e-07
1690.492898579716,9.999999988723824,-3.054959910452263e-07
1690.8927785557112,9.999999988721155,-3.76015164659104e-07
1691.2926585317064,9.999999988718486,-4.2624130732774845e-07
1691.6925385077016,9.999999988715818,-4.5436832863590525e-07
1692.0924184836967,9.999999988713148,-4.5934291504476603e-07
1692.492298459692,9.99999998871048,-4.4086452989196705e-07
1692.8921784356871,9.99999998870781,-3.9938541339159314e-07
1693.2920584116823,9.999999988705142,-3.3611058263417135e-07
1693.6919383876775,9.999999988702472,-2.5299783158667685e-07
1694.0918183636727,9.999999988699804,-1.5275773109253044e-07
1694.491698339668,9.999999988697136,-3.88536288715989e-08
1694.891578315663,9.999999988694466,8.449835047980636e-08
1695.2914582916583,9.999999988691798,2.1232930548892692e-07
1695.6913382676535,9.999999988689128,3.3891755780655906e-07
1696.0912182436487,9.99999998868646,4.577886522070503e-07
1696.4910982196438,9.99999998868379,5.617153565883091e-07
1696.890978195639,9.999999988681122,6.4271766197179e-07
1697.2908581716342,9.999999988678452,6.920627825025096e-07
1697.6907381476294,9.999999988675784,7.002651554490319e-07
1698.0906181236246,9.999999988673114,6.570864412034822e-07
1698.4904980996198,9.999999988670444,5.583362626275697e-07
1698.890378075615,9.999999988667776,4.185480866195536e-07
1699.2902580516102,9.999999988665108,2.5062601429193293e-07
1699.6901380276056,9.999999988662438,6.624425906261197e-08
1700.0900180036008,9.99999998865977,-1.240460410716171e-07
1700.489897979596,9.9999999886571,-3.1081682353571117e-07
1700.8897779555912,9.999999988654432,-4.857631011759604e-07
1701.2896579315864,9.999999988651762,-6.417029622600889e-07
1701.6895379075816,9.999999988649094,-7.72577570477253e-07
1702.0894178835767,9.999999988646424,-8.734511649380449e-07
1702.489297859572,9.999999988643756,-9.405110601744891e-07
1702.8891778355671,9.999999988641086,-9.710676461400443e-07
1703.2890578115623,9.999999988638418,-9.635543882096018e-07
1703.6889377875575,9.999999988635748,-9.175278271794895e-07
1704.0888177635527,9.99999998863308,-8.336675792674645e-07
1704.488697739548,9.99999998863041,-7.137763361127232e-07
1704.888577715543,9.999999988627742,-5.607798647758901e-07
1705.2884576915383,9.999999988625074,-3.7872700773902756e-07
1705.6883376675335,9.999999988622404,-1.727896829056324e-07
1706.0882176435287,9.999999988619736,5.0737116399371016e-08
1706.4880976195238,9.999999988617066,2.8443532142961907e-07
1706.887977595519,9.999999988614398,5.197637880173193e-07
1707.2878575715142,9.999999988611728,7.470582965732316e-07
1707.6877375475094,9.99999998860906,9.555315520867075e-07
1708.0876175235046,9.99999998860639,1.133273184125639e-06
1708.4874974994998,9.999999988603722,1.2672497468364958e-06
1708.887377475495,9.999999988601052,1.3433047189443162e-06
1709.2872574514902,9.999999988598384,1.3461585037527064e-06
1709.6871374274854,9.999999988595714,1.2594084291438304e-06
1710.0870174034806,9.999999988593046,1.093684507205095e-06
1710.486897379476,9.999999988590378,9.01186283211308e-07
1710.8867773554712,9.999999988587708,6.953292798230809e-07
1711.2866573314664,9.99999998858504,4.871172318152858e-07
1711.6865373074615,9.99999998858237,2.862078087636911e-07
1712.0864172834567,9.999999988579702,1.0091261504485768e-07
1712.486297259452,9.999999988577033,-6.180281016385917e-08
1712.8861772354471,9.999999988574364,-1.9631899288431383e-07
1713.2860572114423,9.999999988571695,-2.9836252433756463e-07
1713.6859371874375,9.999999988569026,-3.6500606094388043e-07
1714.0858171634327,9.999999988566357,-3.9466832432273446e-07
1714.4856971394279,9.999999988563689,-3.871141012928077e-07
1714.885577115423,9.999999988561019,-3.4345424387199004e-07
1715.2854570914183,9.99999998855835,-2.661456692773754e-07
1715.6853370674135,9.99999998855568,-1.5899135992526849e-07
1716.0852170434086,9.999999988553013,-2.7140363431175885e-08
1716.4850970194038,9.999999988550343,1.229122073901809e-07
1716.884976995399,9.999999988547675,2.83325174524882e-07
1717.2848569713942,9.999999988545007,4.4491129475979635e-07
1717.6847369473894,9.999999988542337,5.971372596825818e-07
1718.0846169233846,9.999999988539669,7.28123695681694e-07
1718.4844968993798,9.999999988536999,8.246451639463856e-07
1718.884376875375,9.99999998853433,8.721301604666904e-07
1719.2842568513702,9.99999998853166,8.546611160334454e-07
1719.6841368273654,9.999999988528993,7.62557614298913e-07
1720.0840168033606,9.999999988526323,6.411294557067576e-07
1720.4838967793557,9.999999988523655,5.080188263881388e-07
1720.883776755351,9.999999988520985,3.7079299235482237e-07
1721.2836567313461,9.999999988518317,2.3613346379500808e-07
1721.6835367073415,9.999999988515647,1.0983599507326212e-07
1722.0834166833367,9.999999988512979,-3.189415269201324e-09
1722.483296659332,9.999999988510309,-9.891852451495366e-08
1722.8831766353271,9.999999988507641,-1.742128457700587e-07
1723.2830566113223,9.999999988504973,-2.2681964796414426e-07
1723.6829365873175,9.999999988502303,-2.5537195585040513e-07
1724.0828165633127,9.999999988499635,-2.5938855000560077e-07
1724.4826965393079,9.999999988496965,-2.392739668300567e-07
1724.882576515303,9.999999988494297,-1.963184985476643e-07
1725.2824564912983,9.999999988491627,-1.3269819320587996e-07
1725.6823364672935,9.999999988488959,-5.147485467572583e-08
1726.0822164432886,9.99999998848629,4.340395734820978e-08
1726.4820964192838,9.999999988483621,1.4710492734777332e-07
1726.881976395279,9.999999988480951,2.5390898398124573e-07
1727.2818563712742,9.999999988478283,3.5721130008334197e-07
1727.6817363472694,9.999999988475613,4.495212926652141e-07
1728.0816163232646,9.999999988472945,5.224626229144422e-07
1728.4814962992598,9.999999988470275,5.667731961950446e-07
1728.881376275255,9.999999988467607,5.723051620474765e-07
1729.2812562512502,9.999999988464937,5.28153080751979e-07
1729.6811362272454,9.99999998846227,4.449654593889145e-07
1730.0810162032406,9.999999988459601,3.414589004272194e-07
1730.4808961792357,9.999999988456931,2.2549425003176315e-07
1730.880776155231,9.999999988454263,1.0416350709709477e-07
1731.2806561312261,9.999999988451593,-1.6210176752558083e-08
1731.6805361072213,9.999999988448925,-1.3007249716328784e-07
1732.0804160832165,9.999999988446255,-2.3263799705150806e-07
1732.480296059212,9.999999988443587,-3.1989006660399766e-07
1732.8801760352071,9.999999988440917,-3.8858094327771106e-07
1733.2800560112023,9.99999998843825,-4.362317118000784e-07
1733.6799359871975,9.99999998843558,-4.611323041687967e-07
1734.0798159631927,9.999999988432911,-4.6234149965188405e-07
1734.4796959391879,9.999999988430242,-4.3968692478767817e-07
1734.879575915183,9.999999988427573,-3.937650533848384e-07
1735.2794558911783,9.999999988424904,-3.2594120652234457e-07
1735.6793358671734,9.999999988422235,-2.3834955254949746e-07
1736.0792158431686,9.999999988419566,-1.3389310708591697e-07
1736.4790958191638,9.999999988416898,-1.6243733021547546e-08
1736.878975795159,9.99999998841423,1.1015785948334944e-07
1737.2788557711542,9.99999998841156,2.401021129981907e-07
1737.6787357471494,9.999999988408891,3.6761062282207033e-07
1738.0786157231446,9.999999988406222,4.859361369837648e-07
1738.4784956991398,9.999999988403554,5.875625562417276e-07
1738.878375675135,9.999999988400884,6.642049340840935e-07
1739.2782556511302,9.999999988398216,7.06809476728674e-07
1739.6781356271254,9.999999988395546,7.055535431229612e-07
1740.0780156031205,9.999999988392878,6.49869123398578e-07
1740.4778955791157,9.999999988390208,5.407503937037923e-07
1740.877775555111,9.99999998838754,3.939776749834963e-07
1741.2776555311061,9.99999998838487,2.2205119201527813e-07
1741.6775355071013,9.999999988382202,3.634744037734419e-08
1742.0774154830965,9.999999988379532,-1.5288081355147924e-07
1742.4772954590917,9.999999988376864,-3.3650453259174834e-07
1742.8771754350869,9.999999988374194,-5.065184087633987e-07
1743.277055411082,9.999999988371526,-6.560408632857486e-07
1743.6769353870775,9.999999988368856,-7.793140465775574e-07
1744.0768153630727,9.999999988366188,-8.717038382567646e-07
1744.4766953390679,9.999999988363518,-9.296998471409074e-07
1744.876575315063,9.99999998836085,-9.509154112468306e-07
1745.2764552910583,9.99999998835818,-9.340875977907559e-07
1745.6763352670534,9.999999988355512,-8.790772031882894e-07
1746.0762152430486,9.999999988352844,-7.868687530544182e-07
1746.4760952190438,9.999999988350174,-6.595705022035052e-07
1746.875975195039,9.999999988347506,-5.004144346493012e-07
1747.2758551710342,9.999999988344836,-3.1375626360493655e-07
1747.6757351470294,9.999999988342168,-1.0507543148291983e-07
1748.0756151230246,9.999999988339498,1.1902489010485804e-07
1748.4754950990198,9.99999998833683,3.5081780034712233e-07
1748.875375075015,9.99999998833416,5.814526692332243e-07
1749.2752550510102,9.999999988331492,8.009551375531242e-07
1749.6751350270054,9.999999988328822,9.98227116897407e-07
1750.0750150030005,9.999999988326154,1.1610467896572779e-06
1750.4748949789957,9.999999988323484,1.2760686090245592e-06
1750.874774954991,9.999999988320816,1.3288232989916883e-06
1751.2746549309861,9.999999988318146,1.3037178543517295e-06
1751.6745349069813,9.999999988315478,1.1851785177178558e-06
1752.0744148829765,9.999999988312808,1.0104494477791263e-06
1752.4742948589717,9.99999998831014,8.141574433566458e-07
1752.8741748349669,9.99999998830747,6.081608174354173e-07
1753.274054810962,9.999999988304802,4.029815411111117e-07
1753.6739347869573,9.999999988302132,2.0780524359006688e-07
1754.0738147629525,9.999999988299464,3.04812121892892e-08
1754.4736947389479,9.999999988296794,-1.2247760766362752e-07
1754.873574714943,9.999999988294126,-2.4589461243016546e-07
1755.2734546909383,9.999999988291458,-3.3592954046141256e-07
1755.6733346669334,9.999999988288788,-3.900784719976922e-07
1756.0732146429286,9.99999998828612,-4.071738291686622e-07
1756.4730946189238,9.99999998828345,-3.873843759933122e-07
1756.872974594919,9.999999988280782,-3.3221521837996427e-07
1757.2728545709142,9.999999988278113,-2.445078041262726e-07
1757.6727345469094,9.999999988275444,-1.2843992291922396e-07
1758.0726145229046,9.999999988272775,1.0474293664863023e-08
1758.4724944988998,9.999999988270106,1.6538437216033295e-07
1758.872374474895,9.999999988267437,3.2810349721220723e-07
1759.2722544508902,9.999999988264769,4.891085115761648e-07
1759.6721344268853,9.999999988262099,6.375399161185571e-07
1760.0720144028805,9.99999998825943,7.612018698164047e-07
1760.4718943788757,9.99999998825676,8.465621897573921e-07
1760.871774354871,9.999999988254093,8.787523511398761e-07
1761.271654330866,9.999999988251425,8.415674872728708e-07
1761.6715343068613,9.999999988248755,7.362941655048045e-07
1762.0714142828565,9.999999988246085,6.099004104800554e-07
1762.4712942588517,9.999999988243417,4.7340797944383603e-07
1762.8711742348469,9.999999988240747,3.3430985211798203e-07
1763.271054210842,9.999999988238079,1.992000642139842e-07
1763.6709341868373,9.999999988235409,7.377370743298848e-08
1764.0708141628324,9.99999998823274,-3.7173070534203855e-08
1764.4706941388276,9.999999988230073,-1.2974306600713662e-07
1764.8705741148228,9.999999988227403,-2.009380193156982e-07
1765.270454090818,9.999999988224735,-2.486586148001219e-07
1765.6703340668134,9.999999988222065,-2.7170448081099183e-07
1766.0702140428086,9.999999988219397,-2.6977418970920535e-07
1766.4700940188038,9.999999988216727,-2.4346525786604994e-07
1766.869973994799,9.999999988214059,-1.9427414566313892e-07
1767.2698539707942,9.999999988211389,-1.2459625749243088e-07
1767.6697339467894,9.999999988208721,-3.772594175622853e-08
1768.0696139227846,9.999999988206051,6.214350913282162e-08
1768.4694938987798,9.999999988203383,1.6991985875172564e-07
1768.869373874775,9.999999988200713,2.79611926667149e-07
1769.2692538507702,9.999999988198045,3.843295884354061e-07
1769.6691338267653,9.999999988195375,4.7628377560247316e-07
1770.0690138027605,9.999999988192707,5.467864757039767e-07
1770.4688937787557,9.999999988190039,5.862507322652016e-07
1770.868773754751,9.99999998818737,5.841906448010827e-07
1771.268653730746,9.9999999881847,5.30291565007928e-07
1771.6685337067413,9.999999988182031,4.410686915606828e-07
1772.0684136827365,9.999999988179361,3.325396355528813e-07
1772.4682936587317,9.999999988176693,2.1260092800185936e-07
1772.8681736347269,9.999999988174023,8.83627494723871e-08
1773.268053610722,9.999999988171355,-3.385106992333057e-08
1773.6679335867173,9.999999988168687,-1.4850305052565487e-07
1774.0678135627124,9.999999988166017,-2.5084206312751224e-07
1774.4676935387076,9.99999998816335,-3.3690332897439463e-07
1774.8675735147028,9.99999998816068,-4.0350841976435986e-07
1775.267453490698,9.999999988158011,-4.4826525764803164e-07
1775.6673334666932,9.999999988155341,-4.695681152285984e-07
1776.0672134426884,9.999999988152673,-4.6659761556181465e-07
1776.4670934186838,9.999999988150003,-4.3932073215597805e-07
1776.866973394679,9.999999988147335,-3.884907889720064e-07
1777.2668533706742,9.999999988144666,-3.1564746042334145e-07
1777.6667333466694,9.999999988141997,-2.2311677137600215e-07
1778.0666133226646,9.999999988139328,-1.1401109714857065e-07
1778.4664932986598,9.99999998813666,7.770836487803665e-09
1778.866373274655,9.99999998813399,1.3754395330940964e-07
1779.2662532506502,9.999999988131322,2.6983682663996374e-07
1779.6661332266453,9.999999988128653,3.9839167935062353e-07
1780.0660132026405,9.999999988125984,5.161643838599775e-07
1780.4658931786357,9.999999988123315,6.153244621340501e-07
1780.865773154631,9.999999988120646,6.872550856862976e-07
1781.265653130626,9.999999988117978,7.2255307557761e-07
1781.6655331066213,9.999999988115308,7.110289024163212e-07
1782.0654130826165,9.999999988112638,6.422960518062425e-07
1782.4652930586117,9.99999998810997,5.233633439836967e-07
1782.8651730346069,9.9999999881073,3.6986735878720697e-07
1783.265053010602,9.999999988104632,1.940492232199626e-07
1783.6649329865973,9.999999988101962,7.022144031000097e-09
1784.0648129625924,9.999999988099294,-1.8122859228479695e-07
1784.4646929385876,9.999999988096626,-3.618456194866981e-07
1784.8645729145828,9.999999988093956,-5.270994915881255e-07
1785.264452890578,9.999999988091288,-6.703886828566536e-07
1785.6643328665732,9.999999988088618,-7.862395878140116e-07
1786.0642128425684,9.99999998808595,-8.703065212360788e-07
1786.4640928185636,9.99999998808328,-9.193717181528897e-07
1786.8639727945588,9.999999988080612,-9.313453338486311e-07
1787.263852770554,9.999999988077942,-9.052654438616411e-07
1787.6637327465494,9.999999988075274,-8.412980439843666e-07
1788.0636127225446,9.999999988072604,-7.407370502635259e-07
1788.4634926985398,9.999999988069936,-6.060042989998911e-07
1788.863372674535,9.999999988067266,-4.406495467484143e-07
1789.2632526505301,9.999999988064598,-2.493504703181997e-07
1789.6631326265253,9.999999988061928,-3.7912666772503454e-08
1790.0630126025205,9.99999998805926,1.867303465712602e-07
1790.4628925785157,9.99999998805659,4.165171321415292e-07
1790.862772554511,9.999999988053922,6.422583321125936e-07
1791.262652530506,9.999999988051254,8.5363666840458e-07
1791.6625325065013,9.999999988048584,1.0392069426834685e-06
1792.0624124824965,9.999999988045916,1.1863960363610819e-06
1792.4622924584917,9.999999988043246,1.2815029105950912e-06
1792.8621724344869,9.999999988040578,1.3096986062890256e-06
1793.262052410482,9.999999988037908,1.255026244092248e-06
1793.6619323864772,9.99999998803524,1.11097010327912e-06
1794.0618123624724,9.99999998803257,9.292145484344005e-07
1794.4616923384676,9.999999988029902,7.298989510152049e-07
1794.8615723144628,9.999999988027234,5.24406685238385e-07
1795.261452290458,9.999999988024564,3.2279225375831584e-07
1795.6613322664532,9.999999988021896,1.3378128766689496e-07
1796.0612122424484,9.999999988019226,-3.522945350645636e-08
1796.4610922184436,9.999999988016558,-1.7817208179479483e-07
1796.8609721944388,9.999999988013888,-2.9030758079365353e-07
1797.260852170434,9.99999998801122,-3.6822580566104297e-07
1797.6607321464292,9.99999998800855,-4.0984548311745044e-07
1798.0606121224243,9.999999988005882,-4.1441421144583917e-07
1798.4604920984198,9.999999988003212,-3.825084604916246e-07
1798.860372074415,9.999999988000544,-3.1603357166276023e-07
1799.2602520504101,9.999999987997874,-2.1822375792963727e-07
1799.6601320264053,9.999999987995206,-9.36421038251274e-08
1800.0600120024005,9.999999987992537,5.181943455541926e-08
1800.4598919783957,9.999999987989868,2.1094002955417682e-07
1800.859771954391,9.9999999879872,3.751699819508349e-07
1801.259651930386,9.99999998798453,5.346307209626211e-07
1801.6595319063813,9.999999987981862,6.78114804244267e-07
1802.0594118823765,9.999999987979193,7.930859178880451e-07
1802.4592918583717,9.999999987976524,8.65678876423738e-07
1802.8591718343669,9.999999987973855,8.806996228186561e-07
1803.259051810362,9.999999987971186,8.216252284776344e-07
1803.6589317863572,9.999999987968517,7.071221308461076e-07
1804.0588117623524,9.999999987965849,5.759370674061847e-07
1804.4586917383476,9.999999987963179,4.363843540306997e-07
1804.8585717143428,9.99999998796051,2.958555943473025e-07
1805.258451690338,9.99999998795784,1.6083095193095152e-07
1805.6583316663332,9.999999987955173,3.6879150303914347e-08
1806.0582116423284,9.999999987952503,-7.134252706423301e-08
1806.4580916183236,9.999999987949835,-1.6008823675660567e-07
1806.8579715943188,9.999999987947165,-2.2652357540900928e-07
1807.257851570314,9.999999987944497,-2.687255797099417e-07
1807.6577315463092,9.999999987941829,-2.856827264005914e-07
1808.0576115223043,9.999999987939159,-2.7729493227483796e-07
1808.4574914982995,9.99999998793649,-2.4437355417925243e-07
1808.8573714742947,9.99999998793382,-1.8864138901309776e-07
1809.25725145029,9.999999987931153,-1.1273267372832587e-07
1809.6571314262853,9.999999987928483,-2.0193085329525295e-08
1810.0570114022805,9.999999987925815,8.452025912586084e-08
1810.4568913782757,9.999999987923145,1.9603880252785245e-07
1810.856771354271,9.999999987920477,3.080825477137326e-07
1811.256651330266,9.999999987917807,4.1346005746808935e-07
1811.6565313062613,9.999999987915139,5.040684545228232e-07
1812.0564112822565,9.999999987912469,5.708934215571416e-07
1812.4562912582517,9.999999987909801,6.04009201197562e-07
1812.8561712342469,9.999999987907131,5.925785960179099e-07
1813.256051210242,9.999999987904463,5.282802068487091e-07
1813.6559311862372,9.999999987901795,4.3277477610959525e-07
1814.0558111622324,9.999999987899125,3.192358218640193e-07
1814.4556911382276,9.999999987896457,1.9555686182116184e-07
1814.8555711142228,9.999999987893787,6.8829002768606e-08
1815.255451090218,9.999999987891119,-5.465905942766314e-08
1815.6553310662132,9.99999998788845,-1.6942103982325769e-07
1816.0552110422084,9.999999987885781,-2.707730643953879e-07
1816.4550910182036,9.999999987883111,-3.548336700428617e-07
1816.8549709941988,9.999999987880443,-4.1852380458608375e-07
1817.254850970194,9.999999987877773,-4.5956682676705817e-07
1817.6547309461891,9.999999987875105,-4.7648850624938474e-07
1818.0546109221843,9.999999987872435,-4.6861702361826213e-07
1818.4544908981795,9.999999987869767,-4.36082970380487e-07
1818.8543708741747,9.999999987867097,-3.798193489644528e-07
1819.25425085017,9.99999998786443,-3.015615727201502e-07
1819.654130826165,9.99999998786176,-2.038474659191688e-07
1820.0540108021603,9.999999987859091,-9.001726375469654e-08
1820.4538907781557,9.999999987856423,3.578638765855806e-08
1820.853770754151,9.999999987853753,1.686184312840658e-07
1821.253650730146,9.999999987851085,3.027313991639152e-07
1821.6535307061413,9.999999987848415,4.315754124185301e-07
1822.0534106821365,9.999999987845747,5.477981812467299e-07
1822.4532906581317,9.999999987843077,6.43245004925748e-07
1822.8531706341269,9.99999998784041,7.089587718112117e-07
1823.253050610122,9.99999998783774,7.351799593371494e-07
1823.6529305861172,9.999999987835071,7.11346634015995e-07
1824.0528105621124,9.999999987832403,6.285663793655575e-07
1824.4526905381076,9.999999987829733,4.998761005967936e-07
1824.8525705141028,9.999999987827065,3.3991310956742783e-07
1825.252450490098,9.999999987824395,1.6062760731263042e-07
1825.6523304660932,9.999999987821727,-2.716122031026485e-08
1826.0522104420884,9.999999987819058,-2.1376520262176226e-07
1826.4520904180836,9.99999998781639,-3.9062718412020335e-07
1826.8519703940788,9.99999998781372,-5.503210244817657e-07
1827.251850370074,9.999999987811051,-6.865515985604663e-07
1827.6517303460691,9.999999987808382,-7.941547963881574e-07
1828.0516103220643,9.999999987805714,-8.690975231745297e-07
1828.4514902980595,9.999999987803045,-9.084776993071108e-07
1828.8513702740547,9.999999987800376,-9.105242603512653e-07
1829.25125025005,9.999999987797707,-8.745971570501963e-07
1829.651130226045,9.999999987795038,-8.01187355324942e-07
1830.0510102020403,9.99999998779237,-6.919168362743798e-07
1830.4508901780355,9.9999999877897,-5.495385961752238e-07
1830.8507701540307,9.999999987787032,-3.7793664648202503e-07
1831.2506501300259,9.999999987784362,-1.821260138271722e-07
1831.6505301060213,9.999999987781694,3.174725997923527e-08
1832.0504100820165,9.999999987779024,2.5640611794888315e-07
1832.4502900580117,9.999999987776356,4.83442487915995e-07
1832.8501700340069,9.999999987773686,7.033172825368269e-07
1833.250050010002,9.999999987771018,9.053603992898039e-07
1833.6499299859972,9.999999987768348,1.0777707204755139e-06
1834.0498099619924,9.99999998776568,1.2076161132167057e-06
1834.4496899379876,9.999999987763012,1.2808334294582962e-06
1834.8495699139828,9.999999987760342,1.282228505967354e-06
1835.249449889978,9.999999987757674,1.1954761643331245e-06
1835.6493298659732,9.999999987755004,1.0226198467279233e-06
1836.0492098419684,9.999999987752334,7.98017239000228e-07
1836.4490898179636,9.999999987749666,5.402683529478547e-07
1836.8489697939588,9.999999987746996,2.65979206250299e-07
1837.248849769954,9.999999987744328,-9.982661938199532e-09
1837.6487297459491,9.999999987741658,-2.7448819098865793e-07
1838.0486097219443,9.99999998773899,-5.161467987973495e-07
1838.4484896979395,9.999999987736322,-7.253063817858041e-07
1838.8483696739347,9.999999987733652,-8.940533149008076e-07
1839.24824964993,9.999999987730984,-1.0162124516144013e-06
1839.648129625925,9.999999987728314,-1.0873471239238848e-06
1840.0480096019203,9.999999987725646,-1.1047591423518128e-06
1840.4478895779155,9.999999987722976,-1.067488795945996e-06
1840.8477695539107,9.999999987720308,-9.763148522795026e-07
1841.2476495299059,9.999999987717638,-8.33754557450656e-07
1841.647529505901,9.99999998771497,-6.440636360830369e-07
1842.0474094818962,9.9999999877123,-4.1323629132547956e-07
1842.4472894578917,9.999999987709632,-1.490052048519254e-07
1842.8471694338868,9.999999987706962,1.3915846313797962e-07
1843.247049409882,9.999999987704294,4.4004507391976665e-07
1843.6469293858772,9.999999987701624,7.407065102435749e-07
1844.0468093618724,9.999999987698956,1.0264561763342825e-06
1844.4466893378676,9.999999987696288,1.2808689978915142e-06
1844.8465693138628,9.999999987693618,1.4857814220896351e-06
1845.246449289858,9.99999998769095,1.6212914175777685e-06
1845.6463292658532,9.99999998768828,1.66575847447976e-06
1846.0462092418484,9.999999987685612,1.595803604394207e-06
1846.4460892178436,9.999999987682942,1.4060349162273733e-06
1846.8459691938388,9.999999987680273,1.1702509748057882e-06
1847.245849169834,9.999999987677604,9.124701171427974e-07
1847.6457291458291,9.999999987674935,6.473287997947744e-07
1848.0456091218243,9.999999987672266,3.877480070555337e-07
1848.4454890978195,9.999999987669597,1.4493325095633132e-07
1848.8453690738147,9.999999987666929,-7.162542873413574e-08
1849.24524904981,9.999999987664259,-2.541534645097298e-07
1849.645129025805,9.99999998766159,-3.965917611268718e-07
1850.0450090018003,9.99999998765892,-4.945966956045408e-07
1850.4448889777955,9.999999987656253,-5.455401172242768e-07
1850.8447689537907,9.999999987653585,-5.485093475301753e-07
1851.2446489297859,9.999999987650915,-5.043071803288933e-07
1851.644528905781,9.999999987648247,-4.1545188168964737e-07
1852.0444088817762,9.999999987645577,-2.861771899442093e-07
1852.4442888577714,9.999999987642909,-1.2243231568691333e-07
1852.8441688337666,9.999999987640239,6.811805822534856e-08
1853.2440488097618,9.99999998763757,2.760937766731236e-07
1853.6439287857572,9.9999999876349,4.903992122745281e-07
1854.0438087617524,9.999999987632233,6.982232653847402e-07
1854.4436887377476,9.999999987629563,8.850393640967546e-07
1854.8435687137428,9.999999987626895,1.034605464240881e-06
1855.243448689738,9.999999987624225,1.1289640493848819e-06
1855.6433286657332,9.999999987621557,1.148442130833937e-06
1856.0432086417284,9.999999987618887,1.0716512476307009e-06
1856.4430886177236,9.999999987616219,9.253113584245876e-07
1856.8429685937188,9.999999987613549,7.621821003610543e-07
1857.242848569714,9.999999987610881,5.918021507736217e-07
1857.6427285457091,9.999999987608213,4.2259602173422304e-07
1858.0426085217043,9.999999987605543,2.6189686842271873e-07
1858.4424884976995,9.999999987602875,1.1594648912689697e-07
1858.8423684736947,9.999999987600205,-1.0104674757525631e-08
1859.24224844969,9.999999987597537,-1.1219753872690623e-07
1859.642128425685,9.999999987594867,-1.8736437516967377e-07
1860.0420084016803,9.999999987592199,-2.3372881336632904e-07
1860.4418883776755,9.99999998758953,-2.5050583948944664e-07
1860.8417683536707,9.999999987586861,-2.3800179660367195e-07
1861.2416483296658,9.999999987584191,-1.9761438466572354e-07
1861.641528305661,9.999999987581523,-1.3183266052439307e-07
1862.0414082816562,9.999999987578853,-4.423703792054326e-08
1862.4412882576514,9.999999987576185,6.050071251289066e-08
1862.8411682336466,9.999999987573515,1.7661746325089758e-07
1863.2410482096418,9.999999987570847,2.9725872987640117e-07
1863.640928185637,9.999999987568177,4.144786710802472e-07
1864.0408081616322,9.99999998756551,5.192400886612065e-07
1864.4406881376276,9.999999987562841,6.014144275260259e-07
1864.8405681136228,9.999999987560171,6.497817756892307e-07
1865.240448089618,9.999999987557503,6.520308642734335e-07
1865.6403280656132,9.999999987554835,5.956949990920823e-07
1866.0402080416084,9.999999987552165,5.030068827429548e-07
1866.4400880176036,9.999999987549497,3.9462310915336577e-07
1866.8399679935987,9.999999987546827,2.778158359557637e-07
1867.239847969594,9.99999998754416,1.5908892081876426e-07
1867.6397279455891,9.99999998754149,4.4177921447149955e-08
1868.0396079215843,9.999999987538821,-6.194990441812878e-08
1868.4394878975795,9.999999987536151,-1.5509559899995535e-07
1868.8393678735747,9.999999987533483,-2.3182850448504495e-07
1869.23924784957,9.999999987530813,-2.894862630239459e-07
1869.639127825565,9.999999987528145,-3.2617481673104e-07
1870.0390078015603,9.999999987525475,-3.407684076845415e-07
1870.4388877775555,9.999999987522807,-3.3290957792649685e-07
1870.8387677535507,9.99999998752014,-3.030091694627863e-07
1871.2386477295458,9.99999998751747,-2.5224632426312253e-07
1871.638527705541,9.999999987514801,-1.8256848426105013e-07
1872.0384076815362,9.999999987512131,-9.669139135394899e-08
1872.4382876575314,9.999999987509463,1.9009125969721552e-09
1872.8381676335266,9.999999987506794,1.0895608576666739e-07
1873.2380476095218,9.999999987504125,2.1945348636625976e-07
1873.637927585517,9.999999987501456,3.276041726430409e-07
1874.0378075615122,9.999999987498787,4.268509028804689e-07
1874.4376875375074,9.999999987496118,5.09868135398166e-07
1874.8375675135026,9.99999998749345,5.68562028551928e-07
1875.2374474894978,9.99999998749078,5.940704407337089e-07
1875.6373274654932,9.999999987488112,5.767629303716159e-07
1876.0372074414884,9.999999987485442,5.091880916245101e-07
1876.4370874174836,9.999999987482774,4.0565144733917904e-07
1876.8369673934787,9.999999987480104,2.782511678515623e-07
1877.236847369474,9.999999987477436,1.3635510514453163e-07
1877.6367273454691,9.999999987474766,-1.1567052619700782e-08
1878.0366073214643,9.999999987472098,-1.5794378109958238e-07
1878.4364872974595,9.999999987469428,-2.961017197742205e-07
1878.8363672734547,9.99999998746676,-4.202656719433822e-07
1879.23624724945,9.99999998746409,-5.255586047274942e-07
1879.636127225445,9.999999987461422,-6.080016490676427e-07
1880.0360072014403,9.999999987458752,-6.645140997255741e-07
1880.4358871774355,9.999999987456084,-6.929134152836932e-07
1880.8357671534307,9.999999987453416,-6.919152181450667e-07
1881.2356471294258,9.999999987450746,-6.611332945334188e-07
1881.635527105421,9.999999987448078,-6.010795944931343e-07
1882.0354070814162,9.999999987445408,-5.131642318892594e-07
1882.4352870574114,9.99999998744274,-3.996954844074959e-07
1882.8351670334066,9.99999998744007,-2.6387979355420963e-07
1883.2350470094018,9.999999987437402,-1.098217646564237e-07
1883.634926985397,9.999999987434732,5.7475833138178266e-08
1884.0348069613922,9.999999987432064,2.321120668612532e-07
1884.4346869373874,9.999999987429394,4.0728783972379933e-07
1884.8345669133826,9.999999987426726,5.753058911161525e-07
1885.2344468893778,9.999999987424056,7.275707966079913e-07
1885.634326865373,9.999999987421388,8.545889679483361e-07
1886.0342068413681,9.999999987418718,9.459686530655428e-07
1886.4340868173635,9.99999998741605,9.90419936067318e-07
1886.8339667933587,9.999999987413382,9.757547372406517e-07
1887.233846769354,9.999999987410712,8.890994462335843e-07
1887.6337267453491,9.999999987408044,7.354366644713644e-07
1888.0336067213443,9.999999987405374,5.352738026976134e-07
1888.4334866973395,9.999999987402706,3.0488053738618864e-07
1888.8333666733347,9.999999987400036,5.902651853713794e-08
1889.2332466493299,9.999999987397368,-1.8901863032330045e-07
1889.633126625325,9.999999987394698,-4.2748531214269817e-07
1890.0330066013203,9.99999998739203,-6.461039563424353e-07
1890.4328865773155,9.99999998738936,-8.36105018817702e-07
1890.8327665533106,9.999999987386692,-9.902189819374984e-07
1891.2326465293058,9.999999987384022,-1.1026763545446342e-06
1891.632526505301,9.999999987381354,-1.169207671955726e-06
1892.0324064812962,9.999999987378684,-1.187043495961205e-06
1892.4322864572914,9.999999987376016,-1.1549144148253054e-06
1892.8321664332866,9.999999987373348,-1.0730510432860772e-06
1893.2320464092818,9.999999987370678,-9.431840225553764e-07
1893.631926385277,9.99999998736801,-7.685440203188674e-07
1894.0318063612722,9.99999998736534,-5.538617307360271e-07
1894.4316863372674,9.999999987362672,-3.053678744401416e-07
1894.8315663132626,9.999999987360003,-3.079319853830562e-08
1895.2314462892577,9.999999987357334,2.606315233885787e-07
1895.631326265253,9.999999987354665,5.581754912857988e-07
1896.0312062412481,9.999999987351996,8.49607878624829e-07
1896.4310862172433,9.999999987349327,1.1211978324033386e-06
1896.8309661932385,9.999999987346659,1.357714473145179e-06
1897.2308461692337,9.999999987343989,1.5424268949004146e-06
1897.6307261452291,9.99999998734132,1.657104165245309e-06
1898.0306061212243,9.99999998733865,1.6820153252821557e-06
1898.4304860972195,9.999999987335983,1.5959293896396655e-06
1898.8303660732147,9.999999987333315,1.3955447823997822e-06
1899.2302460492099,9.999999987330645,1.1404741973981697e-06
1899.630126025205,9.999999987327977,8.541570655644742e-07
1900.0300060012003,9.999999987325307,5.541491202631782e-07
1900.4298859771955,9.999999987322639,2.560608544102503e-07
1900.8297659531906,9.999999987319969,-2.6442479526855244e-08
1901.2296459291858,9.9999999873173,-2.8164086952919686e-07
1901.629525905181,9.99999998731463,-4.997595440263479e-07
1902.0294058811762,9.999999987311963,-6.72968971896395e-07
1902.4292858571714,9.999999987309293,-7.953848624659376e-07
1902.8291658331666,9.999999987306625,-8.630681655100895e-07
1903.2290458091618,9.999999987303955,-8.740250712524777e-07
1903.628925785157,9.999999987301287,-8.282070103652459e-07
1904.0288057611522,9.999999987298617,-7.275106539690449e-07
1904.4286857371474,9.999999987295949,-5.757779136330473e-07
1904.8285657131426,9.99999998729328,-3.7879594137493286e-07
1905.2284456891377,9.999999987290611,-1.442971296608982e-07
1905.628325665133,9.999999987287943,1.1804088859434847e-07
1906.0282056411281,9.999999987285273,3.9659524002758133e-07
1906.4280856171233,9.999999987282605,6.777978108270615e-07
1906.8279655931185,9.999999987279935,9.46135246732547e-07
1907.2278455691137,9.999999987277267,1.1841489530352652e-06
1907.627725545109,9.999999987274597,1.3724350945779393e-06
1908.027605521104,9.999999987271929,1.489644595754775e-06
1908.4274854970995,9.999999987269259,1.5124831405114533e-06
1908.8273654730947,9.999999987266591,1.4157111723451201e-06
1909.2272454490899,9.999999987263923,1.2265558661535802e-06
1909.627125425085,9.999999987261253,1.0159284428438533e-06
1910.0270054010803,9.999999987258585,7.963231056441928e-07
1910.4268853770755,9.999999987255915,5.784696763591254e-07
1910.8267653530706,9.999999987253247,3.716990539323851e-07
1911.2266453290658,9.999999987250577,1.8394321444691142e-07
1911.626525305061,9.999999987247909,2.1735211124851254e-08
1912.0264052810562,9.99999998724524,-1.0979082567244194e-07
1912.4262852570514,9.999999987242571,-2.068996884444094e-07
1912.8261652330466,9.999999987239901,-2.672550925512841e-07
1913.2260452090418,9.999999987237233,-2.8991967621409455e-07
1913.625925185037,9.999999987234563,-2.753550005146597e-07
1914.0258051610322,9.999999987231895,-2.2542154939559586e-07
1914.4256851370274,9.999999987229227,-1.4337872966030834e-07
1914.8255651130225,9.999999987226557,-3.388487097300048e-08
1915.2254450890177,9.99999998722389,9.700277414133357e-08
1915.625325065013,9.99999998722122,2.41828030296906e-07
1916.0252050410081,9.999999987218551,3.91735799247136e-07
1916.4250850170033,9.999999987215881,5.364720598846489e-07
1916.8249649929985,9.999999987213213,6.643838682412739e-07
1917.2248449689937,9.999999987210543,7.624193574880503e-07
1917.6247249449889,9.999999987207875,8.161277379352214e-07
1918.024604920984,9.999999987205205,8.096592970322426e-07
1918.4244848969793,9.999999987202537,7.299289531425323e-07
1918.8243648729745,9.999999987199867,6.173307026141808e-07
1919.2242448489699,9.9999999871972,4.928798340837733e-07
1919.624124824965,9.99999998719453,3.637942041539541e-07
1920.0240048009603,9.999999987191861,2.364577844168852e-07
1920.4238847769554,9.999999987189192,1.164206614545283e-07
1920.8237647529506,9.999999987186523,8.399036838575951e-09
1921.2236447289458,9.999999987183855,-8.37247728695473e-08
1921.623524704941,9.999999987181186,-1.569023361186863e-07
1922.0234046809362,9.999999987178517,-2.0891910636795395e-07
1922.4232846569314,9.999999987175848,-2.3839442208673258e-07
1922.8231646329266,9.99999998717318,-2.447815067546729e-07
1923.2230446089218,9.99999998717051,-2.2836746886169398e-07
1923.622924584917,9.999999987167842,-1.9027330190798325e-07
1924.0228045609122,9.999999987165172,-1.3245388440399893e-07
1924.4226845369074,9.999999987162504,-5.769797987046534e-08
1924.8225645129025,9.999999987159834,3.0371763161623855e-08
1925.2224444888977,9.999999987157166,1.2729881115100486e-07
1925.622324464893,9.999999987154496,2.2779274554614547e-07
1926.0222044408881,9.999999987151828,3.2572926278524837e-07
1926.4220844168833,9.999999987149158,4.141501742962405e-07
1926.8219643928785,9.99999998714649,4.852634064967881e-07
1927.2218443688737,9.999999987143822,5.304430007942832e-07
1927.6217243448689,9.999999987141152,5.402291135858498e-07
1928.021604320864,9.999999987138484,5.043280162583463e-07
1928.4214842968593,9.999999987135814,4.277991730287262e-07
1928.8213642728545,9.999999987133144,3.2971557371969795e-07
1929.2212442488496,9.999999987130476,2.1792306365900378e-07
1929.6211242248448,9.999999987127806,9.95140580149058e-08
1930.02100420084,9.999999987125138,-1.9166266045655592e-08
1930.4208841768354,9.999999987122468,-1.3251996935712234e-07
1930.8207641528306,9.9999999871198,-2.356963507550654e-07
1931.2206441288258,9.99999998711713,-3.2459194707657394e-07
1931.620524104821,9.999999987114462,-3.9585053315999226e-07
1932.0204040808162,9.999999987111794,-4.4686312184498594e-07
1932.4202840568114,9.999999987109124,-4.757679639725412e-07
1932.8201640328066,9.999999987106456,-4.814505483849664e-07
1933.2200440088018,9.999999987103786,-4.6354360192588925e-07
1933.619923984797,9.999999987101118,-4.224270894402605e-07
1934.0198039607922,9.999999987098448,-3.59228213774351e-07
1934.4196839367874,9.99999998709578,-2.758214157757526e-07
1934.8195639127825,9.99999998709311,-1.7482837429337983e-07
1935.2194438887777,9.999999987090442,-5.961800617746507e-08
1935.619323864773,9.999999987087772,6.569353372043324e-08
1936.0192038407681,9.999999987085104,1.9624285254744013e-07
1936.4190838167633,9.999999987082434,3.2641931944935707e-07
1936.8189637927585,9.999999987079766,4.4986506557066487e-07
1937.2188437687537,9.999999987077096,5.594749840545242e-07
1937.6187237447489,9.999999987074428,6.473967300427722e-07
1938.018603720744,9.99999998707176,7.050307206759267e-07
1938.4184836967393,9.99999998706909,7.230301350931878e-07
1938.8183636727344,9.999999987066422,6.913009144324248e-07
1939.2182436487296,9.999999987063752,6.018279215513821e-07
1939.6181236247248,9.999999987061083,4.653272992788957e-07
1940.01800360072,9.999999987058414,2.9591115036573114e-07
1940.4178835767152,9.999999987055745,1.0609631619609428e-07
1940.8177635527104,9.999999987053076,-9.277051185974538e-08
1941.2176435287058,9.999999987050407,-2.905127924455647e-07
1941.617523504701,9.999999987047739,-4.781241342187379e-07
1942.0174034806962,9.999999987045069,-6.477682958509184e-07
1942.4172834566914,9.9999999870424,-7.927791860275833e-07
1942.8171634326866,9.99999998703973,-9.076608634481441e-07
1943.2170434086818,9.999999987037063,-9.880875368259503e-07
1943.616923384677,9.999999987034393,-1.0309035648882868e-06
1944.0168033606722,9.999999987031725,-1.0341234563763748e-06
1944.4166833366673,9.999999987029057,-9.96931870045373e-07
1944.8165633126625,9.999999987026387,-9.196836146643737e-07
1945.2164432886577,9.999999987023719,-8.039036490164093e-07
1945.616323264653,9.999999987021049,-6.522870818984436e-07
1946.016203240648,9.99999998701838,-4.6869917212138376e-07
1946.4160832166433,9.99999998701571,-2.5817532851006587e-07
1946.8159631926385,9.999999987013043,-2.6921109903265908e-08
1947.2158431686337,9.999999987010373,2.1768777484630393e-07
1947.6157231446289,9.999999987007705,4.671054668719958e-07
1948.015603120624,9.999999987005035,7.116159572932247e-07
1948.4154830966193,9.999999987002367,9.40333087215472e-07
1948.8153630726144,9.999999986999697,1.1412005477302751e-06
1949.2152430486096,9.999999986997029,1.300991879915249e-06
1949.6151230246048,9.999999986994359,1.4053104748340551e-06
1950.0150030006,9.999999986991691,1.438589573536436e-06
1950.4148829765952,9.999999986989023,1.3840922670581886e-06
1950.8147629525904,9.999999986986353,1.232330548608989e-06
1951.2146429285856,9.999999986983683,1.0390796933058846e-06
1951.6145229045808,9.999999986981015,8.286764627660215e-07
1952.014402880576,9.999999986978345,6.128089857510102e-07
1952.4142828565714,9.999999986975677,4.017775782280365e-07
1952.8141628325666,9.999999986973007,2.0449474337034017e-07
1953.2140428085618,9.999999986970339,2.848517155648764e-08
1953.613922784557,9.99999998696767,-1.2011425962913952e-07
1954.0138027605522,9.999999986965001,-2.3655448539646706e-07
1954.4136827365473,9.999999986962331,-3.174742537497275e-07
1954.8135627125425,9.999999986959663,-3.609001254874589e-07
1955.2134426885377,9.999999986956995,-3.6624647420250907e-07
1955.613322664533,9.999999986954325,-3.343154862820302e-07
1956.013202640528,9.999999986951657,-2.672971609074819e-07
1956.4130826165233,9.999999986948987,-1.6876931005463218e-07
1956.8129625925185,9.99999998694632,-4.369755849355375e-08
1957.2128425685137,9.99999998694365,1.0156465621137339e-07
1957.6127225445089,9.999999986940981,2.5927608370146055e-07
1958.012602520504,9.999999986938311,4.2030766082370997e-07
1958.4124824964993,9.999999986935643,5.741425116308277e-07
1958.8123624724944,9.999999986932973,7.088759473811991e-07
1959.2122424484896,9.999999986930305,8.112154665389115e-07
1959.6121224244848,9.999999986927635,8.664807547737427e-07
1960.01200240048,9.999999986924967,8.586036849611634e-07
1960.4118823764752,9.9999999869223,7.743289992399988e-07
1960.8117623524704,9.99999998691963,6.563859499675693e-07
1961.2116423284656,9.999999986916961,5.269997649451848e-07
1961.6115223044608,9.999999986914291,3.934940718093498e-07
1962.011402280456,9.999999986911623,2.6233391437313845e-07
1962.4112822564512,9.999999986908954,1.3912575262619494e-07
1962.8111622324463,9.999999986906285,2.8617462734733378e-08
1963.2110422084418,9.999999986903617,-6.530166295851077e-08
1963.610922184437,9.999999986900947,-1.3960091593407526e-07
1964.0108021604321,9.99999998689828,-1.9210817149609558e-07
1964.4106821364273,9.99999998689561,-2.2150988877207868e-07
1964.8105621124225,9.999999986892941,-2.2735111071296175e-07
1965.2104420884177,9.999999986890272,-2.100354640931117e-07
1965.610322064413,9.999999986887603,-1.708251595103254e-07
1966.010202040408,9.999999986884934,-1.11840991385831e-07
1966.4100820164033,9.999999986882266,-3.606233796428616e-08
1966.8099619923985,9.999999986879596,5.2672838686221604e-08
1967.2098419683937,9.999999986876928,1.4966799267417688e-07
1967.6097219443889,9.999999986874258,2.4936799428462874e-07
1968.009601920384,9.99999998687159,3.453591299791995e-07
1968.4094818963792,9.99999998686892,4.3036910239608354e-07
1968.8093618723744,9.999999986866252,4.962670303500407e-07
1969.2092418483696,9.999999986863584,5.340634488324021e-07
1969.6091218243648,9.999999986860914,5.339103090110714e-07
1970.00900180036,9.999999986858246,4.859171289129201e-07
1970.4088817763552,9.999999986855576,4.045158906349454e-07
1970.8087617523504,9.999999986852908,3.0487188293643855e-07
1971.2086417283456,9.99999998685024,1.943209654802542e-07
1971.6085217043408,9.99999998684757,7.947357308997581e-08
1972.008401680336,9.999999986844902,-3.3785284250084233e-08
1972.4082816563312,9.999999986842232,-1.4029602139488604e-07
1972.8081616323263,9.999999986839564,-2.3562447803865962e-07
1973.2080416083215,9.999999986836894,-3.1606191871490773e-07
1973.6079215843167,9.999999986834226,-3.7862503279640423e-07
1974.007801560312,9.999999986831556,-4.2105593449519347e-07
1974.4076815363073,9.999999986828888,-4.41822162862598e-07
1974.8075615123025,9.999999986826218,-4.4011668178918216e-07
1975.2074414882977,9.99999998682355,-4.1585788000482333e-07
1975.607321464293,9.99999998682088,-3.696895710786526e-07
1976.007201440288,9.999999986818212,-3.0298099341907387e-07
1976.4070814162833,9.999999986815542,-2.178268102737599e-07
1976.8069613922785,9.999999986812874,-1.1704710972965652e-07
1977.2068413682737,9.999999986810206,-4.187404712980712e-09
1977.6067213442689,9.999999986807536,1.1648136701077831e-07
1978.006601320264,9.999999986804868,2.3996284283686323e-07
1978.4064812962592,9.999999986802198,3.6053523532124037e-07
1978.8063612722544,9.99999998679953,4.7175133218060986e-07
1979.2062412482496,9.99999998679686,5.664384962923908e-07
1979.6061212242448,9.999999986794192,6.366986656947483e-07
1980.00600120024,9.999999986791522,6.73908353586556e-07
1980.4058811762352,9.999999986788854,6.687186483274302e-07
1980.8057611522304,9.999999986786186,6.11153061454922e-07
1981.2056411282256,9.999999986783516,5.020907337204343e-07
1981.6055211042208,9.999999986780848,3.5561729545908417e-07
1982.005401080216,9.999999986778178,1.8411146029790511e-07
1982.4052810562112,9.99999998677551,-1.1523757734732376e-09
1982.8051610322063,9.99999998677284,-1.90004134402825e-07
1983.2050410082015,9.999999986770172,-3.733780548753279e-07
1983.6049209841967,9.999999986767502,-5.433126941135638e-07
1984.004800960192,9.999999986764834,-6.929509266775181e-07
1984.404680936187,9.999999986762164,-8.165399447645805e-07
1984.8045609121823,9.999999986759496,-9.094312582095434e-07
1985.2044408881777,9.999999986756826,-9.680806944846275e-07
1985.604320864173,9.999999986754158,-9.900483986993666e-07
1986.004200840168,9.999999986751488,-9.739988336008075e-07
1986.4040808161633,9.99999998674882,-9.197007795733605e-07
1986.8039607921585,9.999999986746152,-8.280273346388381e-07
1987.2038407681537,9.999999986743482,-7.009559144564567e-07
1987.6037207441489,9.999999986740814,-5.415682523228366e-07
1988.003600720144,9.999999986738144,-3.5405039917200316e-07
1988.4034806961392,9.999999986735476,-1.4369272357538362e-07
1988.8033606721344,9.999999986732806,8.311008825819455e-08
1989.2032406481296,9.999999986730138,3.1885903248248635e-07
1989.6031206241248,9.999999986727468,5.549507876138593e-07
1990.00300060012,9.9999999867248,7.816777145312693e-07
1990.4028805761152,9.99999998672213,9.882278564762673e-07
1990.8027605521104,9.999999986719462,1.1626849390530041e-06
1991.2026405281056,9.999999986716793,1.2920283702282261e-06
1991.6025205041008,9.999999986714124,1.362133240331266e-06
1992.002400480096,9.999999986711455,1.3577703220540778e-06
1992.4022804560911,9.999999986708787,1.2626060704511863e-06
1992.8021604320863,9.999999986706117,1.1062287740514728e-06
1993.2020404080815,9.999999986703449,9.536193980152225e-07
1993.6019203840767,9.999999986700779,8.093473271899312e-07
1994.001800360072,9.99999998669811,6.76712218359767e-07
1994.401680336067,9.99999998669544,5.583390668588125e-07
1994.8015603120623,9.999999986692773,4.561782065710659e-07
1995.2014402880575,9.999999986690103,3.715053099304394e-07
1995.6013202640527,9.999999986687435,3.049213879207601e-07
1996.0012002400479,9.999999986684765,2.563527900757701e-07
1996.4010802160433,9.999999986682097,2.250512044791136e-07
1996.8009601920385,9.999999986679427,2.0959365776439646e-07
1997.2008401680337,9.999999986676759,2.0788251511508292e-07
1997.6007201440289,9.99999998667409,2.1714548026457288e-07
1998.000600120024,9.99999998667142,2.3393559549618285e-07
1998.4004800960192,9.999999986668753,2.541312416431432e-07
1998.8003600720144,9.999999986666083,2.729361380885994e-07
1999.2002400480096,9.999999986663415,2.848793427656113e-07
1999.6001200240048,9.999999986660745,2.8381525215715404e-07
2000.0,9.999999986658077,2.6292360129611765e-07
