Time (s),Strain
0.0,-1.0027016690962606e-40
0.054949733089740216,3.553464300068027e-26
0.10989946617948043,-1.5238374292793957e-25
0.16484919926922065,3.28117307091734e-25
0.21979893235896086,-4.0051971094368877e-25
0.2747486654487011,9.096064982524457e-26
0.3296983985384413,3.8210046710708983e-25
0.3846481316281815,-1.0730082722807302e-25
0.4395978647179217,-4.0763819977318724e-25
0.49454759780766194,-5.742504726154136e-26
0.5494973308974022,4.0583514594521776e-25
0.6044470639871424,-1.5965749605418526e-25
0.6593967970768826,1.4730792191777806e-29
0.7143465301666228,-1.682961663437887e-25
0.769296263256363,4.0163185145410357e-25
0.8242459963461033,2.5845878840826163e-25
0.8791957294358435,6.212056774908831e-26
0.9341454625255836,-1.2466767962866393e-25
0.9890951956153239,-3.86552217634224e-25
1.0440449287050642,3.511120716550192e-26
1.0989946617948043,-1.3386594813807303e-25
1.1539443948845445,3.5225942229951495e-25
1.2088941279742849,3.858971183125212e-25
1.263843861064025,3.4479722693904653e-25
1.3187935941537652,3.9350919820571306e-25
1.3737433272435053,-8.362990458594891e-27
1.4286930603332455,2.966704214730267e-25
1.4836427934229859,1.8547586146632335e-25
1.538592526512726,3.7944490246762527e-25
1.5935422596024662,4.0461918518829343e-25
1.6484919926922066,-4.412674515775258e-27
1.7034417257819467,3.7537307822021447e-25
1.758391458871687,4.035277407701831e-25
1.813341191961427,1.054830600661535e-25
1.8682909250511672,1.5727523907538964e-25
1.9232406581409076,-1.8766003464498733e-25
1.9781903912306478,-2.491681048628104e-25
2.033140124320388,-2.874087180239602e-25
2.0880898574101283,-1.7669165194231315e-25
2.1430395904998685,2.2739092632492667e-25
2.1979893235896086,3.9238164024515323e-25
2.252939056679349,-9.245552043214939e-26
2.307888789769089,2.120322391159681e-26
2.362838522858829,-3.9677795725924554e-25
2.4177882559485697,2.3680139646289054e-25
2.47273798903831,3.168426729392208e-25
2.52768772212805,-1.9072667896963424e-25
2.58263745521779,-3.8854449461638645e-25
2.6375871883075304,3.772558062895902e-25
2.6925369213972705,-4.6242750430647405e-26
2.7474866544870107,-3.122733002013394e-25
2.802436387576751,2.671796477479439e-25
2.857386120666491,-2.463969255161155e-26
2.9123358537562316,-3.116384798898534e-25
2.9672855868459718,3.3254578201767198e-25
3.022235319935712,-7.376996820970774e-26
3.077185053025452,-3.874764892827844e-25
3.1321347861151922,3.8282818899280174e-25
3.1870845192049324,-2.801670487130526e-25
3.2420342522946726,2.336015223047061e-25
3.296983985384413,1.0094132511997074e-25
3.3519337184741533,-2.519760276411779e-25
3.4068834515638935,-8.913874713480696e-26
3.4618331846536337,6.674508010189689e-26
3.516782917743374,2.02261167605272e-25
3.571732650833114,-1.7612690619579758e-25
3.626682383922854,2.6872274179561053e-25
3.6816321170125943,2.2906117577404104e-25
3.7365818501023345,-1.8354876443153192e-25
3.791531583192075,3.3899139818063415e-25
3.846481316281815,3.1348943077502205e-27
3.9014310493715554,3.9755612889690655e-25
3.9563807824612955,-2.1005799164814063e-25
4.011330515551036,1.2819685999392453e-25
4.066280248640776,3.973119769573897e-25
4.121229981730516,-3.9710003290695423e-25
4.176179714820257,-1.6842120117480704e-25
4.231129447909996,2.881580512764309e-25
4.286079180999737,-1.7922514432551277e-25
4.341028914089477,-1.735208089849989e-25
4.395978647179217,3.4109191846146694e-25
4.450928380268958,1.2341043996044693e-25
4.505878113358698,-3.7009400631380744e-25
4.560827846448438,-1.2774267073185248e-25
4.615777579538178,3.255658991121372e-25
4.6707273126279185,1.881127924781647e-25
4.725677045717658,-1.2980565322678498e-25
4.780626778807399,-3.112944844572597e-25
4.835576511897139,-2.2950844131055713e-25
4.890526244986879,3.909174175148599e-25
4.94547597807662,3.893550587225381e-25
5.0004257111663595,-1.720390965870104e-26
5.0553754442561,-1.5840212561153996e-25
5.11032517734584,-3.562440296675825e-25
5.16527491043558,5.549961381673316e-28
5.22022464352532,-3.9293421036212565e-25
5.275174376615061,-2.5336150110421736e-25
5.330124109704801,-3.40705003380999e-25
5.385073842794541,9.86978396797467e-26
5.440023575884282,9.730482136750526e-26
5.494973308974021,-5.458325788529105e-26
5.549923042063762,-1.4191752579425725e-25
5.604872775153502,-2.8996821529150145e-25
5.659822508243242,1.2902026019039733e-26
5.714772241332982,2.9723443418234277e-26
5.769721974422723,-3.905180018616557e-25
5.824671707512463,-3.737447851756291e-25
5.879621440602203,-2.728601503228764e-25
5.9345711736919435,-1.3689342701658923e-25
5.989520906781683,1.8966670982347706e-25
6.044470639871424,3.8811871788054132e-25
6.099420372961164,3.6674489137533166e-25
6.154370106050904,-1.2137227395006613e-25
6.209319839140645,-3.912878832848879e-25
6.2642695722303845,-3.4884686769514473e-25
6.319219305320125,1.7595810393519598e-25
6.374169038409865,3.4878968723291025e-25
6.429118771499605,6.963858317563562e-27
6.484068504589345,-3.5552967152761163e-25
6.539018237679086,-1.2573177562424562e-25
6.593967970768826,3.528450258363071e-25
6.648917703858566,1.1027016841223516e-25
6.703867436948307,1.423420990089125e-26
6.758817170038046,3.846845556137003e-25
6.813766903127787,9.957199880834116e-26
6.868716636217527,-3.8702450406504925e-25
6.923666369307267,-1.7904147501952521e-26
6.978616102397007,-2.3919614230372503e-25
7.033565835486748,-2.861818738481859e-25
7.088515568576488,3.8124650754171626e-25
7.143465301666228,6.645041182987757e-27
7.1984150347559686,3.6441708401266255e-25
7.253364767845708,-1.2793410260244037e-25
7.308314500935449,-2.2644425299874367e-25
7.363264234025189,-7.517498989793979e-26
7.418213967114929,-1.9429277730077676e-25
7.473163700204669,1.7853240109668568e-26
7.5281134332944095,-2.4969225191350733e-25
7.58306316638415,3.2745673205016765e-25
7.63801289947389,7.954145597164812e-26
7.69296263256363,1.19704602090517e-25
7.74791236565337,2.991696930202954e-25
7.802862098743111,-3.189013173374878e-25
7.8578118318328505,2.978276920410213e-25
7.912761564922591,-3.842451983956489e-25
7.967711298012332,-5.208898811970798e-26
8.022661031102071,-8.312031323501418e-26
8.077610764191812,-3.859174963279738e-25
8.132560497281553,2.1825592670011955e-25
8.187510230371291,-8.201332931849265e-27
8.242459963461032,-2.368947310607445e-25
8.297409696550773,3.7382541557681926e-25
8.352359429640513,1.9348645410604346e-25
8.407309162730254,4.5937081478695146e-27
8.462258895819993,8.790433356751714e-26
8.517208628909733,3.3453192758502685e-25
8.572158361999474,2.8398656584184914e-25
8.627108095089215,-2.4113746898557025e-25
8.682057828178953,-2.9340841363849473e-25
8.737007561268694,2.411992628551617e-25
8.791957294358435,3.3470292178985206e-25
8.846907027448175,-5.522856859259613e-26
8.901856760537916,-3.454439313374386e-25
8.956806493627655,-3.664846845285718e-25
9.011756226717395,-2.556454745773468e-25
9.066705959807136,-1.3750046217251888e-25
9.121655692896876,-5.643960013503905e-26
9.176605425986615,-1.4161792044295485e-26
9.231555159076356,-3.4817452211686574e-28
9.286504892166096,-3.940865067138243e-27
9.341454625255837,-1.5671442410773933e-26
9.396404358345578,-2.8414068565773467e-26
9.451354091435316,-3.7251480793526534e-26
9.506303824525057,-3.9456257339900824e-26
9.561253557614798,-3.44106050046787e-26
9.616203290704538,-2.3572962806852577e-26
9.671153023794279,-1.0533905484379093e-26
9.726102756884018,-1.073676308004568e-27
9.781052489973758,-3.1365001741668646e-27
9.836002223063499,-2.670858598462242e-26
9.89095195615324,-8.301126246412397e-26
9.945901689242978,-1.796808651601111e-25
10.000851422332719,-3.030765636003838e-25
10.05580115542246,-3.803231436830191e-25
10.1107508885122,-2.6251456280560752e-25
10.16570062160194,1.1426241858523654e-25
10.22065035469168,3.7993561968887017e-25
10.27560008778142,3.0019566079533193e-26
10.33054982087116,-3.787914213644847e-25
10.385499553960901,-2.3532801980939266e-26
10.44044928705064,3.716489145662946e-25
10.49539902014038,2.3439100932697756e-25
10.550348753230121,2.3900835547119558e-26
10.605298486319862,4.653819519913897e-26
10.660248219409603,3.070925665000702e-25
10.715197952499341,2.179001815036598e-25
10.770147685589082,-3.78390243573104e-25
10.825097418678823,3.193433834009755e-25
10.880047151768563,-1.2565489555300267e-25
10.934996884858302,-2.947673346213825e-25
10.989946617948043,-7.417460857335991e-27
11.044896351037783,-1.791038015182534e-25
11.099846084127524,-2.682819195683769e-25
11.154795817217265,3.2196377047331423e-25
11.209745550307003,-2.929013602843162e-25
11.264695283396744,3.641147624426241e-25
11.319645016486485,1.0060858738185084e-26
11.374594749576225,2.5361557716075384e-25
11.429544482665964,-8.540851830465756e-26
11.484494215755705,2.8075253995939907e-25
11.539443948845445,-3.5387817305603174e-25
11.594393681935186,-2.720621294423517e-26
11.649343415024926,-2.746811085491136e-25
11.704293148114665,2.884843399092042e-25
11.759242881204406,-3.321736195809081e-25
11.814192614294146,2.751294972004895e-25
11.869142347383887,5.665447657476104e-26
11.924092080473628,1.4159960715517352e-25
11.979041813563367,3.338638462104439e-25
12.033991546653107,-3.3753720844634384e-25
12.088941279742848,-4.6850215291893323e-26
12.143891012832588,-4.763003955749761e-26
12.198840745922327,-3.6314130352914964e-25
12.253790479012068,1.9367356286393327e-25
12.308740212101808,2.244043606373465e-25
12.363689945191549,-3.6752000201547835e-25
12.41863967828129,-2.806184764703222e-25
12.473589411371028,-2.320201516319532e-27
12.528539144460769,-1.1462836765176443e-25
12.58348887755051,-2.7112799378612477e-25
12.63843861064025,5.236791431068389e-26
12.693388343729989,3.6029461409517206e-25
12.74833807681973,3.6848965009427904e-25
12.80328780990947,-1.1217363108268662e-25
12.85823754299921,-3.723132099515268e-25
12.913187276088951,-3.6890151871007335e-25
12.96813700917869,7.738112432385802e-26
13.02308674226843,3.225029112633306e-25
13.078036475358171,2.5865552688447484e-25
13.132986208447912,-2.8172959494510616e-27
13.187935941537653,1.1194854522181208e-25
13.242885674627392,2.933200362310423e-25
13.297835407717132,1.137569703631331e-25
13.352785140806873,-1.1774563398228733e-25
13.407734873896613,-1.77869585543308e-25
13.462684606986352,-3.253143167006044e-25
13.517634340076093,-5.35890180076753e-27
13.572584073165833,5.728817668407365e-26
13.627533806255574,-1.328891653845976e-25
13.682483539345315,-1.1770126385174286e-25
13.737433272435053,-8.871753303747864e-26
13.792383005524794,3.5085097624551086e-25
13.847332738614535,3.0381534234839935e-25
13.902282471704275,2.8783907222361176e-25
13.957232204794014,-4.1213656618961357e-26
14.012181937883755,-6.618250336751485e-26
14.067131670973495,1.5132460243082432e-26
14.122081404063236,-3.6826004110180893e-25
14.177031137152976,-1.3598625713743332e-25
14.231980870242715,1.668339316965833e-25
14.286930603332456,2.6705756281671137e-25
14.341880336422197,9.042298648537114e-26
14.396830069511937,-3.3337308529436793e-25
14.451779802601676,-1.9750087906387493e-25
14.506729535691417,3.469155183461475e-25
14.561679268781157,1.849716489893339e-25
14.616629001870898,-3.237099942612086e-25
14.671578734960638,-4.5556066018408617e-26
14.726528468050377,2.41563972169453e-25
14.781478201140118,-2.3420101424116267e-25
14.836427934229858,-1.0300795399891862e-25
14.891377667319599,3.3684742399248185e-25
14.946327400409338,3.1688356603037673e-27
15.001277133499078,2.120813173485921e-25
15.056226866588819,-8.047628310803952e-26
15.11117659967856,-1.4330517600004208e-25
15.1661263327683,3.527642601982403e-25
15.221076065858039,-3.6446890164569057e-25
15.27602579894778,1.2548862588798798e-25
15.33097553203752,4.859995464678649e-26
15.38592526512726,1.4583901565480755e-25
15.440874998217001,-1.3898312373115436e-25
15.49582473130674,2.3866915029050805e-25
15.550774464396481,1.221694699038094e-25
15.605724197486222,-6.919491766557108e-26
15.660673930575962,-2.340963877929644e-25
15.715623663665701,2.42848382447913e-25
15.770573396755442,-3.621788275039673e-25
15.825523129845182,3.5878096587797e-25
15.880472862934923,2.373746124377934e-26
15.935422596024663,-1.2332418253329364e-25
15.990372329114402,4.963280797504125e-27
16.045322062204143,2.0575049007562112e-27
16.10027179529388,1.379387015309613e-25
16.155221528383624,-1.5072478407003586e-25
16.210171261473363,6.176660973652473e-27
16.265120994563105,9.783481684800719e-26
16.320070727652844,-1.568318934139074e-26
16.375020460742583,2.938509477904022e-27
16.429970193832325,-2.2338663809339373e-25
16.484919926922064,3.45988605237075e-25
16.539869660011806,1.2098860167557502e-25
16.594819393101545,-3.1627769087852586e-25
16.649769126191284,-1.7372346024768894e-25
16.704718859281027,3.5652114665596413e-25
16.759668592370765,-1.1868837095900066e-26
16.814618325460508,1.7373313054437848e-25
16.869568058550247,-3.524318565788371e-25
16.924517791639985,-2.822338620398529e-25
16.979467524729728,7.496242714566174e-26
17.034417257819467,-1.45558368320396e-26
17.089366990909205,3.588951509417196e-25
17.144316723998948,3.162204869667266e-25
17.199266457088687,-2.1725504690313466e-26
17.25421619017843,3.0412681458405854e-25
17.309165923268168,5.657289054638175e-26
17.364115656357907,-2.2521210230697363e-25
17.41906538944765,7.428209845272298e-26
17.474015122537388,-1.6038299005365277e-25
17.52896485562713,6.902542537142329e-26
17.58391458871687,-1.096375727926812e-25
17.638864321806608,-2.0739174635043527e-25
17.69381405489635,1.3819141023539134e-25
17.74876378798609,-4.5291953991329934e-26
17.80371352107583,3.5862820252759254e-25
17.85866325416557,3.3952633208054277e-25
17.91361298725531,3.3858533130466914e-25
17.96856272034505,2.655868495165858e-25
18.02351245343479,-1.829849696542867e-25
18.078462186524533,1.6005021250590694e-27
18.13341191961427,-2.2884169776966626e-25
18.18836165270401,2.576264009962839e-25
18.243311385793753,3.545813146246413e-25
18.29826111888349,2.231649805143669e-25
18.35321085197323,-9.655123478314372e-26
18.408160585062973,-3.5616114289987303e-25
18.46311031815271,1.816739360317305e-25
18.518060051242454,-1.1120887873429072e-26
18.573009784332193,4.3933545871864697e-26
18.62795951742193,-2.32157263519576e-25
18.682909250511674,3.561201998526298e-25
18.737858983601413,-1.10645623986068e-25
18.792808716691155,-2.9351544532504737e-25
18.847758449780894,2.7745290702317496e-25
18.902708182870633,1.1452368532959294e-25
18.957657915960375,-3.5289490286606435e-25
19.012607649050114,2.4560485388435673e-25
19.067557382139857,1.4687145097116768e-26
19.122507115229595,-2.2746945274956746e-25
19.177456848319334,3.3267693643158114e-25
19.232406581409077,-3.557466988799834e-25
19.287356314498815,3.3790316918793715e-25
19.342306047588558,-3.08367197409644e-25
19.397255780678297,2.8245735209790403e-25
19.452205513768035,-2.6671759393994967e-25
19.507155246857778,2.6340010480067932e-25
19.562104979947517,-2.7283197700823136e-25
19.617054713037255,2.9386457112934584e-25
19.672004446126998,-3.2251336936650517e-25
19.726954179216737,3.4854539192782267e-25
19.78190391230648,-3.502945090989635e-25
19.836853645396218,2.915047183125643e-25
19.891803378485957,-1.331561648093632e-25
19.9467531115757,-1.180128488438472e-25
20.001702844665438,3.321263516942122e-25
20.05665257775518,-2.757955349734562e-25
20.11160231084492,-9.399945509720827e-26
20.166552043934658,3.5316080511637587e-25
20.2215017770244,-1.1090616502284807e-25
20.27645151011414,-2.813887109598522e-25
20.33140124320388,3.213110578669567e-25
20.38635097629362,-1.2485293429754962e-25
20.44130070938336,2.962562074961212e-27
20.4962504424731,-7.102692514925861e-26
20.55120017556284,3.008021406096494e-25
20.60614990865258,-2.180611301937649e-25
20.66109964174232,-3.4177643465135592e-25
20.71604937483206,-1.743180659865232e-25
20.770999107921803,9.256443695239015e-26
20.82594884101154,3.477351655896771e-25
20.88089857410128,-7.26262507867158e-26
20.935848307191023,3.8247907298513235e-26
20.99079804028076,-3.361349370871832e-25
21.045747773370504,-1.5183011377374346e-25
21.100697506460243,-1.1509324138050204e-25
21.15564723954998,-8.081284723177672e-26
21.210596972639724,2.2326333626166113e-25
21.265546705729463,-6.226669797333203e-27
21.320496438819205,3.321939168015936e-25
21.375446171908944,2.9531416361704063e-25
21.430395904998683,3.5024130806069886e-25
21.485345638088425,3.486976687594541e-25
21.540295371178164,-4.8414350803021584e-27
21.595245104267907,3.0279904171589573e-25
21.650194837357645,3.242701827557701e-25
21.705144570447384,2.669985190350939e-25
21.760094303537127,2.408676086478095e-25
21.815044036626865,-5.44629764676535e-26
21.869993769716604,1.5261408155535768e-25
21.924943502806347,-2.769981794857064e-25
21.979893235896085,-3.3494872660533907e-25
22.034842968985828,2.089560975706503e-26
22.089792702075567,-1.781270681361731e-25
22.144742435165305,3.298653342479017e-25
22.199692168255048,2.643502826355194e-25
22.254641901344787,-1.1516184075327843e-25
22.30959163443453,-2.7176161453084867e-25
22.364541367524268,8.459405872872297e-27
22.419491100614007,-1.8975092310163952e-26
22.47444083370375,3.3021619185693177e-25
22.529390566793488,-3.0431646295535645e-25
22.58434029988323,-1.9376094284114908e-25
22.63929003297297,2.723022990649227e-25
22.694239766062708,6.783800438114686e-26
22.74918949915245,-3.016373489107313e-25
22.80413923224219,1.983812712251188e-25
22.859088965331928,1.6284458006176341e-25
22.91403869842167,-2.9813904572326883e-25
22.96898843151141,2.4160246508236164e-25
23.02393816460115,-6.674138842942284e-26
23.07888789769089,-1.8117940713507355e-25
23.13383763078063,3.456636924182813e-25
23.18878736387037,-3.3447876502408458e-25
23.24373709696011,-1.2169619792182342e-26
23.298686830049853,-6.4050275312331e-26
23.35363656313959,2.860984334816407e-25
23.40858629622933,-1.3918347549314465e-25
23.463536029319073,7.216177223865696e-26
23.51848576240881,8.42300402063179e-26
23.573435495498554,-9.993825392123386e-26
23.628385228588293,-2.8317034126117092e-25
23.68333496167803,2.0116490703869424e-25
23.738284694767774,-3.2901907796393547e-25
23.793234427857513,-6.589565427320574e-28
23.848184160947255,-3.422991179124776e-25
23.903133894036994,1.858685384741784e-25
23.958083627126733,-1.4574522035777952e-25
24.013033360216475,-3.38077341076049e-25
24.067983093306214,3.3389057997110794e-25
24.122932826395953,2.804532757231475e-26
24.177882559485695,-1.8675238931058447e-25
24.232832292575434,2.9598984568096227e-25
24.287782025665177,7.633738399984788e-26
24.342731758754915,-3.3254908895863084e-25
24.397681491844654,-3.246875094748103e-26
24.452631224934397,2.8001860616379817e-25
24.507580958024135,2.3818315719553712e-26
24.562530691113878,-2.9095397616534007e-25
24.617480424203617,-3.9846178384579454e-26
24.672430157293356,3.411995724630533e-25
24.727379890383098,9.848890788574818e-26
24.782329623472837,-2.356808503304169e-25
24.83727935656258,-2.289679065074814e-25
24.892229089652318,-1.4353978470477046e-25
24.947178822742057,3.4053373971795246e-25
25.0021285558318,3.360676422588337e-25
25.057078288921538,2.365929043283356e-26
25.11202802201128,-1.1003338853264305e-25
25.16697775510102,-2.352005101790122e-25
25.221927488190758,1.0498149414787614e-26
25.2768772212805,-2.978200967694193e-25
25.33182695437024,-2.985391203171139e-25
25.386776687459978,-3.395215911288761e-25
25.44172642054972,-1.9167201529554776e-25
25.49667615363946,1.2853800602571573e-26
25.5516258867292,-3.3063938930809427e-25
25.60657561981894,-2.7557182357971023e-25
25.66152535290868,-3.2768004816948514e-25
25.71647508599842,-3.3476702350468924e-25
25.77142481908816,1.360681516685444e-26
25.826374552177903,-5.002163035231137e-29
25.88132428526764,-1.6442565668583378e-25
25.93627401835738,-3.224923192343921e-26
25.991223751447123,3.3111154020861744e-25
26.04617348453686,3.3252004821689595e-25
26.101123217626604,9.766973928933495e-26
26.156072950716343,-3.2566807058973804e-25
26.211022683806082,-3.3746486182942896e-25
26.265972416895824,-8.366369975648193e-26
26.320922149985563,3.3235361591399515e-25
26.375871883075305,2.706125172867617e-25
26.430821616165044,1.1528354246657158e-26
26.485771349254783,-1.873945453422745e-26
26.540721082344525,1.8091908802471525e-25
26.595670815434264,-5.549121450517983e-26
26.650620548524003,-3.299831199283457e-25
26.705570281613745,3.2489723696997066e-26
26.760520014703484,3.3687771127764233e-25
26.815469747793227,1.7864036214684283e-26
26.870419480882966,1.4649229791917444e-25
26.925369213972704,3.2312247886641637e-25
26.980318947062447,-2.797611992274141e-25
27.035268680152186,-4.790352142468211e-26
27.090218413241928,-1.229769498666453e-25
27.145168146331667,-2.7349566825664418e-25
27.200117879421406,3.32885319093015e-25
27.255067612511148,4.705213572317191e-28
27.310017345600887,3.3540150530307034e-25
27.36496707869063,-3.015270185352817e-25
27.419916811780368,7.834693924934894e-26
27.474866544870107,-1.945638946965861e-25
27.52981627795985,-3.293696421038822e-26
27.584766011049588,-3.229526845598318e-25
27.639715744139327,3.1428664135693405e-25
27.69466547722907,-2.4537293702224837e-25
27.749615210318808,3.1547010918125095e-25
27.80456494340855,1.0126778184213873e-26
27.85951467649829,1.7590807194514133e-25
27.914464409588028,1.9632031175226537e-25
27.96941414267777,-2.773111915504336e-25
28.02436387576751,3.1193591577830376e-25
28.07931360885725,-3.1238527457700653e-25
28.13426334194699,-1.37812588073967e-25
28.18921307503673,-2.363022298683598e-27
28.24416280812647,-1.9370759105487148e-25
28.29911254121621,-2.957791241778949e-25
28.354062274305953,2.5005689752160095e-25
28.40901200739569,5.1416133014539243e-26
28.46396174048543,-3.151448017357693e-25
28.518911473575173,1.6365320246555615e-25
28.573861206664912,3.196505459381206e-25
28.628810939754654,1.3925726937321693e-25
28.683760672844393,1.2776157923327563e-26
28.738710405934132,1.8819713522143043e-26
28.793660139023874,1.3169872709394049e-25
28.848609872113613,2.7983199420257536e-25
28.903559605203352,3.2600188804599287e-25
28.958509338293094,1.738576130122979e-25
29.013459071382833,-9.74417845196777e-26
29.068408804472575,-2.9781754249527383e-25
29.123358537562314,-3.164136007137235e-25
29.178308270652053,-1.887296211651389e-25
29.233258003741796,-1.4438133489983065e-26
29.288207736831534,1.3231025667469029e-25
29.343157469921277,2.270521870170285e-25
29.398107203011016,2.7687241840947392e-25
29.453056936100754,2.97548395573708e-25
29.508006669190497,3.0040002273470334e-25
29.562956402280236,2.874532630173474e-25
29.617906135369978,2.5085411880417074e-25
29.672855868459717,1.7568419238493512e-25
29.727805601549456,4.927505928638352e-26
29.782755334639198,-1.1938893368512983e-25
29.837705067728937,-2.7651947024325625e-25
29.892654800818676,-3.258424363946155e-25
29.947604533908418,-1.9374415363669112e-25
30.002554266998157,6.975791288261495e-26
30.0575040000879,2.8700693831637947e-25
30.112453733177638,3.157109150303201e-25
30.167403466267377,1.9094320035911094e-25
30.22235319935712,5.268780625524241e-26
30.277302932446858,1.3377382310023107e-28
30.3322526655366,7.245777531391543e-26
30.38720239862634,2.5567811507722256e-25
30.442152131716078,2.9220119828192544e-25
30.49710186480582,-1.5782081928186265e-25
30.55205159789556,-2.0679393364400412e-25
30.6070013309853,3.252520100752806e-25
30.66195106407504,-1.170535242430674e-25
30.71690079716478,-2.9249510091504638e-25
30.77185053025452,-4.4377137421990463e-26
30.82680026334426,-4.1876186626234004e-26
30.881749996434003,-3.0577459186469847e-25
30.936699729523742,5.184501775159723e-26
30.99164946261348,6.481507495942208e-26
31.046599195703223,-1.327317414365958e-25
31.101548928792962,3.028852725208362e-25
31.1564986618827,1.2542676904031478e-26
31.211448394972443,1.7021224491683843e-25
31.266398128062182,1.2966037256046156e-25
31.321347861151924,-6.944042818336155e-26
31.376297594241663,-4.5337678535328834e-26
31.431247327331402,-1.6943612756478368e-25
31.486197060421144,-3.9749959291702383e-26
31.541146793510883,-2.8760512305985834e-25
31.596096526600626,1.6528450199711292e-25
31.651046259690364,1.0477175145019907e-25
31.705995992780103,8.916550063850186e-26
31.760945725869846,1.5878131095559037e-25
31.815895458959584,-1.4062777528969807e-25
31.870845192049327,3.1354916948986036e-25
31.925794925139066,-2.3855466771345355e-25
31.980744658228804,-6.545891538900424e-26
32.03569439131854,-2.3694395053034317e-27
32.090644124408286,-3.1857685332510854e-25
32.14559385749803,1.9849261616459507e-25
32.20054359058776,1.405709370093239e-25
32.255493323677506,-2.8881881721345015e-25
32.31044305676725,-4.014472479632591e-26
32.36539278985699,-1.7075323300849522e-26
32.420342522946726,-3.1292070845247514e-25
32.47529225603647,-2.485590968027538e-25
32.53024198912621,2.137490292805544e-25
32.585191722215946,2.098115901828681e-25
32.64014145530569,-2.0696149835821075e-25
32.69509118839543,-3.1862716211951567e-25
32.750040921485166,-1.082096197755402e-25
32.80499065457491,3.097398068384918e-25
32.85994038766465,3.2220668032472462e-25
32.914890120754386,1.1301658184957857e-25
32.96983985384413,-2.5628784924947725e-25
33.02478958693387,-2.9453800286877514e-25
33.07973932002361,-2.256721515562306e-25
33.13468905311335,-1.3328873880304088e-25
33.18963878620309,1.190878545374014e-25
33.24458851929283,2.918209518634492e-25
33.29953825238257,1.4652564199845383e-25
33.35448798547231,-5.3689682967181045e-27
33.40943771856205,3.1796279595531876e-25
33.46438745165179,2.888296505668485e-25
33.51933718474153,3.0760553246473006e-25
33.57428691783127,2.631244192443144e-25
33.629236650921015,-5.645847447957666e-27
33.68418638401075,2.947777174051587e-25
33.73913611710049,1.7458818587277217e-25
33.794085850190235,2.0787864636647707e-25
33.84903558327997,-2.5317997113449263e-25
33.90398531636971,-2.2831167908816114e-25
33.958935049459456,-2.8325249885736394e-25
34.01388478254919,3.044185401122743e-26
34.06883451563893,6.648589724868226e-26
34.123784248728676,-8.20393238050416e-27
34.17873398181841,3.0084479978237677e-25
34.23368371490815,8.074495663056282e-26
34.288633447997896,-2.5711652854775604e-25
34.34358318108764,-1.6081696930303113e-25
34.39853291417737,1.2550170476170125e-25
34.453482647267116,2.0127822750294897e-25
34.50843238035686,-8.62217467857172e-26
34.56338211344659,-1.931484726684026e-25
34.618331846536336,1.617882850905706e-25
34.67328157962608,1.3731604400465192e-25
34.72823131271581,-2.9700616576241606e-25
34.783181045805556,-5.224756411116995e-26
34.8381307788953,2.2993473068024826e-25
34.89308051198504,1.2691572568359211e-28
34.948030245074776,2.22402615502023e-25
35.00297997816452,-7.489734256405323e-26
35.05792971125426,-1.3260941973250565e-25
35.112879444343996,2.9740644760876957e-25
35.16782917743374,-3.1657570543360045e-25
35.22277891052348,1.9781698764491113e-26
35.277728643613216,7.322707772568631e-26
35.33267837670296,-3.449530317168372e-26
35.3876281097927,-6.428910072925296e-26
35.442577842882436,3.897706759415361e-26
35.49752757597218,2.634314494144349e-25
35.55247730906192,-1.4459607014454703e-25
35.60742704215166,9.584684794751921e-26
35.6623767752414,9.347289518115663e-26
35.71732650833114,-2.361664653330852e-25
35.77227624142088,5.923166986095661e-26
35.82722597451062,5.9953275679016145e-27
35.88217570760036,2.621643115929693e-25
35.9371254406901,-2.9908183136644044e-25
35.99207517377984,9.337649204231311e-26
36.04702490686958,2.748921046754621e-25
36.10197463995932,-3.0700916743640228e-25
36.156924373049065,1.4186550007924399e-25
36.2118741061388,2.4665708254461106e-25
36.26682383922854,-3.1214278153382877e-25
36.321773572318286,9.297916213866389e-26
36.37672330540802,3.115950836786067e-25
36.43167303849776,-2.4321630062212143e-25
36.486622771587506,5.87472706984172e-27
36.54157250467724,-5.891021913765905e-26
36.59652223776698,2.5219581773644232e-25
36.651471970856726,9.332177463664977e-26
36.70642170394646,-2.635375959420635e-25
36.7613714370362,-2.3218279973491557e-25
36.816321170125946,2.5992202635956126e-25
36.87127090321569,-5.740786170461478e-28
36.92622063630542,2.9985430949301002e-25
36.981170369395166,-3.1143711559361686e-26
37.03612010248491,-3.0472123837694805e-25
37.09106983557464,1.697958736529408e-28
37.146019568664386,-3.1214784740461413e-25
37.20096930175413,-2.0056449662366975e-25
37.25591903484386,1.2213679368558948e-25
37.310868767933606,-7.474751902362387e-26
37.36581850102335,1.467569616857966e-25
37.42076823411309,1.525344809725714e-26
37.475717967202826,2.2231030119185484e-25
37.53066770029257,2.8372660135468727e-25
37.58561743338231,-4.40902259484313e-26
37.640567166472046,1.3261602626943153e-25
37.69551689956179,-1.54356828824237e-25
37.75046663265153,-1.26816688964597e-25
37.805416365741266,-8.920300519131235e-26
37.86036609883101,-2.656715339139993e-25
37.91531583192075,5.652577985733909e-27
37.970265565010486,-1.5439032942214482e-25
38.02521529810023,2.3695302081297166e-25
38.08016503118997,3.094378526069758e-25
38.13511476427971,2.8992340087392896e-25
38.19006449736945,1.375352172537019e-25
38.24501423045919,-2.5427040342032647e-25
38.29996396354893,3.0836572687928946e-26
38.35491369663867,-3.375205334258913e-26
38.40986342972841,2.3788805455399237e-25
38.46481316281815,-2.4858125721492047e-25
38.51976289590789,-2.084127855651048e-25
38.57471262899763,1.755063776536057e-25
38.62966236208737,2.8086981977301566e-25
38.684612095177116,-1.3217358923959758e-25
38.73956182826685,-2.3193965056007926e-25
38.79451156135659,2.975714423863853e-25
38.849461294446336,-1.7773131707048548e-25
38.90441102753607,6.140821465384709e-26
38.95936076062581,-5.901826056224286e-27
39.014310493715556,6.167489847360556e-27
39.06926022680529,-4.667970318122035e-26
39.12420995989503,1.1073774571872182e-25
39.179159692984776,-1.8022578978849555e-25
39.23410942607451,2.3915931808811805e-25
39.28905915916425,-2.7878099773180796e-25
39.344008892253996,2.9912827387024415e-25
39.39895862534374,-3.0616394915964837e-25
39.45390835843347,3.0716538300133295e-25
39.508858091523216,-3.0703990543264002e-25
39.56380782461296,3.064624907158893e-25
39.61875755770269,-3.0166036146446627e-25
39.673707290792436,2.8577653629588676e-25
39.72865702388218,-2.5204096630143217e-25
39.78360675697191,1.9829338127689255e-25
39.838556490061656,-1.3066840421850203e-25
39.8935062231514,6.342566786610414e-26
39.94845595624113,-1.4483791346375356e-26
40.003405689330876,8.670514572762504e-28
40.05835542242062,-3.826739944518226e-26
40.11330515551036,1.3736303701263844e-25
40.168254888600096,-2.6806212223034157e-25
40.22320462168984,2.8143759490472584e-25
40.27815435477958,1.02826873253538e-26
40.333104087869316,-3.048228842684123e-25
40.38805382095906,-2.447441179783132e-26
40.4430035540488,2.905484673017386e-25
40.497953287138536,1.376190807542563e-25
40.55290302022828,-2.859658455316435e-25
40.60785275331802,7.922082244843852e-26
40.66280248640776,-4.638344862964308e-27
40.7177522194975,1.761689257108796e-25
40.77270195258724,-2.631071914792209e-25
40.82765168567698,-2.8129075204842765e-25
40.88260141876672,-1.9604178860911855e-25
40.93755115185646,-5.627065259166185e-26
40.9925008849462,2.4224444236624176e-25
41.04745061803594,-4.41150706377337e-27
41.10240035112568,1.644052680893849e-25
41.15735008421542,-1.5480119663995521e-25
41.21229981730516,-1.661695421001669e-25
41.2672495503949,-1.0845180581558127e-25
41.32219928348464,-2.398651563060803e-25
41.377149016574386,1.4151888034995343e-27
41.43209874966412,-2.868323138417045e-25
41.48704848275386,-2.838727351256924e-25
41.541998215843606,-2.7433027980998128e-25
41.59694794893334,-2.6528964364097574e-25
41.65189768202308,5.866265739589093e-27
41.706847415112826,-2.9687991038271828e-25
41.76179714820256,-1.7522470826164437e-25
41.8167468812923,1.5253241374498364e-25
41.871696614382046,-4.030945967475501e-26
41.92664634747179,2.4142251375300835e-25
41.98159608056152,3.0131824470410806e-25
42.036545813651266,-3.5962441866895626e-26
42.09149554674101,4.387306232624027e-26
42.14644527983074,-2.7290180944674367e-25
42.201395012920486,-2.0169291299134421e-25
42.25634474601023,2.6986764212892355e-25
42.31129447909996,-2.4536914073364887e-27
42.366244212189706,1.5259659134009655e-25
42.42119394527945,-2.937259737633805e-25
42.47614367836918,-1.1343910784507233e-25
42.531093411458926,2.6450776234151647e-25
42.58604314454867,2.2882427593989888e-26
42.64099287763841,-2.677430191087615e-25
42.695942610728146,1.412515461801217e-25
42.75089234381789,2.4941678814151423e-25
42.80584207690763,-2.9774006171289547e-25
42.860791809997366,1.152727525473362e-25
42.91574154308711,2.376649942455327e-25
42.97069127617685,-2.804787849195793e-25
43.025641009266586,1.8888112941359752e-25
43.08059074235633,-3.6719002638960734e-26
43.13554047544607,-1.5148744418813794e-25
43.19049020853581,2.9812494564151225e-25
43.24543994162555,-2.5777637370284867e-25
43.30038967471529,-1.5760469228034252e-27
43.35533940780503,-1.8354581721895037e-25
43.41028914089477,2.95996250091546e-25
43.46523887398451,-1.9943200544168244e-25
43.52018860707425,2.6469268140413107e-25
43.57513834016399,1.3667732030299718e-26
43.63008807325373,1.9176515786928807e-25
43.68503780634347,-2.88588671175136e-25
43.73998753943321,2.901923297209871e-25
43.79493727252295,-1.3336995109691981e-25
43.84988700561269,-4.935134790277766e-26
43.904836738702436,7.181024405640335e-26
43.95978647179217,1.7215737499596706e-26
44.01473620488191,2.881658037042538e-25
44.069685937971656,-1.6313927346895114e-25
44.12463567106139,5.24503309818932e-26
44.17958540415113,2.8808479029249246e-25
44.234535137240876,-2.70079825912383e-25
44.28948487033061,-2.690351702379949e-25
44.34443460342035,2.9453475904485775e-25
44.399384336510096,1.9163665636197053e-25
44.45433406959984,-2.801590830745126e-25
44.50928380268957,-1.6618431375055235e-25
44.564233535779316,2.843478011519484e-25
44.61918326886906,2.1874780505926643e-25
44.67413300195879,-2.9535856986714333e-25
44.729082735048536,-2.897668577535937e-25
44.78403246813828,2.188805958771709e-25
44.83898220122801,2.5471691250045335e-25
44.893931934317756,9.428914244637934e-26
44.9488816674075,-9.745409397354022e-26
45.00383140049723,-2.624770188715935e-25
45.058781133586976,2.2000597488613067e-29
45.11373086667672,-2.6823705984800195e-25
45.16868059976646,-1.3272377697358124e-25
45.223630332856196,-1.3083249743417211e-25
45.27858006594594,2.484729722675229e-25
45.33352979903568,1.8128331189233567e-25
45.388479532125416,2.724469747975354e-25
45.44342926521516,-9.577555629618887e-27
45.4983789983049,1.7404563644218246e-25
45.553328731394636,2.9333273034109036e-25
45.60827846448438,1.9852605218726257e-25
45.66322819757412,2.1414001255168257e-25
45.718177930663856,-5.576396318359058e-26
45.7731276637536,-1.710668916316774e-25
45.82807739684334,-1.1952291437633598e-26
45.88302712993308,6.892002615735574e-27
45.93797686302282,-2.3424651706220526e-25
45.99292659611256,-2.6421204883222595e-25
46.0478763292023,-6.37004091673884e-26
46.10282606229204,2.906828863348121e-25
46.15777579538178,2.906650067936878e-25
46.21272552847152,7.486203412897431e-26
46.26767526156126,-2.91793967315623e-25
46.322624994651,-2.6017772406266363e-25
46.37757472774074,-2.2185069994930152e-26
46.432524460830486,1.2126585055153166e-25
46.48747419392022,-3.000980075525053e-26
46.54242392700996,1.5939200237401494e-26
46.597373660099706,2.8129876469597304e-25
46.65232339318944,1.9026649501980828e-25
46.70727312627918,-2.4687312253154143e-25
46.762222859368926,-7.544532757928554e-26
46.81717259245866,1.4047376132841864e-25
46.8721223255484,-1.9001448476164602e-25
46.927072058638146,1.143302314656616e-25
46.98202179172788,1.6084785142324422e-25
47.03697152481762,-2.359276991047868e-25
47.091921257907366,1.800819169055729e-25
47.14687099099711,-1.5220555116194e-25
47.20182072408684,-8.284091843934494e-26
47.256770457176586,-5.1290931722694346e-26
47.31172019026633,-2.179627405572122e-25
47.36666992335606,2.863444743592472e-25
47.421619656445806,9.519233403654226e-27
47.47656938953555,2.248231159238721e-25
47.531519122625284,-1.7311013443740178e-25
47.586468855715026,2.7258662210382884e-25
47.64141858880477,-2.7890239993057042e-25
47.69636832189451,-4.135728069456904e-26
47.751318054984246,-1.0181061591710899e-25
47.80626778807399,-2.2213302309788503e-25
47.86121752116373,2.56057659576811e-25
47.916167254253466,-2.5953822078528886e-25
47.97111698734321,2.855602109717244e-25
48.02606672043295,7.471726516893988e-26
48.081016453522686,2.3362312895248326e-26
48.13596618661243,2.5385867759771926e-25
48.19091591970217,5.710526316004426e-26
48.245865652791906,-2.4441565446965233e-25
48.30081538588165,2.8214615257079806e-25
48.35576511897139,-9.106121187373793e-26
48.41071485206113,-2.724995403315372e-25
48.46566458515087,-8.503644479882474e-26
48.52061431824061,-4.0425292410167636e-30
48.57556405133035,-7.821594442628107e-26
48.63051378442009,-2.434574879272038e-25
48.68546351750983,-2.521810541773905e-25
48.74041325059957,5.0132405555483505e-26
48.79536298368931,2.8609732812325475e-25
48.85031271677905,1.0000295600003706e-25
48.90526244986879,-2.1443235429621873e-25
48.960212182958536,-2.7013360098269618e-25
49.01516191604827,-8.942136502030624e-26
49.07011164913801,1.2119960203089035e-25
49.125061382227756,2.4706661726078456e-25
49.18001111531749,2.8564953632499928e-25
49.23496084840723,2.7388136042993706e-25
49.289910581496976,2.4398214954376504e-25
49.34486031458671,2.140276394886887e-25
49.39981004767645,1.9179337950177943e-25
49.454759780766196,1.7984059400955876e-25
49.50970951385593,1.787379696004084e-25
49.56465924694567,1.8850026289230276e-25
49.619608980035416,2.087036870080173e-25
49.67455871312516,2.3732953261308304e-25
49.72950844621489,2.679350680718594e-25
49.784458179304636,2.8488080557449253e-25
49.83940791239438,2.58751832599624e-25
49.894357645484114,1.5179249600421496e-25
49.949307378573856,-4.609699491515641e-26
50.0042571116636,-2.4605536540408017e-25
50.059206844753334,-2.477339516663238e-25
50.114156577843076,3.4109232588872276e-26
50.16910631093282,2.799838101011978e-25
50.22405604402256,1.1646328752642044e-25
50.279005777112296,-2.126100620009523e-25
50.33395551020204,-2.635188046869927e-25
50.38890524329178,-1.0612280327596922e-25
50.443854976381516,-3.128150065083132e-27
50.49880470947126,-5.496581332059117e-26
50.553754442561,-2.4066219561407397e-25
50.608704175650736,-1.7470993442194102e-25
50.66365390874048,2.75972172829908e-25
50.71860364183022,-1.4906423687683412e-25
50.773553374919956,-6.12869016850687e-26
50.8285031080097,2.7732104427165183e-25
50.88345284109944,5.234205012913007e-26
50.93840257418918,3.6418990767427134e-26
50.99335230727892,2.755308095479577e-25
51.04830204036866,-1.5295398944790264e-25
51.1032517734584,1.3251360978431426e-25
51.15820150654814,-1.0363704598931292e-25
51.21315123963788,-1.6068001213534238e-25
51.26810097272762,-1.0308042941078557e-26
51.32305070581736,-2.767456088527697e-25
51.3780004389071,2.653658048929142e-25
51.43295017199684,-2.729971241614365e-25
51.487899905086586,2.7184943785891453e-25
51.54284963817632,3.5963262945113564e-28
51.59779937126606,2.642661635506237e-25
51.652749104355806,-2.8031146251037156e-25
51.70769883744554,1.4802081121185962e-25
51.76264857053528,-1.5834311787014008e-25
51.817598303625026,-6.960282615471257e-26
51.87254803671476,-3.4825176533051916e-26
51.9274977698045,-2.716435013221277e-25
51.982447502894246,2.419858608501206e-25
52.03739723598398,3.8076705666084064e-26
52.09234696907372,4.314762022400012e-26
52.147296702163466,2.7751304237173633e-25
52.20224643525321,-1.6482314153388036e-25
52.257196168342944,-1.3935166747359239e-25
52.312145901432686,2.754234689730786e-25
52.36709563452243,1.2947533181850687e-25
52.422045367612164,1.6019634510925337e-27
52.476995100701906,2.0478174451398366e-25
52.53194483379165,2.7845462682156355e-25
52.586894566881384,-9.839360709955938e-26
52.641844299971126,-2.649971040478566e-25
52.69679403306087,-1.2076962079520282e-25
52.75174376615061,1.8321393670944753e-25
52.806693499240346,2.239349103779109e-25
52.86164323233009,5.698613153924657e-26
52.91659296541983,-1.7485020153312504e-25
52.971542698509566,-2.5506365313983757e-25
53.02649243159931,-2.241886941797939e-25
53.08144216468905,7.726525614977084e-26
53.136391897778786,2.430831852212872e-25
53.19134163086853,1.4964964649651973e-25
53.24629136395827,-4.861288684489048e-28
53.301241097048006,2.247925954347082e-25
53.35619083013775,2.775930852158412e-25
53.41114056322749,1.9483702445890324e-25
53.46609029631723,2.454913226136406e-25
53.52104002940697,-1.6592831081904933e-26
53.57598976249671,1.3429738251602347e-25
53.63093949558645,2.766809979492715e-25
53.68588922867619,2.46610333941201e-25
53.74083896176593,2.2414749302353486e-25
53.79578869485567,-1.5053592287421555e-26
53.85073842794541,1.2802473153248645e-25
53.90568816103515,6.139666981186896e-26
53.96063789412489,-1.2172986662419919e-25
54.01558762721463,-2.4508838260346944e-25
54.07053736030437,-2.440256785189031e-25
54.12548709339411,2.2610680440528888e-25
54.180436826483856,2.4841895863022183e-25
54.23538655957359,7.030425295442574e-27
54.29033629266333,-1.6062252280055543e-25
54.345286025753076,-1.8168858962394883e-25
54.40023575884281,1.079682498260238e-25
54.45518549193255,2.37110171283489e-25
54.510135225022296,-9.706996587902326e-26
54.56508495811203,-2.2371153324461544e-25
54.620034691201774,1.2487275004416465e-25
54.674984424291516,1.2285042842904865e-25
54.72993415738126,-1.9604669223345435e-25
54.784883890470994,9.982471677065978e-26
54.839833623560736,2.7295180011710182e-25
54.89478335665048,-2.719034397109854e-25
54.949733089740214,-1.3172926493995775e-25
55.004682822829956,1.6919047674897436e-25
55.0596325559197,-2.6619336611584646e-25
55.114582289009434,-9.287412529303247e-27
55.169532022099176,-1.6368908544002331e-25
55.22448175518892,8.865379769595368e-26
55.279431488278654,-6.171422582909044e-26
55.334381221368396,-2.4721107652333476e-25
55.38933095445814,1.7346377400956964e-25
55.44428068754788,-2.4641366401410542e-25
55.499230420637616,-1.4475914457054592e-26
55.55418015372736,-9.878088805762196e-26
55.6091298868171,2.5751249242721814e-25
55.664079619906836,-1.3486213250954157e-25
55.71902935299658,5.0654017224766316e-26
55.77397908608632,1.103847706791982e-25
55.828928819176056,-2.607803010285465e-25
55.8838785522658,2.173165896432042e-25
55.93882828535554,6.4511545256657576e-27
55.99377801844528,-4.136855079437629e-26
56.04872775153502,-1.9259636817949372e-26
56.10367748462476,1.1777730631466949e-27
56.1586272177145,6.515328848621486e-26
56.21357695080424,-4.8715631513968887e-26
56.26852668389398,2.76892183137571e-29
56.32347641698372,-5.701318789943781e-26
56.37842615007346,1.4608946236043048e-25
56.4333758831632,2.785223851984231e-26
56.48832561625294,-2.6601723156315653e-25
56.54327534934268,1.9912379099033163e-25
56.59822508243242,2.0207181898005199e-25
56.65317481552216,-1.14745369149481e-25
56.708124548611906,-2.5245053696322567e-25
56.76307428170164,3.8221847419635055e-26
56.81802401479138,-2.56954319392948e-26
56.872973747881126,2.6083916889602204e-25
56.92792348097086,1.6308625558625439e-25
56.982873214060604,-2.060555942199511e-25
57.037822947150346,8.698218204961098e-27
57.09277268024008,-2.6145366292712104e-25
57.147722413329824,-2.3466407280324686e-25
57.202672146419566,4.904400784347377e-26
57.25762187950931,-7.696940447148164e-26
57.312571612599044,1.2073690217493108e-25
57.367521345688786,2.0161034260080869e-26
57.42247107877853,2.144281832743076e-25
57.477420811868264,2.6003433160041437e-25
57.532370544958006,-2.2103966576275578e-26
57.58732027804775,1.535240065083152e-25
57.642270011137484,-2.3649171779079318e-26
57.697219744227226,5.1518328900462124e-26
57.75216947731697,8.519377261079158e-26
57.807119210406704,-1.5786494014154424e-25
57.862068943496446,3.886079833403852e-27
57.91701867658619,-2.2466305449697458e-25
57.97196840967593,-9.266226051142065e-27
58.026918142765666,8.341679150873528e-26
58.08186787585541,1.7251594311422785e-25
58.13681760894515,2.6747338370433376e-25
58.191767342034886,-8.602863821599631e-26
58.24671707512463,4.5970634346850875e-27
58.30166680821437,-1.5947300823707757e-25
58.356616541304106,2.4484146934804243e-25
58.41156627439385,1.6300718764266386e-25
58.46651600748359,-1.258890380503103e-25
58.52146574057333,-2.6551754842300715e-25
58.57641547366307,-5.989610230830359e-27
58.63136520675281,2.626056713944915e-25
58.68631493984255,-1.8938256824566215e-25
58.74126467293229,5.759446425300779e-26
58.79621440602203,-1.2535126656636042e-27
58.85116413911177,2.391575746274125e-26
58.90611387220151,-1.044623420065826e-25
58.96106360529125,2.0414098905534449e-25
59.01601333838099,-2.639450847598315e-25
59.07096307147073,2.380955062361212e-25
59.12591280456047,-1.3076945158294968e-25
59.18086253765021,-1.0257998150596357e-26
59.235812270739956,1.334014396391057e-25
59.29076200382969,-2.1315315241557043e-25
59.345711736919434,2.5152598313106033e-25
59.400661470009176,-2.6385164700868173e-25
59.45561120309891,2.6553375551783658e-25
59.510560936188654,-2.654333053456975e-25
59.565510669278396,2.6392370358456373e-25
59.62046040236813,-2.528525280139106e-25
59.675410135457874,2.1727018194786416e-25
59.730359868547616,-1.4152411807637103e-25
59.78530960163735,2.1949839474720792e-26
59.840259334727094,1.1860755241294354e-25
59.895209067816836,-2.302641820217135e-25
59.95015880090658,2.6362670593405235e-25
60.005108533996314,-2.100795150736041e-25
60.060058267086056,1.120248043129206e-25
60.1150080001758,-2.8648166408437626e-26
60.169957733265534,3.402633912065241e-28
60.224907466355276,-4.8851306426706924e-26
60.27985719944502,1.749400995591194e-25
60.334806932534754,-2.628674659459751e-25
60.389756665624496,4.032100551097211e-26
60.44470639871424,2.6342479738416576e-25
60.49965613180398,8.26722232605901e-26
60.554605864893716,-1.9294758201289932e-25
60.60955559798346,-2.2358662148618917e-25
60.6645053310732,1.7516954451262625e-25
60.719455064162936,-9.468251432293863e-27
60.77440479725268,6.789433045243241e-26
60.82935453034242,-2.620302009373225e-25
60.884304263432156,-1.220250558684552e-25
60.9392539965219,-1.8594408128831774e-26
60.99420372961164,6.709303643641212e-26
61.049153462701376,2.382780499421948e-25
61.10410319579112,-1.02072400692019e-26
61.15905292888086,1.2815503025774656e-25
61.2140026619706,-1.397001585144505e-25
61.26895239506034,-1.240795831200031e-25
61.32390212815008,-4.7398155550131895e-26
61.37885186123982,-1.7871635003113413e-25
61.43380159432956,9.862627832695813e-27
61.4887513274193,-2.6150327846868047e-25
61.54370106050904,-2.4916685211735103e-25
61.59865079359878,-9.958841816892126e-26
61.65360052668852,-1.5010979513953262e-25
61.708550259778264,4.869815136849059e-26
61.763499992868006,-1.257389937858407e-25
61.81844972595774,1.6071768467562655e-25
61.873399459047484,2.6090613848516893e-25
61.928349192137226,-1.0428877222024858e-27
61.98329892522696,2.412272650400221e-25
62.038248658316704,-5.628105124383925e-26
62.093198391406446,-2.604741382342172e-25
62.14814812449618,8.617571629638189e-27
62.203097857585924,-1.300939070423605e-25
62.258047590675666,2.5937601467829485e-25
62.3129973237654,1.529368038424896e-25
62.367947056855144,-1.498935785505175e-25
62.422896789944886,-2.512457498875196e-25
62.47784652303463,2.1957766600263506e-25
62.532796256124364,-8.039871357367775e-27
62.587745989214106,-2.5953029330540595e-26
62.64269572230385,-6.428967241888519e-26
62.697645455393584,-6.878422099903514e-27
62.752595188483326,1.5367495116752093e-25
62.80754492157307,-1.7660279407482388e-25
62.862494654662804,-1.3260718293854987e-26
62.917444387752546,1.362063261318493e-25
62.97239412084229,-9.165209912843062e-26
63.02734385393203,-5.488414879264173e-29
63.082293587021766,-9.271156612498154e-26
63.13724332011151,1.8833019061903128e-25
63.19219305320125,-5.6944930752048e-26
63.247142786290986,-1.886491505090897e-25
63.30209251938073,1.8561040803680372e-25
63.35704225247047,-2.5668027937898256e-25
63.411991985560206,2.140521443598315e-25
63.46694171864995,4.326048455053318e-28
63.52189145173969,2.519294947264667e-25
63.576841184829426,-2.2141079400468166e-25
63.63179091791917,2.5735537905959125e-25
63.68674065100891,-9.806762511887518e-26
63.74169038409865,-3.579868256776191e-26
63.79664011718839,-2.1968603256176136e-26
63.85158985027813,3.9180135956089234e-26
63.90653958336787,1.5134833087532088e-25
63.96148931645761,-2.2190721639402403e-25
64.01643904954736,2.2832066796429273e-25
64.07138878263709,1.9618987393872445e-25
64.12633851572683,-2.1565055896787194e-25
64.18128824881657,7.843656069691623e-26
64.23623798190631,1.1154718349006534e-25
64.29118771499606,-2.4042689461071785e-25
64.3461374480858,-5.343770527330138e-26
64.40108718117553,2.5236673891720706e-25
64.45603691426527,3.422231618737197e-26
64.51098664735501,-2.4586412000727134e-25
64.56593638044475,-3.986529520894631e-26
64.6208861135345,2.5561211355200982e-25
64.67583584662424,7.513470203528056e-26
64.73078557971398,-1.8714160475819026e-25
64.78573531280371,-1.5759619868837785e-25
64.84068504589345,-5.96626109653958e-26
64.8956347789832,2.5269100863891277e-25
64.95058451207294,2.540210252671395e-25
65.00553424516268,-8.813070100571963e-26
65.06048397825242,-1.3093093859728674e-25
65.11543371134215,-2.5187443584255123e-25
65.17038344443189,3.472385155717419e-28
65.22533317752163,-2.4309804434073442e-25
65.28028291061138,-1.4608081494346615e-25
65.33523264370112,-2.0285749000157017e-25
65.39018237679086,8.984267827620437e-26
65.4451321098806,6.954226196307113e-26
65.50008184297033,-1.9802320646671415e-26
65.55503157606007,-8.949846407907979e-26
65.60998130914982,-1.8817062410073007e-25
65.66493104223956,-4.647057603325094e-28
65.7198807753293,1.6416293137571152e-26
65.77483050841904,-2.53598881025932e-25
65.82978024150877,-2.4720998168511473e-25
65.88472997459851,-1.6080510028039476e-25
65.93967970768826,-3.7313103125588077e-26
65.994629440778,1.439710088641621e-25
66.04957917386774,2.412180521058056e-25
66.10452890695748,1.9922987179216504e-25
66.15947864004723,-1.0583249556008276e-25
66.21442837313695,-2.4554806757311766e-25
66.2693781062267,-1.616524464251543e-25
66.32432783931644,1.5281779117440172e-25
66.37927757240618,1.8917215241768895e-25
66.43422730549592,-1.1981493027637164e-25
66.48917703858567,-2.511986459355471e-25
66.54412677167541,-4.2293306047754714e-26
66.59907650476514,1.3352754689150797e-25
66.65402623785488,-6.812651626192193e-26
66.70897597094462,3.677678822254984e-26
66.76392570403436,2.404000390171007e-25
66.8188754371241,-1.1853685885468566e-25
66.87382517021385,-2.2896600057690236e-25
66.92877490330358,-6.306124489834838e-29
66.98372463639332,-2.423735372210611e-25
67.03867436948306,1.3893108853378783e-26
67.0936241025728,2.2872400195119106e-25
67.14857383566255,4.764304406496441e-27
67.20352356875229,2.397782562694403e-25
67.25847330184203,-2.445099777516e-25
67.31342303493176,6.67473220639511e-26
67.3683727680215,-1.3172814449760873e-25
67.42332250111124,-4.239541599718028e-26
67.47827223420099,-1.9636744434185453e-25
67.53322196729073,1.1706223969297286e-25
67.58817170038047,4.160358832054619e-27
67.6431214334702,1.5049300602383592e-25
67.69807116655994,9.911075298188581e-27
67.75302089964968,2.432251219734542e-25
67.80797063273943,-1.900162965621567e-25
67.86292036582917,1.986688539218971e-25
67.91787009891891,-1.507422094280257e-25
67.97281983200865,-1.4062093442161017e-25
68.02776956509838,-5.298719206275336e-28
68.08271929818812,-1.5968295243482286e-25
68.13766903127787,-1.6681851246875521e-25
68.19261876436761,2.491483533862513e-25
68.24756849745735,-1.9790933154582294e-25
68.3025182305471,3.7665641579381944e-27
68.35746796363682,2.4547867924827986e-25
68.41241769672656,8.601218889299022e-26
68.4673674298163,6.197593523220665e-29
68.52231716290605,6.96149773699675e-26
68.57726689599579,2.1916184524904864e-25
68.63221662908553,1.9520654252924772e-25
68.68716636217528,-1.104549697160554e-25
68.742116095265,-2.3498555128417606e-25
68.79706582835475,3.898896146642214e-26
68.85201556144449,2.4604114024281437e-25
68.90696529453423,1.3345038363404236e-25
68.96191502762397,-9.127377089857562e-26
69.01686476071372,-2.2502996105949924e-25
69.07181449380346,-2.4439185989053673e-25
69.12676422689319,-2.0385304112915792e-25
69.18171395998293,-1.4978374120407318e-25
69.23666369307267,-1.0345949887419337e-25
69.29161342616241,-7.020172052282376e-26
69.34656315925216,-4.882202129059949e-26
69.4015128923419,-3.6565499527254424e-26
69.45646262543163,-3.108757596070077e-26
69.51141235852137,-3.112394949340812e-26
69.56636209161111,-3.66798987235117e-26
69.62131182470085,-4.902632332790278e-26
69.6762615577906,-7.050080010489328e-26
69.73121129088034,-1.0382145481579834e-25
69.78616102397008,-1.5008042809224418e-25
69.84111075705981,-2.0375917618132946e-25
69.89606049014955,-2.4329194965762545e-25
69.9510102232393,-2.2220801429153752e-25
70.00595995632904,-8.697240028565805e-26
70.06090968941878,1.3627740342078407e-25
70.11585942250852,2.4304022909432726e-25
70.17080915559825,3.2532487795664167e-26
70.22575888868799,-2.3446712946870533e-25
70.28070862177773,-1.033906469613447e-25
70.33565835486748,1.9633329019707679e-25
70.39060808795722,2.141233286335784e-25
70.44555782104696,6.62199011741804e-26
70.5005075541367,1.6838562352856885e-28
70.55545728722643,8.765897806434134e-26
70.61040702031617,2.4244871771684936e-25
70.66535675340592,-5.4059171349206416e-27
70.72030648649566,-1.875781196179165e-25
70.7752562195854,2.4441632206050524e-25
70.83020595267514,-1.7043618891381686e-25
70.88515568576487,-1.5207934834418097e-25
70.94010541885461,-2.369821212579728e-28
70.99505515194436,-1.4228672786268473e-25
71.0500048850341,-1.383263344090118e-25
71.10495461812384,1.8508116341528366e-25
71.15990435121358,-1.7616430502119654e-25
71.21485408430333,2.3482496204189096e-25
71.26980381739305,7.964344909548787e-27
71.3247535504828,1.5225830965078955e-25
71.37970328357254,-1.0505076514591839e-26
71.43465301666228,1.2869453169557974e-25
71.48960274975202,-1.9880715047240187e-25
71.54455248284177,-3.709142664619317e-26
71.5995022159315,-1.3428232892775319e-25
71.65445194902124,8.099110680400354e-26
71.70940168211098,-2.4026307243635577e-25
71.76435141520072,2.2810879796115446e-25
71.81930114829046,6.343971543415279e-27
71.8742508813802,2.140398733467691e-25
71.92920061446995,3.485238342995218e-26
71.98415034755968,-2.37332055696989e-25
72.03910008064942,-4.283493191710069e-28
72.09404981373916,-2.128790840445019e-25
72.1489995468289,-1.3408300955579498e-25
72.20394927991865,2.2642218561203863e-25
72.25889901300839,4.068519916820709e-26
72.31384874609813,-8.647516867946737e-26
72.36879847918786,1.0795224676883953e-25
72.4237482122776,-3.486346510740496e-26
72.47869794536734,-2.414609621412577e-25
72.53364767845709,-1.3733834381816435e-25
72.58859741154683,1.7162702114605062e-25
72.64354714463657,1.5569969856249392e-25
72.6984968777263,-1.3171299932545369e-25
72.75344661081604,-2.293835530941205e-25
72.80839634390578,-1.1059927777001064e-25
72.86334607699553,1.7022791997328401e-25
72.91829581008527,2.2342527126878963e-25
72.97324554317501,1.4760389176018436e-25
73.02819527626475,-4.56428749485774e-27
73.08314500935448,-1.4150474999370781e-25
73.13809474244422,-2.380147608221719e-25
73.19304447553397,-2.3814229375418948e-25
73.24799420862371,1.1194784332481356e-26
73.30294394171345,-2.942693726036648e-26
73.3578936748032,-1.9418988859479553e-25
73.41284340789292,-9.546029426680716e-26
73.46779314098266,-5.299186170644144e-26
73.5227428740724,5.595105815171277e-26
73.57769260716215,5.613972173426167e-26
73.63264234025189,-2.061514019892623e-25
73.68759207334163,-1.5030668593530604e-25
73.74254180643138,-2.3659569380783923e-25
73.7974915395211,1.2843844330954452e-29
73.85244127261085,-2.27906440243171e-25
73.90739100570059,-1.0954038473346348e-25
73.96234073879033,-5.1288666235482443e-26
74.01729047188007,2.3879391385969807e-25
74.07224020496982,2.385993266597109e-25
74.12718993805954,-8.784910204621484e-26
74.18213967114929,-1.6145363859869783e-25
74.23708940423903,-1.4657812214489969e-25
74.29203913732877,8.259432547637172e-26
74.34698887041851,2.334157865464356e-25
74.40193860350826,-4.698745284073239e-26
74.456888336598,-2.3675045365258688e-25
74.51183806968773,4.125051154100331e-26
74.56678780277747,2.378682393966732e-25
74.62173753586721,-6.12812140073248e-26
74.67668726895695,-2.0468899359795945e-25
74.7316370020467,1.1879223722297735e-25
74.78658673513644,3.311949748519953e-26
74.84153646822618,-2.1216580505155167e-25
74.89648620131591,2.0210052136736055e-25
74.95143593440565,1.9238738460859961e-25
75.0063856674954,-1.9066901684862464e-25
75.06133540058514,1.7275792469675458e-25
75.11628513367488,2.631338241452413e-26
75.17123486676462,2.8660901562134374e-26
75.22618459985435,-4.393956594220532e-26
75.28113433294409,-4.76582020399895e-26
75.33608406603383,2.353805019857766e-25
75.39103379912358,-1.8794513944019084e-25
75.44598353221332,2.3635436704896955e-25
75.50093326530306,2.4903133909822788e-27
75.5558829983928,1.6483913531866132e-25
75.61083273148253,-2.358755439432539e-25
75.66578246457227,1.5125546602269298e-25
75.72073219766202,-1.3191028327959938e-25
75.77568193075176,-6.663323480752437e-26
75.8306316638415,1.9739382712156958e-25
75.88558139693124,-1.2859530596195855e-25
75.94053113002097,-6.286937953113887e-28
75.99548086311071,-3.555685218987572e-26
76.05043059620046,8.249744424467877e-26
76.1053803292902,-5.907544035701934e-27
76.16033006237994,-1.1828648255864325e-25
76.21527979546968,9.927083920257886e-26
76.27022952855943,-2.0449579383379916e-27
76.32517926164915,-7.477676817900508e-27
76.3801289947389,-7.428354507318236e-26
76.43507872782864,-1.4325774683469196e-26
76.49002846091838,2.181993678008294e-25
76.54497819400812,-2.0458803499386917e-25
76.59992792709787,-1.564633603717685e-25
76.6548776601876,1.163826260263345e-25
76.70982739327734,2.3060001346982477e-25
76.76477712636708,-7.032991503715741e-26
76.81972685945682,1.545002602219931e-26
76.87467659254656,-2.308098885438322e-25
76.9296263256363,-1.0962814849540904e-25
76.98457605872605,1.9409785860481707e-25
77.03952579181578,-4.625444004717923e-27
77.09447552490552,2.299225796357049e-25
77.14942525799526,1.8849070474893687e-25
77.204374991085,-6.227370683281876e-26
77.25932472417475,6.046935886089223e-26
77.31427445726449,-1.1079867884615597e-25
77.36922419035423,-3.15899986605541e-26
77.42417392344396,-1.9322038445265568e-25
77.4791236565337,-2.266935600826393e-25
77.53407338962344,1.7784552454871007e-26
77.58902312271319,-1.3474845022702987e-25
77.64397285580293,1.7757453303118707e-26
77.69892258889267,-4.5048097610678155e-26
77.7538723219824,-7.198719659445636e-26
77.80882205507214,1.3813201986218604e-25
77.86377178816188,-2.8811524370157486e-27
77.91872152125163,1.912477346612018e-25
77.97367125434137,-2.8629097170416847e-27
78.02862098743111,-8.632492528452385e-26
78.08357072052085,-1.6130923114793865e-25
78.13852045361058,-2.298688354314944e-25
78.19347018670032,8.141258740935447e-26
78.24841991979007,-2.3106442808730065e-27
78.30336965287981,1.2794531925079759e-25
78.35831938596955,-2.1964796180024694e-25
78.4132691190593,-1.1560961472333238e-25
78.46821885214902,1.3897029993622914e-25
78.52316858523876,2.221293032918371e-25
78.5781183183285,-3.0529655309229764e-26
78.63306805141825,-2.1938128697885147e-25
78.68801778450799,1.7914344714848774e-25
78.74296751759773,-6.290913567517918e-26
78.79791725068748,3.982750796889622e-27
78.8528669837772,-1.2593892465855851e-26
78.90781671686695,7.26460350238848e-26
78.96276644995669,-1.5647170859648524e-25
79.01771618304643,2.198923042424398e-25
79.07266591613617,-2.2229333642850344e-25
79.12761564922592,1.5615001858117068e-25
79.18256538231564,-5.0228690366467044e-26
79.23751511540539,-5.558827953508058e-26
79.29246484849513,1.3536079248048578e-25
79.34741458158487,-1.8349138388688444e-25
79.40236431467461,2.070195174451846e-25
79.45731404776436,-2.155646825182142e-25
79.5122637808541,2.149764431398385e-25
79.56721351394383,-2.048660382629591e-25
79.62216324703357,1.787631037005837e-25
79.67711298012331,-1.2699790618924318e-25
79.73206271321305,4.35781539069878e-26
79.7870124463028,6.362097187361527e-26
79.84196217939254,-1.663004756512998e-25
79.89691191248227,2.245643758483897e-25
79.95186164557201,-2.1335402907638574e-25
80.00681137866175,1.4522179096578746e-25
80.0617611117515,-6.277200882091258e-26
80.11671084484124,8.31843126048037e-27
80.17166057793098,-7.243190991383709e-27
80.22661031102072,7.41916830612122e-26
80.28156004411045,-1.9069138066185487e-25
80.33650977720019,2.036812884125837e-25
80.39145951028993,7.30935325939419e-26
80.44640924337968,-1.9915609138704821e-25
80.50135897646942,-1.7677464324016564e-25
80.55630870955916,6.526212595462489e-26
80.6112584426489,2.2571620248753314e-25
80.66620817573863,-1.033235257271154e-25
80.72115790882837,5.645814875846062e-29
80.77610764191812,-1.0299367204376264e-25
80.83105737500786,2.1299715135103484e-25
80.8860071080976,2.0097320693977157e-25
80.94095684118734,1.5164676828244992e-25
80.99590657427707,7.187394769766377e-26
81.05085630736681,-1.589939356688175e-25
81.10580604045656,2.6332389048905213e-31
81.1607557735463,-1.666402338031963e-25
81.21570550663604,-9.335962070440203e-27
81.27065523972578,-5.292571783319813e-26
81.32560497281553,-9.840049691083093e-26
81.38055470590525,9.539534481203016e-26
81.435504438995,-3.7614533396520205e-26
81.49045417208474,1.8879204096358356e-25
81.54540390517448,1.0526620924050821e-25
81.60035363826422,-6.718983539146532e-26
81.65530337135397,6.929116061460382e-26
81.7102531044437,-9.56777696039918e-26
81.76520283753344,-4.580731038809845e-26
81.82015257062318,-2.249450673781427e-25
81.87510230371292,-1.9602854259420343e-25
81.93005203680266,2.1188395262534178e-26
81.9850017698924,-1.0929964378543455e-25
82.03995150298215,2.0069546748927327e-25
82.09490123607188,1.9370763283735613e-25
82.14985096916162,-4.2829464080169266e-26
82.20480070225136,-5.813521167150836e-26
82.2597504353411,-1.555064174700594e-25
82.31470016843085,-6.26619621148765e-26
82.36964990152059,1.9927005163376086e-25
82.42459963461032,7.829957410848464e-26
82.47954936770006,-2.230156295832999e-25
82.5344991007898,4.5874290196183897e-26
82.58944883387954,1.8998443718971289e-25
82.64439856696929,-1.2776260694427949e-25
82.69934830005903,3.52815898398676e-27
82.75429803314877,5.302361075314418e-26
82.8092477662385,-3.987398021504351e-26
82.86419749932824,1.143504111477886e-27
82.91914723241798,7.850946808351481e-26
82.97409696550773,-1.1881323415712736e-25
83.02904669859747,1.9119748827880354e-26
83.08399643168721,2.2000970868097265e-25
83.13894616477695,-2.2327619136598826e-25
83.19389589786668,1.2860665168192147e-25
83.24884563095642,-6.890312419949508e-26
83.30379536404617,-7.355532751829778e-26
83.35874509713591,1.684355678049282e-25
83.41369483022565,1.6745303598602293e-26
83.4686445633154,-3.093969157671576e-26
83.52359429640512,-1.2897625415409048e-25
83.57854402949486,1.0144355338622414e-25
83.6334937625846,-1.4954945036981105e-25
83.68844349567435,-1.3498298580243188e-25
83.74339322876409,1.0968794638429025e-25
83.79834296185383,-2.0349923671570878e-25
83.85329269494358,-3.0073044148442893e-28
83.9082424280333,-2.144149798357807e-25
83.96319216112305,9.642637654209313e-26
84.01814189421279,-1.2803967788188805e-26
84.07309162730253,-2.1713083025451177e-25
84.12804136039227,2.150842005197512e-25
84.18299109348202,1.5937741118712267e-25
84.23794082657174,-1.9500786254959323e-25
84.29289055966149,-2.995135676208691e-27
84.34784029275123,1.4234689126714246e-25
84.40279002584097,-9.625019936061337e-26
84.45773975893071,-1.1835166402403694e-25
84.51268949202046,1.12024874137561e-25
84.5676392251102,1.2815828481254302e-25
84.62258895819993,-4.862525869020431e-26
84.67753869128967,-1.707645170061698e-25
84.73248842437941,-9.474524817404987e-26
84.78743815746915,2.193978554222934e-25
84.8423878905589,2.1612283486628154e-25
84.89733762364864,-1.3396427655316718e-25
84.95228735673837,-1.5752630520467428e-25
85.00723708982811,-1.8267334561403295e-25
85.06218682291785,2.1748233917618872e-26
85.1171365560076,-1.9101068881596409e-26
85.17208628909734,-3.3975362913452235e-26
85.22703602218708,8.918929703571635e-26
85.28198575527682,2.1826111044396787e-25
85.33693548836655,2.0200848150236352e-25
85.39188522145629,1.8975340939985544e-25
85.44683495454603,-1.4467702208405401e-27
85.50178468763578,2.18895603523366e-25
85.55673442072552,1.940328045595023e-25
85.61168415381526,2.044482044797633e-25
85.66663388690499,2.1890803582035515e-25
85.72158361999473,-9.51152307840939e-27
85.77653335308447,8.830931273715375e-27
85.83148308617422,1.2447654291996324e-25
85.88643281926396,2.888306881213604e-26
85.9413825523537,-2.1872315736892514e-25
85.99633228544344,-2.1868918528273525e-25
86.05128201853317,-9.172076663462563e-26
86.10623175162291,1.5814321674516382e-25
86.16118148471266,2.091566335186731e-25
86.2161312178024,9.725538226267466e-26
86.27108095089214,-1.8987589372855457e-25
86.32603068398188,-2.1779796457759204e-25
86.38098041707163,-3.9886525012611604e-26
86.43593015016135,1.7203597721884257e-25
86.4908798832511,6.952825270090976e-26
86.54582961634084,2.1496465917850333e-27
86.60077934943058,1.79931978092553e-25
86.65572908252032,1.9781592369789848e-25
86.71067881561007,-1.5609654945896725e-25
86.7656285486998,-8.155649055932504e-26
86.82057828178954,1.6184481377305105e-25
86.87552801487928,-8.460828729621345e-26
86.93047774796902,6.399219402174182e-26
86.98542748105876,1.4293496955516088e-25
87.0403772141485,-2.0296272711339538e-25
87.09532694723825,9.223114453982683e-26
87.15027668032798,-9.662247543484667e-26
87.20522641341772,-7.53637234868901e-26
87.26017614650746,-4.22791934647148e-27
87.3151258795972,-1.8363676965527182e-25
87.37007561268695,2.1626872534238425e-25
87.42502534577669,4.7601736141044424e-27
87.47997507886642,1.7451399545920949e-25
87.53492481195616,-1.4057335098207367e-25
87.5898745450459,2.0700611399758925e-25
87.64482427813564,-2.094917900008737e-25
87.69977401122539,-3.07035738820312e-26
87.75472374431513,-7.487252435482132e-26
87.80967347740487,-1.7022122617948116e-25
87.8646232104946,1.9719277251471422e-25
87.91957294358434,-2.0100036300929181e-25
87.97452267667408,2.1043045879793873e-25
88.02947240976383,6.383882642093488e-26
88.08442214285357,1.258233633562677e-26
88.13937187594331,1.7901047908862475e-25
88.19432160903304,7.700736694386647e-26
88.24927134212278,-2.0293096896716653e-25
88.30422107521252,1.94694815339866e-25
88.35917080830227,-2.0854229614783433e-26
88.41412054139201,-2.1264966960534436e-25
88.46907027448175,-8.41650635371171e-26
88.5240200075715,-1.7506575959570187e-27
88.57896974066122,-3.8680063114021867e-26
88.63391947375096,-1.5623402137769601e-25
88.6888692068407,-2.09898431861315e-25
88.74381893993045,-4.066304741119495e-26
88.79876867302019,1.8781314100180055e-25
88.85371840610993,1.5707783723084373e-25
88.90866813919968,-7.473263107825373e-26
88.9636178722894,-2.1166677665367184e-25
89.01856760537915,-1.5446935551632585e-25
89.07351733846889,-7.619431111697802e-27
89.12846707155863,1.191047439543053e-25
89.18341680464837,1.8902452329756897e-25
89.23836653773812,2.1248622426780355e-25
89.29331627082784,2.107295533680752e-25
89.34826600391759,2.0007334634517383e-25
89.40321573700733,1.8977906989131817e-25
89.45816547009707,1.8418376156588328e-25
89.51311520318681,1.8483545687438973e-25
89.56806493627656,1.9154591149233588e-25
89.6230146693663,2.0226121491111203e-25
89.67796440245603,2.117539982832517e-25
89.73291413554577,2.093456837709053e-25
89.78786386863551,1.7722249207297073e-25
89.84281360172525,9.468362805952563e-26
89.897763334815,-4.158959930353774e-26
89.95271306790474,-1.7901688933021196e-25
90.00766280099447,-1.9726869097628974e-25
90.06261253408421,-2.100193373684962e-26
90.11756226717395,1.8939020355708187e-25
90.1725120002637,1.4936878571143335e-25
90.22746173335344,-9.546312347550738e-26
90.28241146644318,-2.120590782319951e-25
90.33736119953292,-1.2627530631319e-25
90.39231093262265,-2.0605710581197942e-26
90.44726066571239,-9.446604587275066e-27
90.50221039880213,-1.1557165213799398e-25
90.55716013189188,-2.087984488620033e-25
90.61210986498162,7.127857630686476e-26
90.66705959807136,1.209375855502136e-25
90.72200933116109,-2.074845808376523e-25
90.77695906425083,1.5573954905606872e-25
90.83190879734057,1.3334337697881028e-25
90.88685853043032,9.057383266246808e-28
90.94180826352006,1.0685390120185137e-25
90.9967579966098,1.5879673255685052e-25
91.05170772969954,-2.014143562153022e-25
91.10665746278927,2.025444511964291e-25
91.16160719587901,-2.0925030713146003e-25
91.21655692896876,-3.017450134521604e-26
91.2715066620585,-7.422123856664474e-26
91.32645639514824,-1.364492035824218e-25
91.38140612823798,8.935655343956267e-26
91.43635586132771,1.4624595240914347e-26
91.49130559441745,1.05004044373411e-25
91.5462553275072,3.4619093804104755e-26
91.60120506059694,1.5400365382858704e-25
91.65615479368668,-9.753891540529348e-27
91.71110452677642,-1.5559406374471652e-25
91.76605425986617,-2.0272177158554855e-26
91.8210039929559,-1.6834033759306026e-25
91.87595372604564,2.077973575222507e-25
91.93090345913538,-4.221665829790196e-26
91.98585319222512,5.996909750483724e-26
92.04080292531486,1.4161814497243988e-25
92.0957526584046,-2.0866227808018633e-25
92.15070239149435,-4.5628056066980486e-26
92.20565212458408,-1.6420082363990972e-26
92.26060185767382,-2.086813596097904e-25
92.31555159076356,-2.4511312014571012e-26
92.3705013238533,2.0076820888642565e-25
92.42545105694305,4.5373662130567105e-26
92.48040079003279,-1.5818765282212636e-25
92.53535052312252,-6.19521719004023e-26
92.59030025621226,-3.1703476840445415e-28
92.645249989302,-8.893478948309294e-26
92.70019972239174,-1.364499134268162e-25
92.75514945548149,1.5355349338029615e-26
92.81009918857123,1.550474317963353e-25
92.86504892166097,1.5987966145366026e-25
92.9199986547507,-1.0921166793804775e-26
92.97494838784044,-9.23603853736525e-26
93.02989812093018,-3.0695856375650384e-26
93.08484785401993,1.635639767474718e-27
93.13979758710967,-1.513040887646359e-25
93.19474732019941,-1.9870948024501745e-25
93.24969705328914,-9.210164953159811e-26
93.30464678637888,-9.646556258619783e-27
93.35959651946862,7.829211016719174e-26
93.41454625255837,1.6056303304884732e-25
93.46949598564811,-2.879821877012189e-26
93.52444571873785,-3.7422883306424806e-26
93.5793954518276,6.412547272527798e-26
93.63434518491732,6.647905296452302e-26
93.68929491800706,6.210647575468743e-26
93.7442446510968,-1.884327008448707e-25
93.79919438418655,-1.5648247990248824e-25
93.85414411727629,-1.8792137261825034e-25
93.90909385036603,1.2067785902342235e-26
93.96404358345576,-4.349375167214608e-26
94.0189933165455,-2.251586626443507e-26
94.07394304963525,1.883908372408076e-25
94.12889278272499,1.1666511604407292e-25
94.18384251581473,2.0691409447513e-26
94.23879224890447,-1.9150515148768986e-25
94.29374198199422,-1.5766187674237824e-25
94.34869171508394,2.0528068960014326e-25
94.40364144817369,1.954934151798908e-25
94.45859118126343,-1.9742496347450212e-25
94.51354091435317,-1.9862467540227227e-25
94.56849064744291,2.0197618973317033e-25
94.62344038053266,1.782315193313934e-25
94.6783901136224,-2.0181055287335008e-25
94.73333984671213,-8.553326633014095e-26
94.78828957980187,1.497455159384971e-25
94.84323931289161,-1.2228031252741714e-25
94.89818904598135,-5.197431240099189e-26
94.9531387790711,1.624033462656772e-25
95.00808851216084,8.976562010069916e-29
95.06303824525057,1.8844526948168077e-25
95.11798797834031,-8.841431246466735e-26
95.17293771143005,6.978658227153652e-26
95.2278874445198,1.8801941852698618e-25
95.28283717760954,-1.4713015641023474e-25
95.33778691069928,2.0445353214769417e-25
95.39273664378902,5.417880083151978e-28
95.44768637687875,1.8526796051627967e-25
95.50263610996849,-1.9294462861151227e-25
95.55758584305823,1.824246598096659e-25
95.61253557614798,-2.0406881709928615e-25
95.66748530923772,-7.823343808876562e-27
95.72243504232746,-3.42906832444568e-26
95.77738477541719,1.4645978068659929e-25
95.83233450850693,-4.324516187870501e-26
95.88728424159667,-1.7942455100359815e-25
95.94223397468642,1.8847885003969886e-25
95.99718370777616,-1.3197810725098608e-25
96.0521334408659,-9.429073551686864e-27
96.10708317395564,1.4603063461985627e-25
96.16203290704537,-1.584267216939337e-25
96.21698264013511,2.8619608240457753e-27
96.27193237322486,1.634701751767545e-25
96.3268821063146,-1.1703792328366076e-25
96.38183183940434,-1.5881224444368194e-25
96.43678157249408,2.0149240343947326e-25
96.49173130558381,-2.4470940686147947e-26
96.54668103867355,-8.607982772233466e-26
96.6016307717633,-6.174681323208693e-26
96.65658050485304,-2.74037330039753e-26
96.71153023794278,1.978188784776304e-25
96.76647997103252,5.130643567252162e-26
96.82142970412227,-1.9847353433827693e-25
96.876379437212,2.1031203724794135e-27
96.93132917030174,-1.6180058904240289e-25
96.98627890339148,1.047296142808369e-25
97.04122863648122,2.0168210076322438e-25
97.09617836957096,-1.4040428540905996e-27
97.1511281026607,1.9421695919043855e-25
97.20607783575045,7.631886891186533e-26
97.26102756884018,-1.1834824408792244e-25
97.31597730192992,3.6014904851416736e-26
97.37092703501966,-1.094383037126195e-25
97.4258767681094,-4.0606353692530484e-26
97.48082650119915,-1.6196233205859508e-25
97.53577623428889,-1.892401625976635e-25
97.59072596737862,2.543854692145744e-26
97.64567570046836,-8.839766821993537e-26
97.7006254335581,9.876482883566027e-26
97.75557516664784,8.684895341522698e-26
97.81052489973759,6.799316676766023e-26
97.86547463282733,1.7685360876826813e-25
97.92042436591707,-5.872887782402288e-27
97.9753740990068,8.864321414250804e-26
98.03032383209654,-1.705978967569334e-25
98.08527356518628,-1.9820661881173671e-25
98.14022329827603,-1.6276991782765227e-25
98.19517303136577,-4.216804199862299e-26
98.25012276445551,1.8238202925995312e-25
98.30507249754524,-3.481016605607509e-26
98.36002223063498,9.536827052529981e-27
98.41497196372472,-1.2406391061567137e-25
98.46992169681447,1.9127893292003086e-25
98.52487142990421,5.629037973779407e-26
98.57982116299395,-1.8081203511727759e-25
98.6347708960837,-1.0919284574172468e-25
98.68972062917342,1.6755889126765746e-25
98.74467036226316,6.649651781526793e-26
98.7996200953529,-1.9664551672284612e-25
98.85456982844265,1.6231486433286442e-25
98.90951956153239,-8.238381506337707e-26
98.96446929462213,2.504173168180011e-26
99.01941902771186,-1.4472474062574334e-27
99.0743687608016,4.747633991214408e-27
99.12931849389135,-2.614421109348631e-26
99.18426822698109,5.719714577703958e-26
99.23921796007083,-9.009641968601628e-26
99.29416769316057,1.1881772037441403e-25
99.34911742625032,-1.4010918278087328e-25
99.40406715934004,1.5327348511556373e-25
99.45901689242979,-1.5895083257054744e-25
99.51396662551953,1.577712730783793e-25
99.56891635860927,-1.4960283573165166e-25
99.62386609169901,1.3370790144491688e-25
99.67881582478876,-1.0974588424549e-25
99.73376555787848,7.916931264149635e-26
99.78871529096823,-4.6183393821701245e-26
99.84366502405797,1.752039286465203e-26
99.89861475714771,-1.2287986988921524e-27
99.95356449023745,5.7802313864539276e-27
100.0085142233272,-3.98066387718141e-26
100.06346395641694,1.0706116907935434e-25
100.11841368950667,-1.8264621888573856e-25
100.17336342259641,1.7452437400148317e-25
100.22831315568615,1.421259584321516e-26
100.2832628887759,-1.9662888264049926e-25
100.33821262186564,4.9316643920970466e-27
100.39316235495538,1.9527498654734264e-25
100.44811208804512,5.0073240572358824e-26
100.50306182113485,-1.9470513752685873e-25
100.55801155422459,7.506546502723667e-26
100.61296128731433,-2.664238864090814e-29
100.66791102040408,7.665327831339412e-26
100.72286075349382,-1.9601070105747416e-25
100.77781048658356,-9.87976763462584e-26
100.83276021967329,1.4793334155379254e-26
100.88770995276303,1.0517628413016515e-25
100.94265968585277,1.9518216337897342e-25
100.99760941894252,-3.162280795623948e-26
101.05255915203226,4.075681249379398e-26
101.107508885122,-1.9329804148032566e-25
101.16245861821174,-1.916466335012042e-25
101.21740835130147,-1.9590365048458017e-25
101.27235808439121,-1.9270477287238312e-25
101.32730781748096,2.260461099287727e-26
101.3822575505707,-9.215070180011214e-26
101.43720728366044,4.4124988791725473e-26
101.49215701675018,-7.021588932705247e-26
101.54710674983991,-1.5395959529577011e-25
101.60205648292965,2.7296914185451145e-26
101.6570062160194,-1.2066747120331486e-25
101.71195594910914,-1.1368199566015932e-25
101.76690568219888,-1.8783050813614522e-25
101.82185541528862,-1.5390398311294714e-25
101.87680514837837,2.4509243497847872e-26
101.9317548814681,-8.397703467139467e-26
101.98670461455784,1.7153977862368266e-25
102.04165434764758,1.7379094484145806e-25
102.09660408073732,-2.752700877081677e-26
102.15155381382706,2.8016632507111357e-27
102.2065035469168,-1.7748871870452979e-25
102.26145328000653,-8.506722222500383e-26
102.31640301309628,1.3579820325401351e-25
102.37135274618602,1.6896156695639301e-25
102.42630247927576,-1.7631325989251036e-25
102.4812522123655,7.883154283391889e-27
102.53620194545525,2.021150322423932e-26
102.59115167854499,6.151699911202735e-26
102.64610141163472,8.544120423857018e-27
102.70105114472446,-1.4350597599348127e-25
102.7560008778142,1.696391705620934e-25
102.81095061090394,2.3104784902542313e-26
102.86590034399369,-1.5797399137299465e-25
102.92085007708343,1.5266533657729553e-25
102.97579981017317,8.294431601654894e-27
103.0307495432629,-5.728051379633019e-26
103.08569927635264,-2.2677580485958944e-26
103.14064900944238,8.294219240699123e-27
103.19559874253213,1.870835852773914e-25
103.25054847562187,-1.9110656682352123e-25
103.30549820871161,1.3682861605241877e-25
103.36044794180134,-1.5348416977339782e-25
103.41539767489108,-2.291755205095867e-26
103.47034740798082,-3.969322742017579e-27
103.52529714107057,1.7266340146307142e-25
103.58024687416031,-1.1414070118588987e-25
103.63519660725005,1.7381872030896182e-25
103.6901463403398,3.437291688033046e-27
103.74509607342952,1.7939812517607587e-25
103.80004580651926,-1.4795116293441039e-25
103.854995539609,1.7041462596561206e-25
103.90994527269875,1.1426854315234842e-25
103.96489500578849,-1.2343148398113332e-25
104.01984473887823,1.7464101326176532e-25
104.07479447196796,2.1407068994524537e-26
104.1297442050577,-8.307307588847663e-26
104.18469393814745,-5.048788851062316e-28
104.23964367123719,-1.2378769444368396e-25
104.29459340432693,1.8937156995724374e-26
104.34954313741667,1.8901889807634054e-25
104.40449287050642,-3.937334176128911e-26
104.45944260359614,-1.901063284494382e-25
104.51439233668589,4.259824703317366e-26
104.56934206977563,1.9110564986496684e-25
104.62429180286537,-2.624565819260078e-26
104.67924153595511,-1.5738468845389433e-25
104.73419126904486,4.0644411747700566e-27
104.78914100213458,-8.742779342303825e-27
104.84409073522433,-7.805284434506054e-27
104.89904046831407,1.9001052647313176e-25
104.95399020140381,8.253295082489562e-26
105.00893993449355,1.5333013627647213e-26
105.0638896675833,-1.903966808875112e-25
105.11883940067304,-1.850141589280291e-25
105.17378913376277,-7.30066759407605e-26
105.22873886685251,2.9982405012830164e-26
105.28368859994225,-2.398907505735712e-26
105.338638333032,-4.683851751376877e-26
105.39358806612174,-3.89612163357831e-26
105.44853779921148,1.5600738886235122e-25
105.50348753230122,8.951857227510771e-26
105.55843726539095,7.702554943196898e-26
105.61338699848069,-4.663429632245799e-26
105.66833673157043,-1.14896075874164e-25
105.72328646466018,1.6486648770477374e-26
105.77823619774992,1.151970512287158e-26
105.83318593083966,-1.8714004611248389e-25
105.88813566392939,-1.8922818090886547e-25
105.94308539701913,-9.220151809843262e-26
105.99803513010887,7.434136318027888e-26
106.05298486319862,1.5163183718900442e-25
106.10793459628836,1.3787178088155526e-25
106.1628843293781,-6.616801947128812e-27
106.21783406246784,-1.4884992892385897e-25
106.27278379555757,-1.1928553418237337e-25
106.32773352864731,1.1292038671088569e-25
106.38268326173706,1.8726061349621276e-25
106.4376329948268,4.274532972054441e-26
106.49258272791654,-1.546361145463666e-25
106.54753246100628,-5.062401897879881e-26
106.60248219409601,-4.280725220602387e-27
106.65743192718575,-1.7517350974311753e-25
106.7123816602755,-1.2433126664326167e-25
106.76733139336524,1.6628380046587251e-25
106.82228112645498,3.5416374820085506e-26
106.87723085954472,-2.4674429374024256e-26
106.93218059263447,1.774759795997665e-25
106.9871303257242,-1.1917764501864657e-25
107.04208005881394,-5.240038712555579e-26
107.09702979190368,1.0185402306822814e-26
107.15197952499342,-1.8497450703102865e-25
107.20692925808316,1.7378332354026792e-25
107.2618789911729,3.757332880929583e-27
107.31682872426263,1.8411869890768143e-25
107.37177845735238,-1.396918013244229e-25
107.42672819044212,5.672611507146546e-27
107.48167792353186,-9.624700196592571e-26
107.5366276566216,-2.34212772167532e-26
107.59157738971135,-1.7642759176317537e-25
107.64652712280109,1.7186722541667625e-25
107.70147685589082,-1.359743182987179e-25
107.75642658898056,1.774833563010564e-25
107.8113763220703,7.237282928664173e-27
107.86632605516004,9.008287869299117e-26
107.92127578824979,1.2903617886756147e-25
107.97622552133953,-1.733407926744851e-25
108.03117525442926,1.8522781026931338e-25
108.086124987519,-1.553506422896965e-25
108.14107472060874,-9.929408663941913e-26
108.19602445369848,-1.4202183582238761e-28
108.25097418678823,-7.980723471119055e-26
108.30592391987797,-1.8444915860774083e-25
108.36087365296771,6.609775612765627e-26
108.41582338605744,1.2397402631278205e-25
108.47077311914718,-1.7890806308774064e-25
108.52572285223692,-8.77652512447428e-27
108.58067258532667,1.8254184136340766e-25
108.63562231841641,1.2650785096323885e-25
108.69057205150615,3.2772826797285524e-26
108.7455217845959,5.793017468363283e-32
108.80047151768562,2.807127476123078e-26
108.85542125077536,9.78130506411583e-26
108.9103709838651,1.6780465023031743e-25
108.96532071695485,1.7982089068827937e-25
109.02027045004459,1.0627562609562542e-25
109.07522018313433,-1.7997938633003006e-26
109.13016991622406,-1.2749385882491326e-25
109.1851196493138,-1.804735517697934e-25
109.24006938240355,-1.7738776907654282e-25
109.29501911549329,-1.426540457984129e-25
109.34996884858303,-1.0157959396810607e-25
109.40491858167277,-7.011024728450391e-26
109.45986831476252,-5.536696234398559e-26
109.51481804785224,-5.946146896212023e-26
109.56976778094199,-8.1847550066258e-26
109.62471751403173,-1.1864461015010109e-25
109.67966724712147,-1.5933189912645235e-25
109.73461698021121,-1.8358181998272322e-25
109.78956671330096,-1.6451350260483192e-25
109.84451644639068,-8.5057745798787e-26
109.89946617948043,3.7657668943546373e-26
109.95441591257017,1.4675535352028878e-25
110.00936564565991,1.8342612595488856e-25
110.06431537874965,1.4000282200141048e-25
110.1192651118394,6.383111425655643e-26
110.17421484492914,9.259699555718596e-27
110.22916457801887,5.917576369952891e-27
110.28411431110861,6.703421523840008e-26
110.33906404419835,1.6593928480706551e-25
110.3940137772881,1.3337507320204482e-25
110.44896351037784,-1.2988115050152962e-25
110.50391324346758,-7.727476942966633e-26
110.55886297655731,1.8271794193440727e-25
110.61381270964705,-8.212278049906784e-26
110.66876244273679,-1.6066509956669289e-25
110.72371217582653,-2.5006541810192072e-26
110.77866190891628,-2.094336582355027e-26
110.83361164200602,-1.6535669987600347e-25
110.88856137509576,-2.142678799255969e-27
110.94351110818549,8.083719241887676e-26
110.99846084127523,-1.1935036200037209e-25
111.05341057436497,1.8042656241653009e-25
111.10836030745472,1.8941735460749754e-26
111.16331004054446,6.39496251706265e-26
111.2182597736342,1.3913541674940206e-25
111.27320950672394,-1.37073950626813e-25
111.32815923981367,8.40072853965369e-26
111.38310897290341,-1.4277111239088796e-25
111.43805870599316,-2.4534831174230933e-27
111.4930084390829,-1.8026341058139655e-25
111.54795817217264,1.8092841038992573e-25
111.60290790526238,-9.725184398967623e-26
111.65785763835211,1.1480626357914287e-25
111.71280737144185,2.8196172190408077e-26
111.7677571045316,1.0090191991678784e-25
111.82270683762134,1.0000180806508565e-25
111.87765657071108,-1.811669146619749e-25
111.93260630380082,-5.812754607923447e-28
111.98755603689057,-1.6737671565279258e-25
112.0425057699803,-4.48962499000776e-26
112.09745550307004,1.8092083746964743e-25
112.15240523615978,7.754714023711156e-27
112.20735496924952,7.497278884133424e-26
112.26230470233926,1.804296785124792e-25
112.317254435429,-9.524090571213928e-26
112.37220416851873,-1.1698794106361307e-25
112.42715390160848,1.5982809092389082e-25
112.48210363469822,1.6805590694238254e-25
112.53705336778796,1.1868158429639443e-26
112.5920031008777,-6.671749540626173e-26
112.64695283396745,-8.877156960236461e-27
112.70190256705719,-6.1366125267596975e-28
112.75685230014692,-5.466954078771508e-26
112.81180203323666,-6.356691499040588e-26
112.8667517663264,1.730798805527298e-27
112.92170149941614,2.733997967115352e-26
112.97665123250589,-1.562332269418302e-26
113.03160096559563,-3.4039559457908826e-27
113.08655069868536,1.3925605016844658e-25
113.1415004317751,1.7104684872296324e-25
113.19645016486484,7.260185732474796e-26
113.25139989795458,-3.018007075054761e-26
113.30634963104433,-8.637355469963038e-26
113.36129936413407,-1.6658969437474378e-25
113.41624909722381,-5.355185545922189e-26
113.47119883031354,1.1777997781676754e-26
113.52614856340328,-1.5188813166949512e-25
113.58109829649302,-1.052831738068339e-25
113.63604802958277,-1.5218452755952271e-25
113.69099776267251,6.448279500494458e-26
113.74594749576225,6.83799489323899e-26
113.80089722885198,1.3378029829193873e-25
113.85584696194172,-2.5963509384668768e-27
113.91079669503146,1.7862099166746971e-25
113.96574642812121,9.360372009080986e-26
114.02069616121095,4.712400814257687e-26
114.07564589430069,-1.7805383308449127e-25
114.13059562739043,-1.7742820124305844e-25
114.18554536048016,1.075381525641785e-25
114.2404950935699,1.4770598456704853e-25
114.29544482665965,2.2653110302015917e-26
114.35039455974939,-1.0532144685360117e-25
114.40534429283913,-9.544239044303179e-26
114.46029402592887,8.824226937198125e-26
114.51524375901862,1.0289697750312203e-25
114.57019349210834,-9.816337404659558e-26
114.62514322519809,-4.834182813762737e-26
114.68009295828783,1.3471893681272262e-25
114.73504269137757,-7.260151352120384e-26
114.78999242446731,-1.762144437731066e-25
114.84494215755706,1.7388622348619168e-25
114.89989189064678,1.0497066170697488e-25
114.95484162373653,-1.2414094587400163e-25
115.00979135682627,1.5198757955454553e-25
115.06474108991601,1.5234320759911542e-26
115.11969082300575,3.1391288797734395e-26
115.1746405560955,-3.163894858175028e-26
115.22959028918524,-5.311332547392925e-26
115.28454002227497,1.767404123746554e-25
115.33948975536471,-1.553820148242499e-25
115.39443948845445,1.652021580037081e-25
115.4493892215442,1.2654796731969265e-28
115.50433895463394,1.694260535642113e-25
115.55928868772368,-1.653859390708057e-25
115.61423842081341,1.5383664067468676e-25
115.66918815390315,-1.7333704777998138e-25
115.72413788699289,-1.4432432432603354e-26
115.77908762008263,3.707718971890965e-26
115.83403735317238,6.038448606899814e-26
115.88898708626212,-1.296927665786135e-26
115.94393681935186,-1.689171625471556e-25
115.99888655244159,1.7234121673453862e-25
116.05383628553133,-5.285071894872161e-26
116.10878601862107,-1.637497298381611e-25
116.16373575171082,1.7560708974471723e-25
116.21868548480056,-5.4170544779512e-26
116.2736352178903,-1.750108510618473e-25
116.32858495098003,1.6192897653958563e-25
116.38353468406977,-1.5148302003905923e-26
116.43848441715951,-7.651461379583464e-26
116.49343415024926,-2.012682266016036e-26
116.548383883339,-1.0837560117693457e-26
116.60333361642874,1.7160736225300209e-25
116.65828334951848,-9.594085317399314e-26
116.71323308260821,-1.564534729869677e-25
116.76818281569795,3.564521536002979e-26
116.8231325487877,4.8089185377070975e-26
116.87808228187744,1.4527513450671646e-25
116.93303201496718,8.803149829328095e-26
116.98798174805692,-7.449822905029119e-26
117.04293148114667,-9.418112791135662e-26
117.0978812142364,-1.543788630035572e-25
117.15283094732614,-1.211937798220511e-25
117.20778068041588,2.6532313523818833e-26
117.26273041350562,-1.0462075371608212e-25
117.31768014659536,4.2739841328078794e-26
117.3726298796851,1.4121477975760985e-25
117.42757961277484,-2.4208276798003055e-26
117.48252934586458,9.157167344120258e-26
117.53747907895432,-6.739611947065811e-27
117.59242881204406,7.295028319961847e-26
117.6473785451338,1.0764056096267607e-25
117.70232827822355,-6.609293135243879e-26
117.75727801131329,2.0344435275962492e-26
117.81222774440302,-1.7361889599798328e-25
117.86717747749276,-1.5359527924500454e-25
117.9221272105825,-1.4772448299782697e-25
117.97707694367224,-1.0065453935361812e-25
118.03202667676199,1.082306440296983e-25
118.08697640985173,-2.943622989594521e-28
118.14192614294146,8.383573904038103e-26
118.1968758760312,-1.5972461946204668e-25
118.25182560912094,-1.355763921703641e-25
118.30677534221068,-1.133653407556951e-26
118.36172507530043,1.3316324959019293e-25
118.41667480839017,1.405692875652058e-25
118.47162454147991,-1.3411066156497634e-25
118.52657427456964,2.8971135240377444e-26
118.58152400765938,-1.746725591038317e-27
118.63647374074912,5.685995678819436e-26
118.69142347383887,-1.4851282301642187e-25
118.74637320692861,1.5709888509888558e-25
118.80132294001835,-7.05918008063076e-27
118.85627267310808,-1.5463942970846092e-25
118.91122240619782,1.346254519862888e-25
118.96617213928756,2.66439094713507e-26
119.02112187237731,-1.5314175682601696e-25
119.07607160546705,1.6219209776690852e-25
119.13102133855679,-8.984011503704228e-26
119.18597107164653,-5.32995114001657e-28
119.24092080473626,7.264240201247752e-26
119.295870537826,-1.1852589237547454e-25
119.35082027091575,1.43477314660975e-25
119.40577000400549,-1.5514435829016803e-25
119.46071973709523,1.5906366960735577e-25
119.51566947018497,-1.5760455611992182e-25
119.5706192032747,1.4990836369972435e-25
119.62556893636444,-1.3189496981482422e-25
119.68051866945419,9.666513052550147e-26
119.73546840254393,-3.6996438676913046e-26
119.79041813563367,-4.7039519430735335e-26
119.84536786872341,1.339388626845618e-25
119.90031760181316,-1.7044291129833027e-25
119.95526733490289,9.73886985732718e-26
120.01021706799263,6.624469881295615e-26
120.06516680108237,-1.7034352376444439e-25
120.12011653417211,8.068017006406387e-26
120.17506626726185,1.0280085924156424e-25
120.2300160003516,-1.694632333584598e-25
120.28496573344134,9.916715208999334e-26
120.33991546653107,-1.8156990314927926e-26
120.39486519962081,4.9624620362463396e-27
120.44981493271055,-7.904409560115949e-26
120.5047646658003,1.7001426928684512e-25
120.55971439889004,-4.2222820482964415e-27
120.61466413197978,-1.5265348976659789e-25
120.66961386506951,-1.5727153609046002e-25
120.72456359815925,-4.496222881071153e-26
120.77951333124899,1.4997574515737709e-25
120.83446306433873,-1.65453548572335e-26
120.88941279742848,3.5543880470752973e-26
120.94436253051822,-1.6958150869072928e-25
120.99931226360796,-1.1843395958653812e-25
121.05426199669769,-1.0084509727976793e-25
121.10921172978743,-7.248708167828253e-26
121.16416146287717,9.592799985162383e-26
121.21911119596692,-5.171921843729893e-27
121.27406092905666,1.6328381657255496e-25
121.3290106621464,1.4619484947598864e-25
121.38396039523613,1.691579070178056e-25
121.43891012832587,1.6888911812219406e-25
121.49385986141561,-3.78624168052898e-27
121.54880959450536,1.3807097416005663e-25
121.6037593275951,1.4037667973148396e-25
121.65870906068484,1.5220121224409008e-25
121.71365879377458,1.3443090868013132e-25
121.76860852686431,-1.4219871874375623e-26
121.82355825995405,1.2025444159737575e-25
121.8785079930438,-7.191693180245625e-26
121.93345772613354,-1.6822126763198222e-25
121.98840745922328,1.0906771308425864e-27
122.04335719231302,-1.4450741729091888e-25
122.09830692540275,8.976603437274277e-26
122.1532566584925,1.6079307743696879e-25
122.20820639158224,-2.1632291761394997e-26
122.26315612467198,-2.180870057656463e-26
122.31810585776172,-1.1812574683754507e-25
122.37305559085146,-4.151932885503128e-26
122.4280053239412,1.5831964311493446e-25
122.48295505703094,-3.230492605876762e-27
122.53790479012068,-1.5281313249125703e-25
122.59285452321042,6.508521342551713e-26
122.64780425630016,1.650264899304919e-25
122.7027539893899,-1.6085750455735016e-25
122.75770372247965,2.873176500649593e-26
122.81265345556939,1.6186455131502938e-25
122.86760318865912,-1.5588255060139332e-25
122.92255292174886,3.690266547279005e-26
122.9775026548386,1.619400378595902e-25
123.03245238792834,-1.6373703847068623e-25
123.08740212101809,9.943976355575216e-26
123.14235185410783,-2.900224831718642e-26
123.19730158719756,-7.288270238766873e-26
123.2522513202873,1.5828263645379916e-25
123.30720105337704,-8.938138183328779e-26
123.36215078646678,-2.2088852414086645e-27
123.41710051955653,-1.6511432974639748e-25
123.47205025264627,1.4782468984755551e-25
123.52699998573601,-1.623523572442022e-25
123.58194971882574,1.2177829211523627e-25
123.63689945191548,6.0010209255845116e-27
123.69184918500522,1.321935965008259e-25
123.74679891809497,-7.323160934011642e-26
123.80174865118471,6.781991470917874e-26
123.85669838427445,1.5568825359789651e-25
123.91164811736418,-1.4249827131526091e-25
123.96659785045392,9.601221179208451e-26
124.02154758354366,3.5634871888158134e-26
124.07649731663341,-1.2078985059068386e-25
124.13144704972315,-1.0807370128109037e-28
124.18639678281289,-8.348271841619995e-26
124.24134651590263,1.4181725073680372e-26
124.29629624899236,1.6393840806872214e-25
124.3512459820821,-3.900972697142261e-26
124.40619571517185,-1.5713813091195317e-25
124.46114544826159,5.115051571220051e-26
124.51609518135133,1.5467056674944202e-25
124.57104491444107,-4.293449017139679e-26
124.6259946475308,-1.6520593509914547e-25
124.68094438062055,1.9366081427781796e-26
124.73589411371029,1.1246886657453845e-25
124.79084384680003,-4.108413251007609e-28
124.84579357988977,7.987285921220055e-26
124.90074331297951,2.1942503207998485e-26
124.95569304606926,-1.3769225908108291e-25
125.01064277915899,-1.1820639175198283e-25
125.06559251224873,-1.2350011308193725e-25
125.12054224533847,1.2339772148058413e-25
125.17549197842821,1.0565808596304487e-25
125.23044171151795,1.6435768471224612e-25
125.2853914446077,-3.404637200288318e-31
125.34034117769744,1.6390981875237458e-25
125.39529091078717,1.301469498153952e-25
125.45024064387691,1.6421591963105473e-25
125.50519037696665,9.761008990963393e-26
125.5601401100564,-3.0473119637753946e-27
125.61508984314614,1.6272532230869937e-25
125.67003957623588,1.5549662872212624e-25
125.72498930932561,1.293148702373983e-25
125.77993904241535,1.2751454414906704e-25
125.83488877550509,-3.8862546286559597e-26
125.88983850859483,-1.352250474241638e-25
125.94478824168458,-1.0257551295775895e-25
125.99973797477432,2.3951897403878513e-27
126.05468770786406,2.912317669414649e-26
126.10963744095379,1.3783076671120154e-26
126.16458717404353,-1.1438659927108584e-28
126.21953690713327,-2.7751356520147815e-26
126.27448664022302,-5.81127128212515e-26
126.32943637331276,7.003895227836375e-27
126.3843861064025,1.3266121297378272e-25
126.43933583949223,1.630515516052899e-25
126.49428557258197,-6.872457116817642e-26
126.54923530567171,-1.3105347290433862e-25
126.60418503876146,1.0266328502916253e-25
126.6591347718512,1.5655382992262934e-25
126.71408450494094,3.938726509709271e-27
126.76903423803068,8.303080268486213e-26
126.82398397112041,1.583754704976677e-25
126.87893370421016,-1.241317682121678e-25
126.9338834372999,-3.7668079952120347e-26
126.98883317038964,1.3550080480946708e-26
127.04378290347938,-1.6200841495610514e-25
127.09873263656912,1.3085555049194524e-25
127.15368236965885,1.7070279769927544e-26
127.2086321027486,1.1037777218075372e-25
127.26358183583834,3.504993301598988e-26
127.31853156892808,-1.363804591085317e-25
127.37348130201782,-1.698162966481749e-26
127.42843103510756,-1.0104759969226393e-25
127.4833807681973,4.7201635179835895e-26
127.53833050128704,-1.2814113285880744e-25
127.59328023437678,1.453587400896812e-25
127.64822996746652,3.001062848274918e-26
127.70317970055626,5.060915187406116e-26
127.758129433646,1.2899570477363031e-25
127.81307916673575,-1.4307886601245134e-25
127.86802889982548,1.4052098908050336e-25
127.92297863291522,-1.609956110757623e-25
127.97792836600496,-3.366410227291536e-26
128.03287809909472,-2.0369518753907402e-26
128.08782783218444,-1.5342159744290079e-25
128.14277756527417,2.0674074563537665e-26
128.19772729836393,8.720414513354448e-26
128.25267703145366,-1.5427987942352922e-25
128.30762676454341,1.1348540855456724e-25
128.36257649763314,1.2504206275321127e-25
128.41752623072287,1.9930397743694026e-26
128.47247596381263,7.656117944017143e-27
128.52742569690236,8.640732757220176e-26
128.5823754299921,1.6047451921131694e-25
128.63732516308184,5.0533445577734487e-26
128.6922748961716,-1.433145666344082e-25
128.74722462926132,-8.908140911810145e-26
128.80217436235105,1.1312228910537013e-25
128.8571240954408,1.4456387645039795e-25
128.91207382853054,1.092738224900742e-26
128.9670235616203,-1.1489401587428927e-25
129.02197329471002,-1.59451132931513e-25
129.07692302779978,-1.4490575063380406e-25
129.1318727608895,-1.093976946591495e-25
129.18682249397924,-7.49337634867161e-26
129.241772227069,-4.8881032403166186e-26
129.29672196015872,-3.1580131121331684e-26
129.35167169324848,-2.1169993062238756e-26
129.4066214263382,-1.5661787649522153e-26
129.46157115942796,-1.366026829340704e-26
129.5165208925177,-1.457921248252112e-26
129.57147062560742,-1.8690757309627527e-26
129.62642035869717,-2.710187213330203e-26
129.6813700917869,-4.161748820836715e-26
129.73631982487666,-6.426424199937925e-26
129.7912695579664,-9.584806757381401e-26
129.84621929105614,-1.323028828087878e-25
129.90116902414587,-1.5783269928998158e-25
129.9561187572356,-1.3919428889855137e-25
130.01106849032536,-4.1637303070880045e-26
130.06601822341509,1.0525764888429676e-25
130.12096795650484,1.5036644208356014e-25
130.17591768959457,-1.3280368207050542e-26
130.2308674226843,-1.58355588254182e-25
130.28581715577405,-2.857826842353633e-26
130.34076688886378,1.4560232444728282e-25
130.39571662195354,1.215283789818247e-25
130.45066635504327,2.7167680513546755e-26
130.50561608813302,3.303281937274308e-27
130.56056582122275,8.04898260764234e-26
130.61551555431248,1.554958840795549e-25
130.67046528740224,-7.360183452227197e-26
130.72541502049197,-5.002721975854905e-26
130.78036475358172,1.3111013443067144e-25
130.83531448667145,-1.4926444579303233e-25
130.8902642197612,-6.261204075053805e-26
130.94521395285093,-4.207642409595165e-27
131.00016368594066,-1.3035304052538588e-25
131.05511341903042,4.8924584941824284e-27
131.11006315212015,1.1519050272304647e-26
131.1650128852099,-1.0068862426502318e-26
131.21996261829963,1.1563515328761975e-25
131.2749123513894,7.888425826473109e-28
131.32986208447912,1.4376438402284247e-25
131.38481181756885,-1.242685309216585e-25
131.4397615506586,1.5712605355254765e-25
131.49471128374833,-1.5627077249765707e-25
131.5496610168381,-1.3523341484863293e-27
131.60461074992782,-1.4206963498986054e-25
131.65956048301754,1.5440470916464216e-25
131.7145102161073,-9.067957090122102e-26
131.76945994919703,8.965019781303692e-26
131.82440968228678,3.985457798474774e-26
131.8793594153765,1.0353340718084762e-26
131.93430914846627,1.550886606281014e-25
131.989258881556,-1.2789785359883953e-25
132.04420861464573,-2.8264221456714407e-26
132.09915834773548,9.254970070301546e-27
132.1541080808252,-1.4312880002700868e-25
132.20905781391497,7.361135741805319e-26
132.2640075470047,9.884644158609058e-26
132.31895728009445,-1.5175053349277379e-25
132.37390701318418,-1.1809277836889297e-25
132.4288567462739,-7.762915017238454e-28
132.48380647936366,-5.645489133986207e-26
132.5387562124534,-1.236940293859875e-25
132.59370594554315,2.7070108819233995e-26
132.64865567863288,1.5452985272512733e-25
132.70360541172263,1.4430999036838824e-25
132.75855514481236,-6.00475939399269e-26
132.8135048779021,-1.5379613854030506e-25
132.86845461099185,-1.3718147745623801e-25
132.92340434408158,4.9387648115523446e-26
132.97835407717133,1.5215368099197963e-25
133.03330381026106,1.4588181562493813e-25
133.08825354335082,-8.478933433846478e-27
133.14320327644054,-2.829574362633753e-26
133.19815300953027,6.482863989462369e-26
133.25310274262003,2.2085476826923572e-26
133.30805247570976,-1.3072780407442063e-25
133.36300220879951,-1.134340728113257e-25
133.41795194188924,-1.548862794176853e-25
133.47290167497897,-1.0425382164137432e-25
133.52785140806873,3.738364005722811e-27
133.58280114115846,-1.4676277307184221e-25
133.6377508742482,-9.749202622614261e-26
133.69270060733794,-1.3148905046587684e-25
133.7476503404277,6.969165645472853e-26
133.80260007351743,7.136673840243565e-26
133.85754980660715,1.4399523703515076e-25
133.9124995396969,-3.3108436356843045e-29
133.96744927278664,1.2914881534712274e-25
134.0223990058764,4.491267163854022e-26
134.07734873896612,-6.92204862308337e-26
134.13229847205588,-1.2474278673938897e-25
134.1872482051456,-9.60979801696351e-26
134.24219793823534,1.5390992998364474e-25
134.2971476713251,1.5017130073980289e-25
134.35209740441482,-1.3306306473010802e-25
134.40704713750458,-1.5322336623950914e-25
134.4619968705943,1.1596994892258829e-25
134.51694660368406,1.5276624346130376e-25
134.5718963367738,-1.2883074238847198e-25
134.62684606986352,-1.5180526982775358e-25
134.68179580295327,1.5221164606864948e-25
134.736745536043,1.1056466535858652e-25
134.79169526913276,-1.3313755744380204e-25
134.8466450022225,3.889327428917747e-26
134.90159473531222,5.707193227095887e-26
134.95654446840197,-1.4707388733435853e-25
135.0114942014917,-9.633603922999195e-28
135.06644393458146,-1.139029045264997e-25
135.12139366767119,5.085007956000981e-26
135.17634340076094,-1.6027702887334477e-26
135.23129313385067,-1.4936461327776181e-25
135.2862428669404,1.2213401579036827e-25
135.34119260003015,-1.4996044865096567e-25
135.39614233311988,-2.8036310343643642e-30
135.45109206620964,-1.4722327489104483e-25
135.50604179929937,1.39143412257642e-25
135.56099153238912,-1.4106966983917244e-25
135.61594126547885,1.515133624651921e-25
135.67089099856858,4.503233382334265e-27
135.72584073165834,3.388787653627122e-26
135.78079046474807,-1.1269566580616023e-25
135.83574019783782,3.2996791060718535e-26
135.89068993092755,1.3443900798218766e-25
135.9456396640173,-1.417625464592885e-25
136.00058939710703,9.595968470337686e-26
136.05553913019676,1.803116331869508e-26
136.11048886328652,-1.1398660768607934e-25
136.16543859637625,1.1252850154325946e-25
136.220388329466,1.9079564981149927e-26
136.27533806255573,-1.2954090123231184e-25
136.3302877956455,7.762144126955261e-26
136.38523752873522,1.3541813772065077e-25
136.44018726182495,-1.458584001757087e-25
136.4951369949147,1.1600515297301388e-26
136.55008672800443,2.903176201939407e-26
136.6050364610942,8.279245691291955e-26
136.65998619418392,3.153332705726714e-26
136.71493592727364,-1.381692124056351e-25
136.7698856603634,-8.795370305535411e-26
136.82483539345313,1.34610673268011e-25
136.87978512654288,-2.855107388607787e-29
136.9347348596326,1.432517637723323e-25
136.98968459272237,-1.3608789028612702e-26
137.0446343258121,-1.4540199578384425e-25
137.09958405890183,5.031503506317163e-28
137.15453379199158,-1.5034114025317396e-25
137.2094835250813,-1.2086746233902152e-25
137.26443325817107,2.3719023083031147e-26
137.3193829912608,-5.116274258020728e-26
137.37433272435055,5.102983812263015e-26
137.42928245744028,-5.057984126073228e-26
137.48423219053,4.160782207079544e-26
137.53918192361976,9.798521233582225e-26
137.5941316567095,-4.5219896965321385e-26
137.64908138979925,3.330062063152905e-26
137.70403112288898,-1.335149163476966e-25
137.75898085597873,-1.4050393908432776e-25
137.81393058906846,-1.3208965534943247e-25
137.8688803221582,-1.5002965480729043e-25
137.92383005524795,2.4691965006542876e-26
137.97877978833768,-2.843078486751741e-26
138.03372952142743,1.4953156257080845e-25
138.08867925451716,8.097865427240886e-26
138.14362898760692,3.5413858919196475e-27
138.19857872069664,-8.782836542294835e-26
138.25352845378637,-1.467918112632448e-25
138.30847818687613,6.954890814483482e-26
138.36342791996586,-7.061091494207579e-28
138.41837765305561,4.1419212801783813e-26
138.47332738614534,-1.3787389665453884e-25
138.52827711923507,8.84787395572038e-26
138.58322685232483,1.2074366914485466e-25
138.63817658541456,-7.806391769033543e-26
138.6931263185043,-1.2792100106377327e-25
138.74807605159404,9.53675549382026e-26
138.8030257846838,7.139960647646643e-26
138.85797551777353,-1.4782841026530393e-25
138.91292525086325,1.2430878857394222e-25
138.967874983953,-7.152110152784325e-26
139.02282471704274,2.9602433730309445e-26
139.0777744501325,-6.884189231087508e-27
139.13272418322222,2.3203366820714908e-29
139.18767391631198,-3.788411855340328e-27
139.2426236494017,1.343854635058571e-26
139.29757338249144,-2.5015365470620868e-26
139.3525231155812,3.5463852962495463e-26
139.40747284867092,-4.272488083436039e-26
139.46242258176068,4.5662058600357194e-26
139.5173723148504,-4.388146345002472e-26
139.57232204794016,3.7622443835342104e-26
139.6272717810299,-2.782318085076584e-26
139.68222151411962,1.6296420090690522e-26
139.73717124720937,-5.839818642706729e-27
139.7921209802991,1.7454989120510771e-28
139.84707071338886,-3.814792630804407e-27
139.9020204464786,2.189192436159087e-26
139.95697017956832,-5.867731248465507e-26
140.01191991265807,1.1039511232584096e-25
140.0668696457478,-1.47186314027963e-25
140.12181937883756,1.0222493984569635e-25
140.17676911192729,5.293344362602934e-26
140.23171884501704,-1.455921076878662e-25
140.28666857810677,-2.0017215790651328e-26
140.3416183111965,1.4416523246097188e-25
140.39656804428625,3.6150885577475295e-26
140.45151777737598,-1.4665425404232843e-25
140.50646751046574,6.496138902979447e-26
140.56141724355547,-1.1238454617904735e-27
140.61636697664522,4.1373266994107944e-26
140.67131670973495,-1.4387107562993717e-25
140.72626644282468,-8.467271790447805e-27
140.78121617591444,9.309934196094819e-26
140.83616590900417,1.3772141046235167e-25
140.89111564209392,1.3327750879753828e-25
140.94606537518365,-5.930655125445573e-26
141.0010151082734,5.2317820879951116e-27
141.05596484136314,-1.2963938468441108e-25
141.11091457445286,-4.5001215176087364e-26
141.16586430754262,-5.157596367910338e-26
141.22081404063235,-5.714126692860201e-26
141.2757637737221,7.37236590383382e-26
141.33071350681183,-1.222579865390019e-26
141.3856632399016,1.4471463538908026e-25
141.44061297299132,1.3952412696527114e-25
141.49556270608105,7.660066545639721e-26
141.5505124391708,1.0180357193062652e-25
141.60546217226053,-1.1981916287330214e-26
141.6604119053503,1.261738357495834e-25
141.71536163844002,2.912767605102408e-26
141.77031137152974,-1.0669688584217637e-25
141.8252611046195,1.1227903018589345e-26
141.88021083770923,-1.2778370658416787e-25
141.93516057079898,-1.4129953901218388e-25
141.9901103038887,3.651312625681009e-26
142.04506003697847,-1.8048187642873272e-26
142.1000097700682,1.3364637025035738e-25
142.15495950315793,9.727740740059526e-26
142.20990923624768,-1.278344623556707e-25
142.2648589693374,5.449254399605676e-28
142.31980870242717,-8.871349556980711e-26
142.3747584355169,1.4517525919746574e-25
142.42970816860665,6.725863145876398e-26
142.48465790169638,-1.1445308832297844e-25
142.5396076347861,-6.176446559672236e-26
142.59455736787586,1.413963309864639e-25
142.6495071009656,-4.628153083254127e-26
142.70445683405535,-1.4439803438668654e-25
142.75940656714508,1.3954579782648244e-25
142.81435630023483,-2.9642053855286635e-26
142.86930603332456,-1.4466268200366641e-25
142.9242557664143,1.4379050482358935e-25
142.97920549950405,-5.264831369931665e-26
143.03415523259378,-9.409907948078718e-26
143.08910496568353,1.16950730742622e-25
143.14405469877326,-1.2631656286809244e-25
143.199004431863,1.3146515054293347e-25
143.25395416495275,1.9276366600790232e-26
143.30890389804247,-4.277899410278129e-26
143.36385363113223,-7.976647693798367e-26
143.41880336422196,3.9072349432496996e-26
143.47375309731171,2.2034247774276092e-26
143.52870283040144,-4.7429988421216563e-26
143.58365256349117,6.691895361489485e-26
143.63860229658093,1.0716459740446882e-25
143.69355202967066,-7.919838992514448e-26
143.7485017627604,1.3617343935851864e-25
143.80345149585014,1.487594366434668e-28
143.8584012289399,1.4050521929511488e-25
143.91335096202963,-6.879768700557817e-26
143.96830069511935,3.33842121240943e-26
144.0232504282091,1.4339960564337774e-25
144.07820016129884,-1.433996539192477e-25
144.1331498943886,-6.318051941807288e-26
144.18809962747832,1.0366446274597812e-25
144.24304936056808,-6.89210773918401e-26
144.2979990936578,-5.946512706198768e-26
144.35294882674754,1.2923123511054123e-25
144.4078985598373,3.9314248602175204e-26
144.46284829292702,-1.396673941960215e-25
144.51779802601678,-3.8395150273825475e-26
144.5727477591065,1.314779802641893e-25
144.62769749219626,5.623009773424648e-26
144.682647225286,-7.85164028930271e-26
144.73759695837572,-9.785981605679745e-26
144.79254669146547,-4.854406871311643e-26
144.8474964245552,1.4193404475510816e-25
144.90244615764496,1.4197866437816786e-25
144.9573958907347,-5.553743454947034e-26
145.01234562382442,-7.917371729314028e-26
145.06729535691417,-1.423212169248567e-25
145.1222450900039,1.6228841975141446e-27
145.17719482309366,-1.167531969571393e-25
145.23214455618339,-6.317035233815531e-26
145.28709428927314,-7.780595170804161e-26
145.34204402236287,9.848767553774526e-26
145.3969937554526,6.395226066060205e-26
145.45194348854235,7.417375884941536e-26
145.50689322163208,-2.3388870974502305e-26
145.56184295472184,-3.1316902538078695e-26
145.61679268781157,8.902918665450405e-26
145.67174242090132,3.5325472591749923e-26
145.72669215399105,-8.504333077010074e-26
145.78164188708078,-1.0054063447645062e-25
145.83659162017054,-1.3454448375262755e-25
145.89154135326027,-1.353733619856902e-25
145.94649108635002,2.777363850727988e-26
146.00144081943975,1.2070348083989018e-25
146.0563905525295,1.1515732431260497e-25
146.11134028561924,-1.0184800558021264e-26
146.16629001870896,-1.0056530994754571e-25
146.22123975179872,-1.168321862105989e-25
146.27618948488845,1.8927652609659857e-26
146.3311392179782,1.3573503709633042e-25
146.38608895106793,1.3165330491112433e-25
146.4410386841577,-7.268486359451646e-26
146.49598841724742,-1.0520766578753474e-25
146.55093815033715,9.733050317604817e-26
146.6058878834269,1.358142826363309e-25
146.66083761651663,4.942839138714201e-27
146.7157873496064,4.9977424674116945e-26
146.77073708269612,1.4026962939193605e-25
146.82568681578584,-8.784598838452672e-26
146.8806365488756,-5.326598988379622e-26
146.93558628196533,8.161028698934248e-26
146.99053601505508,-1.0512416374288673e-25
147.0454857481448,7.508711138474486e-26
147.10043548123457,4.5376129550179505e-26
147.1553852143243,-1.0075966366163303e-26
147.21033494741403,1.3483240084169011e-25
147.26528468050378,-1.360759099550889e-25
147.3202344135935,-1.8601054421294736e-28
147.37518414668327,-1.384903696625444e-25
147.430133879773,1.391652430564208e-25
147.48508361286275,-9.193079393839284e-26
147.54003334595248,1.1462726595558932e-25
147.5949830790422,5.888748576582956e-28
147.64993281213196,1.2788023003241452e-25
147.7048825452217,-9.430878420817696e-26
147.75983227831145,1.1428188874096317e-25
147.81478201140118,-1.0154250489675133e-25
147.86973174449093,-6.015213251683542e-26
147.92468147758066,-5.72746843904892e-27
147.9796312106704,-1.2187629331590646e-25
148.03458094376015,1.687154945640865e-27
148.08953067684988,6.685763648864796e-26
148.14448040993963,-1.185735882623519e-25
148.19943014302936,1.2695025745763384e-25
148.2543798761191,7.510529533662955e-26
148.30932960920885,1.4106773507098857e-27
148.36427934229857,3.810832594053799e-26
148.41922907538833,1.3095449820875692e-25
148.47417880847806,6.370114359085242e-26
148.52912854156781,-1.3055897868540934e-25
148.58407827465754,-2.0806828502844023e-26
148.63902800774727,1.3856471899538088e-25
148.69397774083703,2.0414528770965443e-26
148.74892747392676,-1.2046408410672264e-25
148.8038772070165,-1.280504740986579e-25
148.85882694010624,-7.275672388956767e-26
148.913776673196,-2.4823966648637827e-26
148.96872640628573,-2.4308775989820632e-27
149.02367613937545,-2.332203433511879e-27
149.0786258724652,-1.7978434838521724e-26
149.13357560555494,-4.27267697676703e-26
149.1885253386447,-6.990943414356256e-26
149.24347507173442,-9.392822416559007e-26
149.29842480482418,-1.1163946313798896e-25
149.3533745379139,-1.226244058566276e-25
149.40832427100364,-1.2819338933744856e-25
149.4632740040934,-1.2993132628452344e-25
149.51822373718312,-1.2857552720496016e-25
149.57317347027288,-1.2358162146516196e-25
149.6281232033626,-1.134481166529677e-25
149.68307293645236,-9.674778729873629e-26
149.7380226695421,-7.356685585232879e-26
149.79297240263182,-4.6620281152746496e-26
149.84792213572157,-2.1187605839314396e-26
149.9028718688113,-3.826467683953046e-27
149.95782160190106,-1.1348113750526899e-27
150.0127713349908,-1.961736984459798e-26
150.06772106808052,-6.35647499382388e-26
150.12267080117027,-1.2015201323441674e-25
150.17762053426,-1.283319057565857e-25
150.23257026734976,-7.160992371147981e-27
150.28752000043949,1.3457570096216824e-25
150.34246973352924,1.5331265276908007e-26
150.39741946661897,-1.3652190942930582e-25
150.4523691997087,3.134266116869526e-26
150.50731893279846,1.353237936411443e-25
150.56226866588818,5.104417994643124e-26
150.61721839897794,1.6635579522417422e-30
150.67216813206767,5.691576553021068e-26
150.72711786515742,1.3500480808818938e-25
150.78206759824715,-8.295754726058371e-26
150.83701733133688,1.2382914248845616e-26
150.89196706442664,5.177373842471411e-26
150.94691679751637,-1.3226436991726327e-25
151.00186653060612,-1.499751324291787e-26
151.05681626369585,-3.853237379252836e-26
151.1117659967856,-1.2622351001106314e-25
151.16671572987534,1.353252367592601e-25
151.22166546296506,-1.2851209792406715e-25
151.27661519605482,1.3561221934033324e-25
151.33156492914455,6.71417157287915e-27
151.3865146622343,8.53124790094485e-26
151.44146439532403,-2.4784240903489474e-26
151.49641412841376,1.0372955662178572e-25
151.55136386150352,-1.308222255920411e-25
151.60631359459325,-6.385018904753263e-27
151.661263327683,-1.106879954066545e-25
151.71621306077273,1.2630864685912776e-25
151.7711627938625,-8.638809955907358e-26
151.82611252695222,7.563265480861025e-26
151.88106226004194,4.051991027096487e-26
151.9360119931317,-2.3711654276462268e-26
151.99096172622143,1.314097991041912e-25
152.04591145931118,-8.714884691201549e-26
152.1008611924009,-4.824946017553421e-26
152.15581092549067,9.112800905690631e-26
152.2107606585804,-4.58324862218254e-26
152.26571039167013,2.4009653677703256e-26
152.32066012475988,1.2925967756238649e-25
152.3756098578496,-1.4176295199703325e-26
152.43055959093937,-1.31337676680142e-25
152.4855093240291,-3.146506310479528e-26
152.54045905711885,1.1702289337917023e-25
152.59540879020858,7.450330831823413e-26
152.6503585232983,1.3158743916066962e-27
152.70530825638807,-1.2756151862320094e-26
152.7602579894778,2.7894493132809707e-27
152.81520772256755,-2.4996845777351598e-29
152.87015745565728,4.171744316562055e-27
152.92510718874703,2.6134178687770264e-26
152.98005692183676,2.995210056298332e-27
153.0350066549265,-1.0049811413716054e-25
153.08995638801625,-1.234613019842968e-25
153.14490612110598,-4.505530309499773e-26
153.19985585419573,6.088655312503845e-26
153.25480558728546,8.280920488841491e-26
153.3097553203752,1.3392144503268692e-25
153.36470505346495,9.743149469935527e-26
153.41965478655467,-7.408039102543617e-28
153.47460451964443,1.3230224208968216e-25
153.52955425273416,1.1491294398799544e-25
153.58450398582391,1.334014122691006e-25
153.63945371891364,6.326070807518378e-26
153.69440345200337,-1.4151552069708473e-26
153.74935318509313,4.126252452249601e-26
153.80430291818286,2.942519328860257e-26
153.8592526512726,-4.175243947018644e-26
153.91420238436234,-1.2767577239682503e-25
153.9691521174521,-1.3197780437477817e-25
154.02410185054183,5.898415478688613e-26
154.07905158363155,8.682068432359e-26
154.1340013167213,1.0351890705595388e-25
154.18895104981104,-3.02335092424458e-26
154.2439007829008,-1.241348071940358e-25
154.29885051599052,7.154883355512736e-27
154.35380024908028,6.902010866020628e-26
154.40874998217,-1.5110115673306683e-27
154.46369971525974,-4.1586223844638736e-26
154.5186494483495,1.424868732326579e-27
154.57359918143922,6.645258687593589e-26
154.62854891452898,-6.588418958618301e-27
154.6834986476187,-1.2159075216126016e-25
154.73844838070846,2.827442759710614e-26
154.7933981137982,1.0788869039814553e-25
154.84834784688792,-8.281948428390016e-26
154.90329757997768,5.001956581459276e-26
154.9582473130674,1.3203593324824743e-25
155.01319704615716,-1.2892791795329574e-25
155.0681467792469,2.79175315827477e-26
155.12309651233662,3.3692940924752175e-26
155.17804624542637,-5.798665029959201e-26
155.2329959785161,-1.0592348267872728e-26
155.28794571160586,-7.894915176179732e-26
155.34289544469559,1.2977802013180047e-25
155.39784517778534,-1.1971973433456827e-25
155.45279491087507,1.2438747531301248e-25
155.5077446439648,3.6153790321979825e-29
155.56269437705456,1.1208638025619726e-25
155.61764411014428,-1.3118349811233979e-25
155.67259384323404,9.227866642303659e-26
155.72754357632377,-8.666137898344055e-26
155.78249330941352,-3.424396593447068e-26
155.83744304250325,1.082984474174957e-25
155.89239277559298,-7.281703438846085e-26
155.94734250868274,-5.934927092745084e-28
156.00229224177247,-8.414080286527131e-27
156.05724197486222,3.0831215192025675e-26
156.11219170795195,-1.4455530524522344e-27
156.1671414410417,-4.0712408626393024e-26
156.22209117413144,2.6369572273902537e-26
156.27704090722116,-3.237438180009283e-31
156.33199064031092,3.678606887727448e-26
156.38694037340065,-8.435785930793099e-26
156.4418901064904,-1.8515036661709825e-26
156.49683983958013,1.3096436342682758e-25
156.55178957266986,-6.444391760422008e-26
156.60673930575962,-1.124981693117684e-25
156.66168903884935,3.805851603171856e-26
156.7166387719391,8.902260286406538e-26
156.77158850502883,4.206325569088777e-26
156.8265382381186,2.9191895732597366e-26
156.88148797120832,-1.0496549696639257e-25
156.93643770429804,-1.2723146121036635e-25
156.9913874373878,3.251475087843761e-26
157.04633717047753,-2.1770869038525995e-26
157.10128690356728,9.628864260052943e-26
157.156236636657,1.2081971791426764e-25
157.21118636974677,8.321261080001618e-26
157.2661361028365,8.224892317794185e-26
157.32108583592623,-1.8210891938053953e-26
157.37603556901598,1.0005655911928512e-25
157.4309853021057,3.7073163731536996e-26
157.48593503519547,-4.166138784580043e-26
157.5408847682852,5.438358081006573e-26
157.59583450137495,-2.0192913942152654e-26
157.65078423446468,1.2227384790155943e-25
157.7057339675544,1.248368310044302e-25
157.76068370064417,1.1340676554911756e-25
157.8156334337339,1.2946353878353216e-25
157.87058316682365,-1.5687252264660133e-26
157.92553289991338,3.492583678572813e-26
157.98048263300313,-1.268597651768694e-25
158.03543236609286,-1.114059753836465e-25
158.0903820991826,-7.524661325599474e-26
158.14533183227235,9.256576681171544e-28
158.20028156536208,1.228801839164394e-25
158.25523129845183,-2.5784679918955033e-26
158.31018103154156,5.666484936034706e-27
158.3651307646313,-8.212680038442771e-26
158.42008049772105,1.200294870633081e-25
158.47503023081077,5.710526455885087e-26
158.52997996390053,-9.855105338097016e-26
158.58492969699026,-1.0248482668435081e-25
158.63987943008001,7.392080443465613e-26
158.69482916316974,8.669942567355877e-26
158.74977889625947,-1.261688987222453e-25
158.80472862934923,7.703370353696131e-26
158.85967836243896,-2.6315819800383353e-26
158.9146280955287,2.2704465409149656e-27
158.96957782861844,-3.2347211525529484e-27
159.0245275617082,2.2411012524354673e-26
159.07947729479793,-5.212365408865022e-26
159.13442702788765,8.354994247536759e-26
159.1893767609774,-1.087155267729384e-25
159.24432649406714,1.234344644941655e-25
159.2992762271569,-1.282651705964873e-25
159.35422596024662,1.2694762779039343e-25
159.40917569333638,-1.2391893056730913e-25
159.4641254264261,1.224377368494525e-25
159.51907515951584,-1.2369869733997157e-25
159.5740248926056,1.2660961645075028e-25
159.62897462569532,-1.2800038345056205e-25
159.68392435878508,1.234732830264856e-25
159.7388740918748,-1.0922891185233738e-25
159.79382382496453,8.453416863063603e-26
159.8487735580543,-5.335144693979593e-26
159.90372329114402,2.350070635254433e-26
159.95867302423378,-3.7629801933760364e-27
160.0136227573235,1.7862772373717798e-27
160.06857249041326,-2.4314399425918502e-26
160.123522223503,7.351353031116652e-26
160.17847195659272,-1.2367924392944041e-25
160.23342168968247,9.092835972097195e-26
160.2883714227722,6.548976292908469e-26
160.34332115586196,-1.0714879295507211e-25
160.39827088895169,-8.971483898484308e-26
160.45322062204144,6.569274740444277e-26
160.50817035513117,1.1455772739195944e-25
160.5631200882209,-8.541317099120379e-26
160.61806982131066,7.311157280884973e-27
160.67301955440038,-2.1906932694809564e-26
160.72796928749014,1.175540306469537e-25
160.78291902057987,-1.261351187828582e-26
160.83786875366962,-8.635352313283343e-26
160.89281848675935,-1.1642388823343822e-25
160.94776821984908,-1.2101149845785462e-25
161.00271795293884,3.9448882676476175e-26
161.05766768602857,-1.186401520164015e-26
161.11261741911832,1.2494016404417584e-25
161.16756715220805,1.0016694835418023e-25
161.2225168852978,1.1447099640740516e-25
161.27746661838754,1.1289235651419542e-25
161.33241635147726,-2.478139338659544e-26
161.38736608456702,4.551006387418411e-26
161.44231581765675,-5.828151724612681e-26
161.4972655507465,1.2387100952253145e-26
161.55221528383623,8.3656897172589e-26
161.60716501692596,-2.3305847577735247e-26
161.66211475001572,7.048784737961832e-26
161.71706448310545,6.038290449928438e-26
161.7720142161952,1.2406869813992609e-25
161.82696394928493,1.0206429457355375e-25
161.8819136823747,-1.5026011975062213e-26
161.93686341546442,5.416679698576214e-26
161.99181314855414,-1.1279616269656967e-25
162.0467628816439,-1.100117995762974e-25
162.10171261473363,2.057026667158045e-26
162.15666234782339,1.3045787700276446e-26
162.2116120809131,1.049889583008728e-25
162.26656181400287,4.6594113861716473e-26
162.3215115470926,-9.769757616667101e-26
162.37646128018233,-8.883636329778261e-26
162.43141101327208,1.2258917532592444e-25
162.4863607463618,-1.103708644794701e-26
162.54131047945157,-5.289292240543079e-26
162.5962602125413,4.286442075762321e-27
162.65120994563105,-9.250912386197261e-28
162.70615967872078,5.5120354181722e-26
162.7611094118105,-7.014256181347147e-26
162.81605914490027,-4.686191362839604e-27
162.87100887799,6.016561674671358e-26
162.92595861107975,-4.3016188439817583e-26
162.98090834416948,-8.399376466765272e-29
163.0358580772592,-3.49988459037245e-26
163.09080781034896,8.070022381454201e-26
163.1457575434387,-2.1520037640023436e-26
163.20070727652845,-1.0914138423593502e-25
163.25565700961818,1.0185215486288328e-25
163.31060674270793,-1.1816802694868387e-25
163.36555647579766,1.2194704119053372e-25
163.4205062088874,9.685511390726492e-28
163.47545594197715,9.552955792682514e-26
163.53040567506687,-1.2179286347019562e-25
163.58535540815663,1.135626896774942e-25
163.64030514124636,-1.0494196854160275e-25
163.69525487433611,-3.652315878694474e-27
163.75020460742584,-9.366940744389691e-26
163.80515434051557,4.6704773906795326e-26
163.86010407360533,-1.8053208531910238e-26
163.91505380669506,-1.2402505782231236e-25
163.9700035397848,1.2175615786518637e-25
164.02495327287454,3.092311829708853e-27
164.0799030059643,-5.865668443016147e-26
164.13485273905403,1.2132236896129394e-25
164.18980247214375,1.4211406994280315e-26
164.2447522052335,-8.111974360804164e-26
164.29970193832324,-1.1146990829768753e-27
164.354651671413,8.094683504942087e-27
164.40960140450272,9.263335552217469e-29
164.46455113759248,1.859741069615703e-26
164.5195008706822,-9.165959140081907e-29
164.57445060377194,8.198250788291903e-27
164.6294003368617,1.1214171104120722e-27
164.68435006995142,-8.103553409651938e-26
164.73929980304118,-1.4209875616547773e-26
164.7942495361309,1.2067256012915914e-25
164.84919926922063,5.84686085838579e-26
164.9041490023104,3.4748315887976915e-27
164.95909873540012,-1.2094497334551378e-25
165.01404846848988,-1.2305086829988722e-25
165.0689982015796,1.7355141301229313e-26
165.12394793466936,4.6035648247079457e-26
165.1788976677591,9.220638874238182e-26
165.23384740084882,-3.690603028765377e-27
165.28879713393857,1.0324808714849912e-25
165.3437468670283,1.123359946230895e-25
165.39869660011806,1.2001952150692416e-25
165.4536463332078,9.478534565613138e-26
165.50859606629754,-8.999276448639403e-28
165.56354579938727,1.1977736425587412e-25
165.618495532477,1.1642894650148325e-25
165.67344526556676,9.968404962916939e-26
165.72839499865648,1.0650907189474028e-25
165.78334473174624,-2.1430942065010648e-26
165.83829446483597,-7.997077022982168e-26
165.89324419792572,-3.5562196299554336e-26
165.94819393101545,6.095526046917714e-29
166.00314366410518,-4.069986772834142e-26
166.05809339719494,-5.758466558999166e-26
166.11304313028467,-4.3882448673600235e-27
166.16799286337442,6.706412100191632e-26
166.22294259646415,5.236268063917317e-26
166.2778923295539,8.1110651375505e-28
166.33284206264364,5.859768552024024e-27
166.38779179573336,5.307755297668746e-26
166.44274152882312,-1.107110634712953e-26
166.49769126191285,-1.1932027317863338e-25
166.5526409950026,-8.462919991471728e-26
166.60759072809233,9.541706835176772e-26
166.66254046118206,4.439690219806741e-26
166.71749019427182,-1.0036770512353657e-25
166.77243992736155,1.471555617288403e-26
166.8273896604513,-2.0431702555388078e-26
166.88233939354103,-1.0551808298397645e-25
166.9372891266308,1.0991057477201747e-25
166.99223885972052,5.024266168033171e-26
167.04718859281024,1.499547299407923e-26
167.1021383259,9.736332104118351e-26
167.15708805898973,-1.1879087367810455e-25
167.21203779207949,6.02842996152531e-26
167.2669875251692,-6.869672859368614e-26
167.32193725825897,-2.165536684862903e-26
167.3768869913487,-8.19551350860434e-26
167.43183672443843,1.49316182631102e-26
167.48678645752818,5.347674394265481e-26
167.5417361906179,4.452692997660268e-26
167.59668592370767,2.2889063043883842e-26
167.6516356567974,1.0885107843365138e-25
167.70658538988715,-1.105640078496631e-25
167.76153512297688,9.739706129870937e-26
167.8164848560666,-1.193310667526343e-25
167.87143458915637,-1.1903301751501569e-26
167.9263843222461,-3.6446694389283676e-26
167.98133405533585,-1.1571943918157104e-25
168.03628378842558,1.0908183235201153e-25
168.0912335215153,-7.913857700137432e-26
168.14618325460506,8.697124315365942e-27
168.2011329876948,1.1216753261720326e-25
168.25608272078455,2.1640309486292673e-26
168.31103245387428,6.387056874207222e-27
168.36598218696403,7.928969995215966e-26
168.42093192005376,1.0941413653360204e-25
168.4758816531435,-5.870901079836337e-26
168.53083138623325,-8.74601874201185e-26
168.58578111932297,9.857453638527812e-26
168.64073085241273,6.496035217869497e-26
168.69568058550246,-8.307160872205743e-26
168.75063031859221,-1.1683081018501964e-25
168.80558005168194,-7.058717895684855e-26
168.86052978477167,-2.390803970992874e-26
168.91547951786143,-1.9936611632428523e-27
168.97042925095116,-3.0899073501044953e-27
169.0253789840409,-2.0893055618186738e-26
169.08032871713064,-4.83220050317062e-26
169.1352784502204,-7.729571999488325e-26
169.19022818331013,-1.0056438371774718e-25
169.24517791639985,-1.1434845096617972e-25
169.3001276494896,-1.1916284892945557e-25
169.35507738257934,-1.1838120194873224e-25
169.4100271156691,-1.1598526884943688e-25
169.46497684875882,-1.1486510990852566e-25
169.51992658184858,-1.1600987922604499e-25
169.5748763149383,-1.1831041495720144e-25
169.62982604802804,-1.1879073860053626e-25
169.6847757811178,-1.1346683237180125e-25
169.73972551420752,-9.909289742130094e-26
169.79467524729728,-7.539685280996855e-26
169.849624980387,-4.639933945840482e-26
169.90457471347673,-1.9439143372150036e-26
169.9595244465665,-2.505403865927092e-27
170.01447417965622,-2.539977076800511e-27
170.06942391274598,-2.5694011308159265e-26
170.1243736458357,-7.29757847520575e-26
170.17932337892546,-1.1678248332986084e-25
170.2342731120152,-7.621682497733761e-26
170.28922284510492,7.229674723256884e-26
170.34417257819467,9.03567509764925e-26
170.3991223112844,-9.413859669420133e-26
170.45407204437416,-4.7345697377490527e-26
170.5090217774639,1.1147872759698276e-25
170.56397151055364,7.296350789137694e-26
170.61892124364337,4.4695844780609064e-27
170.6738709767331,2.512936676806275e-26
170.72882070982286,1.1330883800132323e-25
170.78377044291258,-6.416881764210981e-27
170.83872017600234,-6.323445806345811e-26
170.89366990909207,9.818207766733522e-26
170.94861964218182,-1.16275840402714e-25
171.00356937527155,-2.9916096450976904e-26
171.05851910836128,-1.557643422935323e-26
171.11346884145104,-1.1772763056818932e-25
171.16841857454077,1.0582684209371633e-25
171.22336830763052,-1.147937247353204e-25
171.27831804072025,1.1229287882764893e-25
171.33326777380998,1.6781029771522522e-26
171.38821750689974,5.149989158328948e-26
171.44316723998946,3.200121113557415e-26
171.49811697307922,4.020148149961771e-26
171.55306670616895,-9.365003801526426e-26
171.6080164392587,-1.4944129298882846e-26
171.66296617234843,-7.661321044092376e-26
171.71791590543816,7.99411205663365e-26
171.77286563852792,-1.0580364139637897e-25
171.82781537161765,8.399168828916084e-26
171.8827651047074,2.1266647424207147e-26
171.93771483779713,2.2967837719551512e-26
171.9926645708869,1.1545778889407353e-25
172.04761430397662,-9.157648089024274e-26
172.10256403706634,-2.813987715839743e-26
172.1575137701561,4.410081840886438e-26
172.21246350324583,-7.411430443808189e-26
172.26741323633559,3.173074635246995e-26
172.3223629694253,1.0249957844089575e-25
172.37731270251507,-5.0408925869619065e-26
172.4322624356048,-1.166275327406257e-25
172.48721216869453,-1.8197045705717032e-26
172.54216190178428,8.056385144267657e-26
172.597111634874,3.915281133237809e-26
172.65206136796377,3.898952990504726e-29
172.7070111010535,1.6478896370748393e-26
172.76196083414325,2.89784068581708e-26
172.81691056723298,-8.33322761201287e-28
172.8718603003227,-2.0314327347000459e-26
172.92681003341247,-9.138642229791437e-29
172.9817597665022,8.963962597506512e-28
173.03670949959195,-7.065400105299042e-26
173.09165923268168,-9.904916933134844e-26
173.1466089657714,-3.261353927574563e-26
173.20155869886116,6.957399479651611e-26
173.2565084319509,7.815724195609414e-26
173.31145816504065,1.1575818252812243e-25
173.36640789813038,9.381786129131872e-26
173.42135763122013,-1.6976884995788185e-28
173.47630736430986,1.1165643323634115e-25
173.5312570973996,1.0264594916473518e-25
173.58620683048935,1.1456690683347035e-25
173.64115656357907,6.220329369507717e-26
173.69610629666883,-1.0773330727798639e-26
173.75105602975856,4.222314778855449e-26
173.80600576284832,2.691313333640289e-26
173.86095549593804,-3.23745453509837e-26
173.91590522902777,-1.1090047423531086e-25
173.97085496211753,-1.1426436304409989e-25
174.02580469520726,5.064714717295535e-26
174.080754428297,7.534566987898148e-26
174.13570416138674,8.822593844831569e-26
174.1906538944765,-2.703492934834318e-26
174.24560362756623,-1.0890068830551888e-25
174.30055336065595,6.993656579702679e-27
174.3555030937457,6.576239647426395e-26
174.41045282683544,-1.8739770608274017e-27
174.4654025599252,-4.518250186335002e-26
174.52035229301492,1.970742732764764e-27
174.57530202610468,6.78392894691471e-26
174.6302517591944,-7.547733996256564e-27
174.68520149228414,-1.1014818676465737e-25
174.7401512253739,2.8732021193388095e-26
174.79510095846362,8.278864260506251e-26
174.85005069155338,-7.820439144197007e-26
174.9050004246431,5.804865533022965e-26
174.95995015773283,1.1199681864927876e-25
175.0148998908226,-1.0751925687529814e-25
175.06984962391232,4.4538681255404974e-26
175.12479935700208,2.2563561161167087e-26
175.1797490900918,-2.515089521530653e-26
175.23469882318156,-1.4098017220117527e-26
175.2896485562713,-4.5383550650916523e-26
175.34459828936102,1.1418848066946905e-25
175.39954802245077,-9.488098412740455e-26
175.4544977555405,1.1387729675132675e-25
175.50944748863026,1.167144042664393e-27
175.56439722172,7.565288481327933e-26
175.61934695480974,-1.1324575725956477e-25
175.67429668789947,6.646396779942498e-26
175.7292464209892,-4.163763277160487e-26
175.78419615407896,-4.1663498075085233e-26
175.83914588716868,1.0751740576524778e-25
175.89409562025844,-9.165104641980486e-26
175.94904535334817,-3.566797095297838e-27
176.00399508643793,3.1333637029695876e-26
176.05894481952765,-1.3382344677942577e-26
176.11389455261738,-2.433555666546496e-29
176.16884428570714,7.515909394407326e-27
176.22379401879687,-2.0730777921023547e-26
176.27874375188662,-1.843394529032115e-27
176.33369348497635,7.017964422220636e-26
176.38864321806608,-1.0335984008045645e-25
176.44359295115584,-2.958510552647822e-26
176.49854268424556,1.0836434722081329e-25
176.55349241733532,-1.3858641334534431e-28
176.60844215042505,-1.1017858626274943e-25
176.6633918835148,1.742572666211373e-26
176.71834161660453,2.818913045093606e-26
176.77329134969426,8.399192416919572e-26
176.82824108278402,4.413026057815943e-26
176.88319081587375,-6.848646606156507e-26
176.9381405489635,-1.0623511209541021e-25
176.99309028205323,-3.0255035238168726e-26
177.048040015143,-3.738922120447379e-26
177.10298974823272,5.862590223968697e-26
177.15793948132244,6.276257067369945e-26
177.2128892144122,1.08622907695031e-25
177.26783894750193,9.555199478468449e-26
177.32278868059169,-3.883858003476704e-27
177.3777384136814,1.1041883858894611e-25
177.43268814677117,9.335654211857352e-26
177.4876378798609,3.136137044596867e-26
177.54258761295063,7.495045605030644e-26
177.59753734604038,-4.0720459004672914e-27
177.6524870791301,1.1095007228754912e-25
177.70743681221987,1.0135304826705211e-25
177.7623865453096,1.0940668934314583e-25
177.81733627839935,1.0001032189627591e-25
177.87228601148908,-3.5489539248170475e-26
177.9272357445788,1.0036460724769463e-26
177.98218547766857,-1.064306114993151e-25
178.0371352107583,-3.145214314095043e-26
178.09208494384805,2.3119030363173978e-26
178.14703467693778,7.719736252348545e-26
178.2019844100275,1.0874691239013691e-25
178.25693414311726,-5.1001001854834986e-26
178.311883876207,1.5374190687252652e-28
178.36683360929675,-3.7510059435174606e-26
178.42178334238648,1.0887728174056535e-25
178.47673307547623,-3.6391444181062424e-26
178.53168280856596,-1.0945430671448795e-25
178.5866325416557,1.0413305213712313e-27
178.64158227474545,1.1119644282477165e-25
178.69653200783517,-5.9907346908757875e-27
178.75148174092493,-1.0029469523979523e-25
178.80643147401466,1.01019268207877e-25
178.86138120710442,-5.628164975475869e-26
178.91633094019414,1.89278612053514e-26
178.97128067328387,-1.7677163944452537e-27
179.02623040637363,1.924278411498251e-27
179.08118013946336,-1.4209855007955365e-26
179.1361298725531,3.3433065320840784e-26
179.19107960564284,-5.447813408371562e-26
179.2460293387326,7.311948259929652e-26
179.30097907182233,-8.699118491083788e-26
179.35592880491205,9.572129817215437e-26
179.4108785380018,-1.0016451579083793e-25
179.46582827109154,1.0133408335951256e-25
179.5207780041813,-9.960902604135883e-26
179.57572773727102,9.448437235803e-26
179.63067747036075,-8.491779663985065e-26
179.6856272034505,7.019165443462684e-26
179.74057693654024,-5.097295869018735e-26
179.79552666963,2.9959854353625407e-26
179.85047640271972,-1.1575951437136776e-26
179.90542613580948,9.431702876865921e-28
179.9603758688992,-3.1950635970195296e-27
180.01532560198893,2.3387020683931157e-26
180.0702753350787,-6.316541427581064e-26
180.12522506816842,1.0497015905014718e-25
180.18017480125818,-8.979772290033144e-26
180.2351245343479,-2.915426698191065e-26
180.29007426743766,1.0840015230887177e-25
180.3450240005274,3.117510664111379e-26
180.39997373361712,-9.779305534703374e-26
180.45492346670687,-6.104228764427618e-26
180.5098731997966,1.0036438389391407e-25
180.56482293288636,-2.5970931707241444e-26
180.6197726659761,2.1509498132165745e-27
180.67472239906584,-6.470325026710697e-26
180.72967213215557,9.500686960447779e-26
180.7846218652453,1.0027945036472146e-25
180.83957159833506,6.561431354191001e-26
180.89452133142478,1.2001624172630928e-26
180.94947106451454,-9.145262194808849e-26
181.00442079760427,2.897769788559361e-27
181.05937053069403,-5.253569906371201e-26
181.11432026378375,7.076259348404349e-26
181.16926999687348,7.97872159956957e-26
181.22421972996324,6.256827824177173e-26
181.27916946305297,9.614930934861208e-26
181.33411919614272,-6.284900340243097e-29
181.38906892923245,9.423846220217661e-26
181.44401866232218,8.225004113900113e-26
181.49896839541194,1.0912791590880373e-25
181.55391812850166,1.0605924306132132e-25
181.60886786159142,-2.9028585369450983e-30
181.66381759468115,1.078743949569521e-25
181.7187673277709,9.944461517913528e-26
181.77371706086063,-6.221910019939696e-27
181.82866679395036,3.045675309109917e-26
181.88361652704012,-6.400255791812419e-26
181.93856626012985,-9.081142511584092e-26
181.9935159932196,-5.0503269963534474e-26
182.04846572630933,-3.6082813753993757e-26
182.1034154593991,7.372116359929666e-26
182.15836519248882,1.0835520203730193e-25
182.21331492557854,-5.101825678634053e-26
182.2682646586683,2.2602207382698456e-27
182.32321439175803,-1.0094792026488205e-25
182.37816412484779,8.60401358186674e-26
182.4331138579375,7.529979749546714e-26
182.48806359102727,-6.179731436926869e-26
182.543013324117,-9.408432779263043e-26
182.59796305720673,1.0682776688601953e-25
182.65291279029648,-1.817413552672248e-26
182.7078625233862,-9.755585641244634e-26
182.76281225647597,8.568123113447783e-26
182.8177619895657,-1.0578003406155387e-26
182.87271172265542,-9.641599856692972e-26
182.92766145574518,9.821577802124798e-26
182.9826111888349,-2.5594670258658374e-26
183.03756092192467,-9.710973545889554e-26
183.0925106550144,9.895553089613576e-26
183.14746038810415,-8.240556606066692e-26
183.20241012119388,7.766022341056275e-26
183.2573598542836,2.2322555516886598e-26
183.31230958737336,-5.621860942449654e-26
183.3672593204631,-3.7825937245023304e-26
183.42220905355285,2.1900235641716832e-26
183.47715878664258,4.058767809446074e-26
183.53210851973233,-4.259283046026669e-26
183.58705825282206,6.385965223586024e-26
183.6420079859118,7.01483391203981e-26
183.69695771900155,-5.381603295442714e-26
183.75190745209127,9.698355058980737e-26
183.80685718518103,3.8484700200318796e-28
183.86180691827076,1.0635821512102123e-25
183.91675665136052,-5.337755118474613e-26
183.97170638445024,2.762891855310553e-26
184.02665611753997,1.0718054946616655e-25
184.08160585062973,-1.0715672441969786e-25
184.13655558371946,-5.0100480849241466e-26
184.1915053168092,7.961240890289005e-26
184.24645504989894,-4.441173877433217e-26
184.3014047829887,-4.817494373845882e-26
184.35635451607843,9.0388146050269e-26
184.41130424916815,3.4047310930246976e-26
184.4662539822579,-9.92211501439685e-26
184.52120371534764,-3.4761281768785425e-26
184.5761534484374,8.769488678526473e-26
184.63110318152712,5.056276281734388e-26
184.68605291461685,-3.610421072681937e-26
184.7410026477066,-8.331399408787386e-26
184.79595238079634,-6.005715554394645e-26
184.8509021138861,1.057757499762615e-25
184.90585184697582,1.0545166498775144e-25
184.96080158006558,-9.015602853722628e-27
185.0157513131553,-4.4655266953913337e-26
185.07070104624503,-9.870682479479647e-26
185.1256507793348,3.430282599685651e-29
185.18060051242452,-1.0508877014641907e-25
185.23555024551428,-6.521685341035454e-26
185.290499978604,-8.806471696603803e-26
185.34544971169376,3.4955008306987313e-26
185.4003994447835,2.9340591342654143e-26
185.45534917787322,-2.8605073193515207e-27
185.51029891096297,-3.436968490498303e-26
185.5652486440527,-7.077158128271143e-26
185.62019837714246,1.557765566705785e-26
185.6751481102322,1.0484160961723102e-26
185.73009784332194,-1.0270169904048081e-25
185.78504757641167,-9.744054161274812e-26
185.8399973095014,-7.941988348090172e-26
185.89494704259116,-5.307796796055015e-26
185.94989677568088,4.484325129188022e-26
186.00484650877064,1.0566043480503692e-25
186.05979624186037,1.0408615647657629e-25
186.11474597495013,-2.676420098197598e-26
186.16969570803985,-1.0452040519147396e-25
186.22464544112958,-1.0193957835029932e-25
186.27959517421934,3.983576609474622e-26
186.33454490730907,9.951509863448781e-26
186.38949464039882,2.624184414779905e-26
186.44444437348855,-8.917274778025866e-26
186.49939410657828,-4.2137963090229537e-26
186.55434383966804,1.0320677116871806e-25
186.60929357275776,5.077146653255119e-26
186.66424330584752,1.3930333533794155e-27
186.71919303893725,9.852817254078187e-26
186.774142772027,5.419579069827938e-26
186.82909250511673,-1.0059197819864417e-25
186.88404223820646,-9.33925515759196e-27
186.93899197129622,-4.227340111384689e-26
186.99394170438595,-9.513727004339499e-26
187.0488914374757,9.698385116893854e-26
187.10384117056543,5.205103008685918e-27
187.1587909036552,8.645978118987062e-26
187.21374063674492,5.6075995000091825e-28
187.26869036983464,-8.175183903897653e-26
187.3236401029244,-1.2205854067334596e-26
187.37858983601413,-6.572946725959042e-26
187.43353956910389,3.812046513884378e-26
187.4884893021936,-9.186704558510722e-26
187.54343903528337,1.0033896303374099e-25
187.5983887683731,1.2415135627418084e-26
187.65333850146283,4.549130365391736e-26
187.70828823455258,5.581598776547171e-26
187.7632379676423,-5.539337349555947e-26
187.81818770073207,4.935149277685785e-26
187.8731374338218,-9.719738551903309e-26
187.92808716691152,-6.288404669504208e-27
187.98303690000128,-3.540552432632078e-26
188.037986633091,-9.989687191528143e-26
188.09293636618077,8.892521433124682e-26
188.1478860992705,-4.8381136572867314e-26
188.20283583236025,-2.4433740014221925e-26
188.25778556544998,1.0365037828022504e-25
188.3127352985397,3.558084535789133e-26
188.36768503162946,8.98300320694349e-29
188.4226347647192,3.881328829682587e-26
188.47758449780895,1.0129667558927068e-25
188.53253423089868,4.2344113007543796e-26
188.58748396398843,-9.525786824054023e-26
188.64243369707816,-3.496457045084926e-26
188.6973834301679,9.68437860646943e-26
188.75233316325765,5.466369972858017e-26
188.80728289634737,-5.837689548198668e-26
188.86223262943713,-1.0332025895783229e-25
188.91718236252686,-8.430200340188618e-26
188.97213209561662,-4.8341741046567065e-26
189.02708182870634,-2.031298044074596e-26
189.08203156179607,-5.0116115511046055e-27
189.13698129488583,-6.727332555309091e-29
189.19193102797556,-1.9870462259946294e-27
189.2468807610653,-7.638934480198861e-27
189.30183049415504,-1.4446730568928553e-26
189.3567802272448,-2.0451452933875083e-26
189.41172996033453,-2.4348245469299678e-26
189.46667969342425,-2.5440323700053723e-26
189.521629426514,-2.3552643047595388e-26
189.57657915960374,-1.8997677294737023e-26
189.6315288926935,-1.2628482460044531e-26
189.68647862578322,-5.92104406748371e-27
189.74142835887295,-9.953963998361689e-28
189.7963780919627,-5.622803724415487e-28
189.85132782505244,-7.856584747764334e-27
189.9062775581422,-2.6287927717894003e-26
189.96122729123192,-5.717683538127604e-26
190.01617702432168,-9.19031653516437e-26
190.0711267574114,-9.870079340936355e-26
190.12607649050113,-3.2023372186455536e-26
190.1810262235909,8.025926007249103e-26
190.23597595668062,7.433155018514821e-26
190.29092568977038,-7.1419244994368e-26
190.3458754228601,-6.868253104341715e-26
190.40082515594986,7.413976602706568e-26
190.4557748890396,8.868594627468406e-26
190.51072462212932,2.216227355767308e-26
190.56567435521907,1.782070506099214e-27
190.6206240883088,5.548134018918415e-26
190.67557382139856,9.580709345298932e-26
190.7305235544883,-7.573897535688307e-26
190.78547328757804,2.0548808394586065e-26
190.84042302066777,3.6496851692710953e-26
190.8953727537575,-9.974012638486029e-26
190.95032248684726,-1.4134246099071367e-26
191.00527221993698,-2.2382496499558323e-26
191.06022195302674,-1.0054065418690198e-25
191.11517168611647,9.793590931352515e-26
191.1701214192062,-1.0083790051889413e-25
191.22507115229595,9.692092353504717e-26
191.28002088538568,1.6862434643730233e-26
191.33497061847544,3.777705133708937e-26
191.38992035156517,5.0843446896438675e-26
191.44487008465492,-4.894940545600622e-27
191.49981981774465,-5.1661279832473797e-26
191.55476955083438,-2.7424363633980755e-26
191.60971928392414,-4.2024380073808984e-26
191.66466901701386,4.389703530873818e-27
191.71961875010362,-9.299181639519144e-26
191.77456848319335,9.870989378805822e-26
191.8295182162831,1.5605866997377574e-27
191.88446794937283,9.153650051597379e-26
191.93941768246256,1.473115407427843e-26
191.99436741555232,-9.992951714578096e-26
192.04931714864205,-6.581710289147196e-28
192.1042668817318,-8.04119355763e-26
192.15921661482153,-7.639217463331439e-26
192.2141663479113,8.591629404042782e-26
192.26911608100102,2.7470807172764776e-26
192.32406581409074,-7.233694711237266e-26
192.3790155471805,-1.7131685190388778e-27
192.43396528027023,-4.407930883369597e-27
192.48891501335999,-9.076534763378007e-26
192.5438647464497,-9.810613574900834e-26
192.59881447953947,4.321444681914561e-26
192.6537642126292,9.226846010343684e-26
192.70871394571893,3.627531444501587e-26
192.76366367880868,-6.611943449226706e-26
192.8186134118984,-8.321418569946227e-26
192.87356314498817,-3.5699224184528635e-26
192.9285128780779,5.473436232155592e-26
192.98346261116762,9.794003775694734e-26
193.03841234425738,9.735832118859338e-26
193.0933620773471,-1.58641737976763e-26
193.14831181043687,-5.98036321421199e-26
193.2032615435266,-7.636416895302412e-28
193.25821127661635,5.849224736723093e-27
193.31316100970608,-9.940981671196824e-26
193.3681107427958,-8.632557276616297e-26
193.42306047588556,-9.63271713968903e-26
193.4780102089753,-8.755408118978721e-26
193.53295994206505,4.390635346499987e-28
193.58790967515478,-9.988477938469314e-26
193.64285940824453,-7.161194882704593e-26
193.69780914133426,-9.219018389557195e-26
193.752758874424,3.1227266385685e-26
193.80770860751375,4.1181814676944184e-26
193.86265834060347,8.842508905839414e-26
193.91760807369323,-6.130026935069526e-30
193.97255780678296,8.582419013762589e-26
194.02750753987272,2.936721973308624e-26
194.08245727296244,-4.6455373495061474e-26
194.13740700605217,-7.88591825491145e-26
194.19235673914193,-5.638484149633331e-26
194.24730647223166,9.944488652213918e-26
194.3022562053214,9.398106815417778e-26
194.35720593841114,-9.210444232061897e-26
194.4121556715009,-9.924346799270918e-26
194.46710540459063,8.618480267622454e-26
194.52205513768035,9.90084394688456e-26
194.5770048707701,-9.369394988080514e-26
194.63195460385984,-9.108221433609303e-26
194.6869043369496,9.839579586976764e-26
194.74185407003932,4.4302483006147646e-26
194.79680380312905,-7.178337977447527e-26
194.8517535362188,6.414743470691549e-26
194.90670326930854,2.1734325768191938e-26
194.9616530023983,-6.612552368211937e-26
195.01660273548802,-7.798543407947494e-28
195.07155246857778,-9.829225680068812e-26
195.1265022016675,5.47049856028777e-26
195.18145193475723,-6.220531594204043e-26
195.236401667847,-7.185014886438204e-26
195.29135140093672,5.301279728450448e-26
195.34630113402648,-8.232038159753507e-26
195.4012508671162,-5.233677801398466e-27
195.45620060020596,-4.678842832684709e-26
195.5111503332957,9.756719959779869e-26
195.56610006638542,-6.301250569510468e-26
195.62104979947517,6.623337067360672e-26
195.6759995325649,2.008153572938773e-26
195.73094926565466,-5.948506709036737e-26
195.7858989987444,4.7570548403172006e-27
195.84084873183414,2.4450983593721958e-27
195.89579846492387,8.073929859279172e-26
195.9507481980136,-9.054069272748422e-26
196.00569793110336,2.3625096548842405e-26
196.06064766419308,9.574499705400221e-26
196.11559739728284,-9.815312427690082e-26
196.17054713037257,2.957939060218354e-26
196.2254968634623,9.740347084979851e-26
196.28044659655205,-9.303368094757388e-26
196.33539632964178,1.1362695713324464e-26
196.39034606273154,6.016751250713746e-26
196.44529579582127,-1.355123769910719e-26
196.50024552891102,2.150641388568287e-27
196.55519526200075,-8.568210971906068e-26
196.61014499509048,8.531751857747852e-26
196.66509472818024,7.122099727009323e-26
196.72004446126996,-3.702305001565525e-26
196.77499419435972,-7.617699855233955e-26
196.82994392744945,-2.930380971131915e-26
196.8848936605392,-2.4541705327156228e-26
196.93984339362893,7.088103142581014e-26
196.99479312671866,9.673531502085555e-26
197.04974285980842,1.7267219868469722e-26
197.10469259289815,3.273487493239997e-26
197.1596423259879,-4.614846045910114e-26
197.21459205907763,-3.4385768250116756e-26
197.2695417921674,-9.694711442485441e-26
197.32449152525712,-9.370754764354698e-26
197.37944125834684,1.6242210034323592e-29
197.4343909914366,-9.335870335514563e-26
197.48934072452633,-9.444212337163682e-26
197.54429045761609,-8.980405131863838e-26
197.5992401907058,-9.413025713365538e-26
197.65418992379557,2.221811850872135e-27
197.7091396568853,-6.167690666036303e-26
197.76408938997503,1.7603911219718313e-26
197.81903912306478,2.0565916367995558e-26
197.8739888561545,2.71497027103864e-26
197.92893858924427,8.771608954092095e-26
197.983888322334,-5.786661065814434e-27
198.03883805542372,2.969410616072447e-26
198.09378778851348,-9.595805099758913e-26
198.1487375216032,-6.30041552555874e-26
198.20368725469297,-3.093791739050233e-27
198.2586369877827,6.591267193504758e-26
198.31358672087245,8.933535724948438e-26
198.36853645396218,-5.90176010901178e-26
198.4234861870519,4.961558326463999e-27
198.47843592014166,-1.0688647534388865e-26
198.5333856532314,6.441069480453905e-26
198.58833538632115,-9.455937217187932e-26
198.64328511941088,7.198431877446701e-27
198.69823485250063,9.387361902390072e-26
198.75318458559036,-3.559031109429592e-26
198.8081343186801,-7.851560881122565e-26
198.86308405176985,8.099129378606662e-26
198.91803378485957,1.1993469640828361e-27
198.97298351794933,-7.173685239978742e-26
199.02793325103906,9.585096584369152e-26
199.08288298412882,-8.762210500987113e-26
199.13783271721854,6.785112960660544e-26
199.19278245030827,-4.844868365869811e-26
199.24773218339803,3.3543057802329283e-26
199.30268191648776,-2.3481355148247635e-26
199.3576316495775,1.7387487588361088e-26
199.41258138266724,-1.430161390247412e-26
199.46753111575697,1.3598832750095213e-26
199.52248084884673,-1.5120970978532515e-26
199.57743058193645,1.9198370085478104e-26
199.6323803150262,-2.659564291194725e-26
199.68733004811594,3.8304594271600645e-26
199.7422797812057,-5.493013870679801e-26
199.79722951429542,7.512299621587703e-26
199.85217924738515,-9.240825393190972e-26
199.9071289804749,9.136390512242817e-26
199.96207871356464,-5.056502222374074e-26
200.0170284466544,-3.1694419454101306e-26
200.07197817974412,9.427149394099965e-26
200.12692791283388,-4.3895066070996105e-26
200.1818776459236,-7.431239581583751e-26
200.23682737901333,6.943209734093727e-26
200.2917771121031,5.1656252778997683e-26
200.34672684519282,-9.284827457936167e-26
200.40167657828258,4.1103503899441434e-26
200.4566263113723,-1.6351345579200557e-27
200.51157604446206,1.8254158682975184e-26
200.5665257775518,-8.277085045488886e-26
200.62147551064152,4.848781654500428e-26
200.67642524373127,9.496367392359786e-26
200.731374976821,7.330745834349818e-26
200.78632470991076,1.3392826277623026e-26
200.8412744430005,-8.361294522142219e-26
200.89622417609024,6.800478492197864e-27
200.95117390917997,-2.786504214990084e-26
201.0061236422697,9.109070141241083e-26
201.06107337535946,9.253509427676139e-26
201.11602310844918,9.326240607007122e-26
201.17097284153894,8.678193861274874e-26
201.22592257462867,-2.1269157121570278e-26
201.2808723077184,2.5322079656681495e-26
201.33582204080815,-7.27859484958238e-26
201.39077177389788,-5.32774514503592e-26
201.44572150698764,-1.5252049982991467e-27
201.50067124007737,-4.8358798754718525e-26
201.55562097316712,1.6066150019369448e-26
201.61057070625685,-6.464660259449159e-26
201.66552043934658,9.598521324759928e-27
201.72047017243634,7.906771404801305e-26
201.77541990552606,-5.17607714546424e-27
201.83036963861582,8.451595452722423e-26
201.88531937170555,9.122813941609797e-26
201.9402691047953,-1.813437798057835e-26
201.99521883788503,1.4495549384894055e-26
202.05016857097476,-8.109928295167054e-26
202.10511830406452,-8.030799968672071e-26
202.16006803715425,6.697639567534964e-26
202.215017770244,-3.8500188708323258e-28
202.26996750333373,8.174783250162791e-26
202.3249172364235,-7.920080801642721e-26
202.37986696951322,-6.535005980782536e-26
202.43481670260294,5.000900339513829e-26
202.4897664356927,8.893061575150223e-26
202.54471616878243,-8.707006873740423e-26
202.59966590187219,8.389289684271532e-27
202.6546156349619,5.756419884665716e-26
202.70956536805167,-4.033426314183801e-26
202.7645151011414,1.3329030341287663e-27
202.81946483423113,3.439865395669568e-26
202.87441456732088,-4.105953397935667e-26
202.9293643004106,4.286587577502489e-27
202.98431403350037,7.784674524644832e-26
203.0392637665901,-8.756798903091624e-26
203.09421349967982,3.101970545685758e-26
203.14916323276958,4.966255509637461e-26
203.2041129658593,-6.315248243196016e-26
203.25906269894907,9.257206533470762e-26
203.3140124320388,-8.406695327992623e-26
203.36896216512855,-1.6352254744664464e-28
203.42391189821828,-7.558520412430091e-26
203.478861631308,9.114779018320697e-26
203.53381136439776,-8.274716028138659e-26
203.5887610974875,8.576468649498694e-26
203.64371083057725,8.65436928330057e-28
203.69866056366698,8.661527787892548e-26
203.75361029675673,-4.8588422165589725e-26
203.80856002984646,5.089314907600549e-26
203.8635097629362,8.285562345950145e-26
203.91845949602595,-7.671048716796874e-26
203.97340922911567,5.77846309400363e-26
204.02835896220543,1.9522174524045602e-26
204.08330869529516,-6.924809910586815e-26
204.13825842838492,-1.9913618726293353e-28
204.19320816147464,-3.6835349212722964e-26
204.24815789456437,5.624864385427949e-27
204.30310762765413,8.699041326653175e-26
204.35805736074386,-1.5969860625053048e-26
204.4130070938336,-9.237478499365025e-26
204.46795682692334,1.9790509302384293e-26
204.52290656001307,9.2340181565315e-26
204.57785629310283,-1.4067545701245523e-26
204.63280602619255,-8.180639390035122e-26
204.6877557592823,3.520012141552983e-27
204.74270549237204,1.668492284210267e-26
204.7976552254618,-1.4028210478533663e-27
204.85260495855152,8.441347904110059e-26
204.90755469164125,2.8634994046248797e-26
204.962504424731,-2.7355819240434063e-26
205.01745415782074,-8.674997768724738e-26
205.0724038909105,-9.140412075972645e-26
205.12735362400022,1.1625028423901003e-26
205.18230335708998,3.0143507296330405e-26
205.2372530901797,4.9597006550422646e-26
205.29220282326943,-7.648240525028215e-27
205.3471525563592,4.3808334642278874e-26
205.40210228944892,9.175797489136845e-26
205.45705202253868,7.190437294390302e-26
205.5120017556284,8.976195133682898e-26
205.56695148871816,-4.224053344563152e-27
205.6219012218079,2.2383082992655457e-26
205.67685095489762,7.645496324282459e-26
205.73180068798737,2.9573654277651414e-26
205.7867504210771,-4.6208331787023126e-26
205.84170015416686,-6.578137200491511e-26
205.8966498872566,-8.361704999327121e-26
205.95159962034634,-7.529009249898146e-26
206.00654935343607,2.92934000298868e-26
206.0614990865258,9.065355368977097e-26
206.11644881961556,9.093401996196586e-26
206.17139855270528,-2.3966958148819468e-26
206.22634828579504,-9.114947074431251e-26
206.28129801888477,-7.871825430648024e-26
206.3362477519745,4.6422657540178715e-26
206.39119748506425,7.391865501983008e-26
206.44614721815398,-3.378933280738501e-26
206.50109695124374,-9.041591484472102e-26
206.55604668433347,-1.4387999664279446e-26
206.61099641742322,3.9385098691673066e-26
206.66594615051295,-3.9837527720833564e-26
206.72089588360268,1.91704831272508e-26
206.77584561669244,7.931358002843796e-26
206.83079534978216,-7.24911286923516e-26
206.88574508287192,-6.203230486333636e-26
206.94069481596165,-3.053678476094576e-27
206.9956445490514,-8.92153292129795e-26
207.05059428214113,6.536942521691389e-26
207.10554401523086,4.356876444624821e-26
207.16049374832062,1.3980131918090624e-26
207.21544348141035,6.100444861405391e-26
207.2703932145001,-6.354584863283959e-26
207.32534294758983,8.789083366011592e-26
207.3802926806796,-8.296976206666404e-26
207.43524241376932,-1.8670732514830986e-28
207.49019214685904,-8.678568036319247e-26
207.5451418799488,8.496460649406468e-26
207.60009161303853,-8.892668463948254e-26
207.6550413461283,9.021810727514007e-26
207.709991079218,7.040504498422334e-27
207.76494081230774,3.9461179624113126e-26
207.8198905453975,6.09069572023835e-26
207.87484027848723,-7.617519372358936e-26
207.92979001157698,8.120646389832914e-26
207.9847397446667,-8.79811300278968e-26
208.03968947775647,-2.8141232827478604e-26
208.0946392108462,-3.845995560103097e-27
208.14958894393592,-6.932985323122755e-26
208.20453867702568,-4.907782413904761e-26
208.2594884101154,8.984613691613789e-26
208.31443814320517,-6.062128210114196e-26
208.3693878762949,-2.712928061703335e-26
208.42433760938465,8.793370981390491e-26
208.47928734247438,5.34801913147057e-26
208.5342370755641,6.894416481455954e-27
208.58918680865386,4.334972742288322e-27
208.6441365417436,4.0297848928469186e-26
208.69908627483335,8.416027653829769e-26
208.75403600792308,7.248578881866911e-26
208.80898574101283,-1.3500869643395296e-26
208.86393547410256,-8.560936469389134e-26
208.9188852071923,-6.282310795052215e-26
208.97383494028205,1.9878541490457362e-26
209.02878467337177,8.024005624218042e-26
209.08373440646153,8.510254346365902e-26
209.13868413955126,5.229377682644623e-26
209.19363387264102,1.010305727218392e-26
209.24858360573074,-2.4944888994859497e-26
209.30353333882047,-4.847800400437527e-26
209.35848307191023,-6.205222051576273e-26
209.41343280499996,-6.847224478507266e-26
209.4683825380897,-6.968274084914671e-26
209.52333227117944,-6.611648449402835e-26
209.57828200426917,-5.660913373522639e-26
209.63323173735893,-3.8689256175846255e-26
209.68818147044865,-9.770043023332482e-27
209.7431312035384,2.9641067468420455e-26
209.79808093662814,7.014515654930945e-26
209.8530306697179,8.877602996208325e-26
209.90798040280762,5.789511536681685e-26
209.96293013589735,-2.0747351129861732e-26
210.0178798689871,-8.507890515532512e-26
210.07282960207684,-6.02493472085003e-26
210.1277793351666,3.2323550825230567e-26
210.18272906825632,8.767407357128399e-26
210.23767880134608,6.541293560299565e-26
210.2926285344358,1.9356974749246228e-26
210.34757826752553,1.0211323378631959e-29
210.4025280006153,2.372472831104733e-26
210.45747773370502,7.889678482551914e-26
210.51242746679478,5.287203726355839e-26
210.5673771998845,-8.395008872455291e-26
210.62232693297426,2.873463269354074e-26
210.677276666064,4.490090734133734e-26
210.73222639915372,-8.76739140859072e-26
210.78717613224347,-3.1115422242968027e-26
210.8421258653332,-2.083505610361954e-27
210.89707559842296,-6.712860129575761e-26
210.9520253315127,-2.5327496173449677e-26
211.00697506460244,5.1327312208188724e-26
211.06192479769217,-5.754051358056909e-26
211.1168745307819,8.528489244409483e-26
211.17182426387166,4.63887862328798e-27
211.22677399696138,4.5346349968711724e-26
211.28172373005114,2.930861580180821e-26
211.33667346314087,-2.6393457568212195e-27
211.3916231962306,-3.258950451193586e-26
211.44657292932035,-3.420151385775626e-26
211.50152266241008,-2.0603763226529479e-26
211.55647239549984,-5.1652511026997473e-26
211.61142212858957,-1.3770420647411992e-26
211.66637186167932,7.179910558874697e-26
211.72132159476905,6.700870441847405e-27
211.77627132785878,7.247401758804929e-26
211.83122106094854,-8.715700766285707e-26
211.88617079403826,1.7667095517610455e-26
211.94112052712802,-2.6092607798877447e-26
211.99607026021775,-5.661545573807918e-26
212.0510199933075,8.566005319647164e-26
212.10596972639723,6.972153853739194e-27
212.16091945948696,9.95555682239316e-27
212.21586919257672,8.519118561956176e-26
212.27081892566645,-1.4723724381301382e-26
212.3257686587562,-8.700153169327702e-26
212.38071839184593,-1.155953027606938e-26
212.4356681249357,4.048491278134761e-26
212.49061785802542,-7.331750248619824e-27
212.54556759111514,2.7477297067449625e-27
212.6005173242049,6.62596261746928e-26
212.65546705729463,8.265331703938718e-26
212.7104167903844,-1.7043328556773815e-26
212.7653665234741,-8.43362238886256e-26
212.82031625656384,-8.688576974603483e-26
212.8752659896536,1.6432631081265675e-26
212.93021572274333,7.613429897490232e-26
212.98516545583308,6.756848665685742e-26
213.0401151889228,-2.05479540383167e-27
213.09506492201257,4.639718787928222e-28
213.1500146551023,4.595240177851925e-26
213.20496438819202,1.4086277246444661e-26
213.25991412128178,-7.164786420206692e-26
213.3148638543715,-6.436214608984015e-26
213.36981358746127,-8.617996650428069e-26
213.424763320551,-6.712518635271274e-26
213.47971305364075,7.348515292742654e-28
213.53466278673048,-8.640314934153072e-26
213.5896125198202,-6.491308544845915e-26
213.64456225290996,-8.366367340906173e-26
213.6995119859997,5.71874013475425e-27
213.75446171908945,2.5039891812646402e-26
213.80941145217918,4.8862124420192995e-26
213.86436118526893,-2.606981874156502e-27
213.91931091835866,8.54585781851768e-26
213.9742606514484,4.750241701750328e-26
214.02921038453815,2.415947486022281e-26
214.08416011762787,-8.581440551847133e-26
214.13910985071763,-8.494252737620813e-26
214.19405958380736,5.960961113692604e-26
214.24900931689712,7.626794512490709e-26
214.30395904998684,-8.503019169287783e-27
214.35890878307657,-6.03954269429195e-26
214.41385851616633,-1.9569688329574932e-26
214.46880824925606,5.556676974715112e-26
214.5237579823458,1.5335418320884168e-26
214.57870771543554,-6.360280387747957e-26
214.63365744852527,2.0704266046978023e-26
214.68860718161503,8.056172842274701e-26
214.74355691470475,-7.135191441283845e-26
214.7985066477945,-7.872688153721138e-26
214.85345638088424,8.094119154816852e-26
214.908406113974,-8.986425589684004e-27
214.96335584706372,-3.235220290548465e-26
215.01830558015345,7.819417595217597e-26
215.0732553132432,4.300112755038249e-31
215.12820504633294,8.177311000558937e-26
215.1831547794227,-4.5257576790196843e-26
215.23810451251242,5.646238807853738e-26
215.29305424560218,5.361640855354e-26
215.3480039786919,-3.7248205413120095e-26
215.40295371178163,4.6577805007122525e-26
215.4579034448714,1.2252287704731876e-26
215.51285317796112,-6.910979072997878e-27
215.56780291105088,-6.472989671336173e-26
215.6227526441406,2.8741547800614596e-26
215.67770237723036,2.2831755543829872e-26
215.7326521103201,-4.7239894124672807e-26
215.78760184340982,8.507375717883474e-26
215.84255157649957,-8.204081972382265e-26
215.8975013095893,-5.839954198815227e-27
215.95245104267906,3.7617473155732276e-26
216.0074007757688,-1.9602759239285168e-26
216.06235050885851,-6.249392136465829e-29
216.11730024194827,2.5746115323090654e-27
216.172249975038,-6.078574878186852e-27
216.22719970812776,-3.83455228932397e-28
216.28214944121748,3.494399522765922e-26
216.33709917430724,-5.997298343103227e-26
216.39204890739697,-1.2319860710252155e-26
216.4469986404867,8.450935157670567e-26
216.50194837357645,-5.0785077911359e-26
216.55689810666618,-6.754578229981816e-26
216.61184783975594,3.180000501893131e-26
216.66679757284567,7.452683635156164e-26
216.72174730593542,-4.111603600255109e-27
216.77669703902515,9.381967620171004e-27
216.83164677211488,-8.034295606492523e-26
216.88659650520464,-5.43771018692025e-26
216.94154623829436,6.280774507489559e-26
216.99649597138412,-2.8554084145457255e-27
217.05144570447385,8.16098156943043e-26
217.1063954375636,7.236773372483986e-26
217.16134517065333,-1.8021923852515547e-26
217.21629490374306,2.2647408555937762e-26
217.27124463683282,-3.9839105193581497e-26
217.32619436992255,-1.3181898371960865e-26
217.3811441030123,-7.214783718252097e-26
217.43609383610203,-8.28080519458342e-26
217.4910435691918,5.026247286856674e-27
217.54599330228152,-5.28720210160428e-26
217.60094303537124,-6.132111971143764e-27
217.655892768461,-3.2458667749191756e-26
217.71084250155073,-4.068173488268091e-26
217.7657922346405,4.2165722105271884e-26
217.8207419677302,-3.1380414471857088e-27
217.87569170081994,7.635350042948423e-26
217.9306414339097,2.4412819357867523e-26
217.98559116699943,-9.787093933449222e-29
218.04054090008918,-3.220547449766764e-26
218.0954906331789,-8.257420843007521e-26
218.15044036626867,1.819436174036286e-26
218.2053900993584,-4.832642027491368e-27
218.26033983244812,6.157033559539617e-26
218.31528956553788,-6.189466454866953e-26
218.3702392986276,-7.318557205493836e-26
218.42518903171737,2.3495533973200262e-27
218.4801387648071,7.848462028661236e-26
218.53508849789685,3.5767880928277796e-26
218.59003823098658,-8.231045496845815e-26
218.6449879640763,4.3460102756940166e-26
218.69993769716606,-8.037614547130144e-27
218.7548874302558,7.209107320913671e-28
218.80983716334555,-1.7890308790267101e-26
218.86478689643528,4.99936342050064e-26
218.91973662952503,-7.804850588386606e-26
218.97468636261476,7.939742139325204e-26
219.0296360957045,-4.648342104710494e-26
219.08458582879425,-5.2113632168820805e-27
219.13953556188397,5.1353032168836957e-26
219.19448529497373,-7.722892962322756e-26
219.24943502806346,8.27857017741984e-26
219.3043847611532,-7.621804747567748e-26
219.35933449424294,6.640796094249677e-26
219.41428422733267,-5.937665111937791e-26
219.46923396042243,5.801671963452368e-26
219.52418369351216,-6.27851093810795e-26
219.5791334266019,7.188716760428757e-26
219.63408315969164,-8.070401198200613e-26
219.68903289278137,8.140672515339305e-26
219.74398262587113,-6.484326387254193e-26
219.79893235896085,2.6566416111507827e-26
219.8538820920506,2.521388882768024e-26
219.90883182514034,-6.869903112049927e-26
219.9637815582301,8.225610560433891e-26
220.01873129131982,-6.330382461418445e-26
220.07368102440955,3.028416276564659e-26
220.1286307574993,-5.371417540432981e-27
220.18358049058904,1.5179037153484823e-27
220.2385302236788,-2.5007223059074833e-26
220.29347995676852,6.897965819373884e-26
220.34842968985828,-7.097732487981365e-26
220.403379422948,-3.760120364692589e-26
220.45832915603773,6.02427689579155e-26
220.5132788891275,7.679480660536994e-26
220.56822862221722,5.002429749583298e-27
220.62317835530698,-8.073202850640056e-26
220.6781280883967,2.286214740497812e-26
220.73307782148646,-2.209636907086362e-27
220.7880275545762,5.765008179593471e-26
220.84297728766592,-4.6840087604042276e-26
220.89792702075567,-7.676446460199744e-26
220.9528767538454,-8.156623437608618e-26
221.00782648693516,-7.416432667498961e-26
221.0627762200249,2.654256105833669e-26
221.11772595311461,-9.108894611858347e-27
221.17267568620437,8.18002494187973e-26
221.2276254192941,7.821835726011691e-26
221.28257515238386,8.152916751739391e-26
221.33752488547358,8.170629314279838e-26
221.39247461856334,-3.8297103965221686e-27
221.44742435165307,5.601493451073879e-26
221.5023740847428,3.663933001500522e-26
221.55732381783255,7.912730471271991e-26
221.61227355092228,8.075419934035109e-26
221.66722328401204,-6.396178291424588e-31
221.72217301710177,8.120129202058763e-26
221.77712275019152,6.468995722147348e-26
221.83207248328125,-2.910184954473313e-26
221.88702221637098,1.2560286948257114e-26
221.94197194946074,-6.516807633320351e-26
221.99692168255046,-8.049886213360028e-26
222.05187141564022,2.3507990719702747e-26
222.10682114872995,-7.115338435379719e-27
222.1617708818197,7.971814046127193e-26
222.21672061490943,1.8212270934662174e-26
222.27167034799916,-8.111627472792508e-26
222.32662008108892,6.855132239407172e-27
222.38156981417865,1.2646094777157221e-26
222.4365195472684,3.8958647178198394e-26
222.49146928035813,9.251343797561062e-27
222.5464190134479,-7.91965649360761e-26
222.60136874653762,7.343169340459642e-26
222.65631847962734,3.6984170296923194e-26
222.7112682127171,-7.490482589998086e-26
222.76621794580683,4.12871041106556e-26
222.8211676788966,4.4790265268441775e-26
222.8761174119863,-7.559447048614091e-26
222.93106714507604,6.345624164563229e-26
222.9860168781658,2.6087720424096494e-26
223.04096661125553,-7.694962280888938e-26
223.09591634434528,6.494282197759026e-26
223.150866077435,8.787870147384774e-28
223.20581581052477,2.8120761344597624e-26
223.2607655436145,-6.953531379665783e-26
223.31571527670422,3.200331300308375e-26
223.37066500979398,-7.121372643508465e-27
223.4256147428837,-2.4811236320623958e-26
223.48056447597347,4.3151111106589284e-26
223.5355142090632,4.7049406338387916e-26
223.59046394215295,-3.2057775001613747e-26
223.64541367524268,4.762363105535285e-26
223.7003634083324,5.2047566899526334e-27
223.75531314142216,6.088237028931803e-26
223.8102628745119,-6.896524941824188e-26
223.86521260760165,7.625161695341946e-26
223.92016234069138,3.903579783164395e-26
223.97511207378113,-4.8926896905822634e-26
224.03006180687086,7.363714070012591e-26
224.0850115399606,9.592887540624283e-27
224.13996127305035,-4.241645005065735e-26
224.19491100614007,-7.925490761941439e-32
224.24986073922983,-3.531906472722653e-26
224.30481047231956,4.099678317506564e-27
224.3597602054093,6.876221313010114e-26
224.41470993849904,-8.651335397947099e-27
224.46965967158877,-7.391764299790903e-26
224.52460940467853,7.673567395574785e-27
224.57955913776826,6.258074413100598e-26
224.634508870858,-2.2779865944810216e-27
224.68945860394774,-1.471202931570743e-26
224.74440833703747,7.184931570460978e-28
224.79935807012723,-6.542642072162443e-26
224.85430780321695,-1.818105791031098e-26
224.9092575363067,4.863248855309674e-26
224.96420726939644,6.497583503060639e-26
225.0191570024862,6.858880399571383e-26
225.07410673557592,-5.065114715550849e-26
225.12905646866565,-4.688535204127359e-26
225.1840062017554,-7.873876350946685e-26
225.23895593484514,1.5092350227872975e-29
225.2939056679349,-7.921313127781112e-26
225.34885540102462,-6.131713361256621e-26
225.40380513411438,-7.900905697566174e-26
225.4587548672041,-3.70579541850718e-26
225.51370460029383,3.0900706764231433e-27
225.5686543333836,-7.851237349111091e-26
225.62360406647332,-6.917488183010497e-26
225.67855379956308,-7.098423825407804e-26
225.7335035326528,-7.648183414287008e-26
225.78845326574256,9.973431146843971e-27
225.8434029988323,4.1797218630683396e-26
225.89835273192202,1.204288444780555e-26
225.95330246501177,-2.6594321017582273e-28
226.0082521981015,3.240057101115564e-26
226.06320193119126,4.049784074745584e-26
226.118151664281,3.051205357202532e-27
226.17310139737071,-4.280901946109644e-26
226.22805113046047,-3.1325483869696317e-26
226.2830008635502,-2.8437090719922216e-28
226.33795059663996,-1.1170923939123554e-26
226.39290032972968,-4.322672631866822e-26
226.44785006281944,9.70050303154533e-27
226.50279979590917,7.855927892216902e-26
226.5577495289989,3.9413140275978786e-26
226.61269926208865,-6.82106306105697e-26
226.66764899517838,-2.1323264352823878e-26
226.72259872826814,4.749795914818965e-26
226.77754846135787,-3.486532146269167e-26
226.83249819444762,2.1504215452552532e-26
226.88744792753735,5.726919310136844e-26
226.94239766062708,-7.840153155150087e-26
226.99734739371684,6.884089426134139e-28
227.05229712680656,-1.982950667667034e-26
227.10724685989632,-4.7418925823608254e-26
227.16219659298605,5.552872556956634e-26
227.2171463260758,-7.062389664692558e-26
227.27209605916553,6.266085162731334e-26
227.32704579225526,3.867801275864509e-27
227.38199552534502,7.545199320337803e-26
227.43694525843475,-6.151493984422663e-26
227.4918949915245,1.8726720276035142e-26
227.54684472461423,-5.160035601723783e-26
227.60179445770396,-2.7414222289920844e-27
227.65674419079372,-7.677501651016289e-26
227.71169392388344,6.816389760306566e-26
227.7666436569732,-7.408298890453904e-26
227.82159339006293,6.596859935015457e-26
227.8765431231527,2.829002929960447e-26
227.93149285624241,4.8240666606800474e-27
227.98644258933214,7.045552599235272e-26
228.0413923224219,-5.9657794150546895e-27
228.09634205551163,-3.5334005538713033e-26
228.15129178860138,6.682066531268296e-26
228.2062415216911,-6.940930268522793e-26
228.26119125478087,-4.4837172957268107e-26
228.3161409878706,-1.5938363238342018e-27
228.37109072096032,-1.717133788531413e-26
228.42604045405008,-6.882259717853847e-26
228.4809901871398,-5.0353237327490074e-26
228.53593992022957,6.128331663138049e-26
228.5908896533193,3.891158704735155e-26
228.64583938640905,-6.946903080794442e-26
228.70078911949878,-4.149337725590431e-26
228.7557388525885,4.742334622962386e-26
228.81068858567826,7.729066088471753e-26
228.865638318768,5.684894692232418e-26
228.92058805185775,2.766961259968246e-26
228.97553778494748,8.254923768945193e-27
229.03048751803723,4.681502276111623e-28
229.08543725112696,1.540695488022029e-27
229.1403869842167,8.356921901467253e-27
229.19533671730645,1.8072686202490868e-26
229.25028645039617,2.821908124569047e-26
229.30523618348593,3.6957688763199947e-26
229.36018591657566,4.3232172999680026e-26
229.4151356496654,4.663347373655934e-26
229.47008538275514,4.708765332102026e-26
229.52503511584487,4.4596709669656287e-26
229.57998484893463,3.9197298413333223e-26
229.63493458202436,3.116109815162113e-26
229.6898843151141,2.1312597473613792e-26
229.74483404820384,1.1240154833091334e-26
229.79978378129357,3.2288664604471154e-27
229.85473351438333,1.3286703101337587e-30
229.90968324747305,4.563162914952577e-27
229.9646329805628,1.9945648492969527e-26
230.01958271365254,4.664718097158327e-26
230.0745324467423,7.325793116268157e-26
230.12948217983202,6.435149918551947e-26
230.18443191292175,-1.100862276933785e-26
230.2393816460115,-7.6533376403158e-26
230.29433137910124,-1.016068737000604e-27
230.349281112191,7.602531755389754e-26
230.40423084528072,-1.5743216748095024e-26
230.45918057837048,-7.614208588590838e-26
230.5141303114602,-3.237494329468776e-26
230.56908004454993,-2.5801795451028366e-28
230.6240297776397,-2.4962875725138128e-26
230.67897951072942,-7.611053635973935e-26
230.73392924381918,2.131044340879293e-26
230.7888789769089,2.8370772944333484e-26
230.84382870999866,-5.876687480008342e-26
230.8987784430884,7.543658134502139e-26
230.95372817617812,2.0160252948129308e-26
231.00867790926787,8.3834614693034e-27
231.0636276423576,7.525457458886151e-26
231.11857737544736,-5.814497721659992e-26
231.1735271085371,6.467959926927096e-26
231.22847684162682,-6.249384490258936e-26
231.28342657471657,-1.9908576025280292e-26
231.3383763078063,-2.0072936262434537e-26
231.39332604089606,-5.404228178352143e-26
231.44827577398578,2.687560593143221e-26
231.50322550707554,2.196023259762291e-26
231.55817524016527,2.6546181621538504e-26
231.613124973255,2.5451852635135682e-26
231.66807470634475,1.1281184282192435e-26
231.72302443943448,6.218789492391787e-26
231.77797417252424,-7.522182067374223e-26
231.83292390561397,-4.85238644497391e-28
231.88787363870372,-7.122063157247596e-26
231.94282337179345,-2.635815760901825e-27
231.99777310488318,7.381307086002345e-26
232.05272283797294,2.9056363618479464e-28
232.10767257106266,6.158120974366541e-26
232.16262230415242,5.6040997081793e-26
232.21757203724215,-6.417767555026735e-26
232.2725217703319,-2.104006057519114e-26
232.32747150342163,5.627590276647826e-26
232.38242123651136,5.752025490707031e-27
232.43737096960112,2.5330032387176985e-27
232.49232070269085,6.482608453566715e-26
232.5472704357806,7.494752481694435e-26
232.60222016887033,-2.838359172386652e-26
232.65716990196006,-7.17795295275115e-26
232.71211963504982,-4.0725175605511626e-26
232.76706936813954,4.341886165906518e-26
232.8220191012293,6.738038742329617e-26
232.87696883431903,4.448632346709296e-26
232.9319185674088,-3.3292224644038255e-26
232.98686830049851,-7.504457799060921e-26
233.04181803358824,-7.477605552110293e-26
233.096767766678,6.602474497228707e-27
233.15171749976773,2.393401366039359e-26
233.20666723285748,-2.4855627456984356e-26
233.2616169659472,-9.802829916454651e-27
233.31656669903697,6.309665040642588e-26
233.3715164321267,5.332512573512745e-26
233.42646616521642,7.475877735636593e-26
233.48141589830618,4.1152949476394634e-26
233.5363656313959,-3.582778362380429e-27
233.59131536448567,6.163946359017792e-26
233.6462650975754,3.8191052736080666e-26
233.70121483066515,4.881397636108973e-26
233.75616456375488,-5.493389442905332e-26
233.8111142968446,-4.7673170595075067e-26
233.86606402993436,-7.341818038146445e-26
233.9210137630241,2.6731964063139944e-27
233.97596349611385,-2.3386665985720336e-26
234.03091322920358,-8.517967882801213e-27
234.08586296229333,6.935251225370733e-26
234.14081269538306,3.872039290775577e-26
234.1957624284728,-5.909535660556093e-27
234.25071216156255,-6.372438961927299e-26
234.30566189465227,-4.094305965806295e-26
234.36061162774203,7.272885683187031e-26
234.41556136083176,5.643031520363841e-26
234.4705110939215,-7.372023477452272e-26
234.52546082701124,-5.331604953737841e-26
234.58041056010097,7.079296016021084e-26
234.63536029319073,2.813170302297239e-26
234.69031002628046,-5.627511507328564e-26
234.7452597593702,3.0997020361721566e-26
234.80020949245994,2.6756489033041536e-26
234.85515922554967,-7.30781433406293e-26
234.91010895863943,-1.8958436043962985e-27
234.96505869172915,-2.8401670534707136e-26
235.0200084248189,1.2505819755752704e-26
235.07495815790864,4.0241860884703137e-26
235.1299078909984,-6.860178529865849e-26
235.18485762408812,7.38702429768823e-26
235.23980735717785,-1.6087695703646586e-26
235.2947570902676,-1.18473921654577e-26
235.34970682335734,-2.1432974560580595e-26
235.4046565564471,2.5689445251875067e-26
235.45960628953682,-4.425695242931543e-26
235.51455602262658,-2.857119160392736e-26
235.5695057557163,1.491548794697874e-26
235.62445548880603,4.499550375598805e-26
235.6794052218958,-4.836168637321007e-26
235.73435495498552,7.305565179349624e-26
235.78930468807528,-7.242222678440826e-26
235.844254421165,-5.030378581021808e-27
235.89920415425473,2.7049339718179463e-26
235.9541538873445,-4.427833511990055e-27
236.00910362043422,-2.276194247915816e-28
236.06405335352397,-2.2593913434555885e-26
236.1190030866137,2.4772034793047984e-26
236.17395281970346,-7.019443692623868e-28
236.2289025527932,-1.1454509809818806e-26
236.28385228588292,-6.108174926067282e-27
236.33880201897267,-1.3427010518829888e-27
236.3937517520624,5.260025439653373e-26
236.44870148515216,-7.263144175184068e-26
236.50365121824188,-2.9187918584011173e-26
236.55860095133164,5.899283995687385e-26
236.61355068442137,4.9103100335634246e-26
236.6685004175111,-6.836297869444871e-26
236.72345015060085,8.08964588793937e-28
236.77839988369058,-4.8584890138392986e-26
236.83334961678034,6.314965706087649e-26
236.88829934987007,6.375344858574028e-26
236.94324908295982,-9.651924876252316e-27
236.99819881604955,2.385173849786857e-26
237.05314854913928,-6.486269177120735e-26
237.10809828222904,-6.988046369738137e-26
237.16304801531876,1.3268233088500124e-27
237.21799774840852,-7.010726601936206e-26
237.27294748149825,-3.981218704404483e-26
237.327897214588,2.2697641481403297e-26
237.38284694767773,-2.4151128352454578e-26
237.43779668076746,2.1562431492881793e-26
237.49274641385722,-4.0569715497296597e-26
237.54769614694695,-1.3698184874634228e-26
237.6026458800367,1.3647022219982204e-26
237.65759561312643,-4.093904778382159e-26
237.71254534621616,2.9567518439547937e-27
237.76749507930592,-6.956485742456753e-26
237.82244481239564,-4.646013201006234e-26
237.8773945454854,-4.353721681222233e-26
237.93234427857513,-2.4447766689932793e-26
237.9872940116649,5.260685141795877e-26
238.04224374475461,-9.243854041749435e-28
238.09719347784434,2.9795272648940553e-26
238.1521432109341,-6.962836220399684e-26
238.20709294402383,-5.0686839227903925e-26
238.26204267711358,1.830682176544169e-27
238.3169924102033,5.769125547876002e-26
238.37194214329307,5.840294654140146e-26
238.4268918763828,-5.5248977106894e-26
238.48184160947253,1.0933427482544136e-26
238.53679134256228,-1.2684588022294703e-27
238.591741075652,2.7224235170193417e-26
238.64669080874177,-6.566378169738136e-26
238.7016405418315,5.938621063004035e-26
238.75659027492125,1.43910619176415e-26
238.81154000801098,-7.110515267414879e-26
238.8664897411007,3.699554261596177e-26
238.92143947419046,3.7877058892906727e-26
238.9763892072802,-7.179427475793016e-26
239.03133894036995,5.0399608824042494e-26
239.08628867345968,-5.93439247692557e-27
239.1412384065494,-3.3019783336943934e-26
239.19618813963916,5.692380425837445e-26
239.2511378727289,-6.797112900757753e-26
239.30608760581865,7.139908430498452e-26
239.36103733890837,-7.151932781076016e-26
239.41598707199813,7.09332262154312e-26
239.47093680508786,-7.082838657567566e-26
239.5258865381776,7.131284757995461e-26
239.58083627126734,-7.145437934002812e-26
239.63578600435707,6.900166172559872e-26
239.69073573744683,-6.003046667309898e-26
239.74568547053656,3.9354708795912314e-26
239.8006352036263,-3.581702143774781e-27
239.85558493671604,-4.1187518551482395e-26
239.91053466980577,7.055884197386563e-26
239.96548440289553,-5.005205093338753e-26
240.02043413598525,-2.062471068496177e-26
240.075383869075,7.086152076164179e-26
240.13033360216474,-3.194283157913829e-26
240.1852833352545,-4.718164802137085e-26
240.24023306834422,6.949602151262073e-26
240.29518280143395,-3.5587254412795274e-26
240.3501325345237,4.1712525854845894e-27
240.40508226761344,-5.3445647303391004e-27
240.4600320007032,4.3797940965747e-26
240.51498173379292,-6.809126399376972e-26
240.56993146688268,-3.282884772477954e-26
240.6248811999724,3.284790386785384e-26
240.67983093306214,6.792409128913848e-26
240.7347806661519,5.51227023073883e-26
240.78973039924162,-4.335503275985185e-26
240.84468013233138,2.2630257810086803e-28
240.8996298654211,-3.6052624326149324e-26
240.95457959851083,5.387338721464332e-26
241.0095293316006,6.837380290985216e-26
241.06447906469032,6.905894456545789e-26
241.11942879778007,6.957531005664837e-26
241.1743785308698,-1.1865188744862433e-26
241.22932826395956,2.1966037669376315e-26
241.2842779970493,-5.217587466169691e-26
241.33922773013902,-4.117652437506671e-26
241.39417746322877,-7.853434232630253e-27
241.4491271963185,-4.098696287098659e-26
241.50407692940826,7.888127939493542e-27
241.55902666249798,-6.068640827004989e-26
241.61397639558774,-2.4240649345477714e-26
241.66892612867747,3.830471223708151e-26
241.7238758617672,-1.1787624222064547e-26
241.77882559485695,4.766234072568577e-26
241.83377532794668,6.117183057086594e-26
241.88872506103644,3.883917163517322e-26
241.94367479412617,2.997476306446524e-26
241.99862452721592,-3.5857619049350956e-26
242.05357426030565,-5.9668756311848e-26
242.10852399339538,-1.6121537430015193e-26
242.16347372648514,-1.3105183216185467e-26
242.21842345957486,6.423660578567104e-26
242.27337319266462,3.210373285356353e-26
242.32832292575435,-6.964412347303533e-26
242.3832726588441,5.81043937604446e-27
242.43822239193383,1.758326466012237e-26
242.49317212502356,2.0358362357022147e-26
242.54812185811332,4.033279015039413e-27
242.60307159120305,-5.965407745790273e-26
242.6580213242928,6.928724133845875e-26
242.71297105738253,1.6755378514541633e-26
242.76792079047226,-6.922328588413371e-26
242.82287052356202,6.952517088189871e-26
242.87782025665175,1.5295994299078348e-26
242.9327699897415,-6.3578864389346e-26
242.98771972283123,5.768380119793014e-26
243.042669455921,2.1006760453952255e-27
243.09761918901071,-2.815670118984717e-27
243.15256892210044,-3.5194961706540195e-26
243.2075186551902,1.1026089038234746e-26
243.26246838827993,5.767500243401288e-26
243.31741812136968,-5.139118369632667e-26
243.3723678544594,6.939149509546036e-26
243.42731758754917,-5.19167689443292e-26
243.4822673206389,-8.502828894383719e-28
243.53721705372863,-6.898922241695242e-26
243.59216678681838,4.9861207713521357e-26
243.6471165199081,-6.558612460574762e-26
243.70206625299787,-1.2414336475611829e-26
243.7570159860876,2.3223730752629243e-26
243.81196571917735,-4.8165642476358645e-26
243.86691545226708,-1.0340519951906287e-27
243.9218651853568,-6.919715444668006e-26
243.97681491844656,3.294938950867068e-26
244.0317646515363,-5.9155600885161206e-27
244.08671438462605,-6.717021447793797e-26
244.14166411771578,6.493161413486464e-26
244.1966138508055,5.760990771442066e-26
244.25156358389526,-6.595281623579339e-26
244.306513316985,-2.4850746923814258e-26
244.36146305007475,5.614640700798342e-26
244.41641278316447,5.3677773352997775e-27
244.47136251625423,-5.333797959269398e-26
244.52631224934396,-1.0668970787266463e-26
244.5812619824337,5.971763254483348e-26
244.63621171552344,3.8349231040634286e-26
244.69116144861317,-6.871467421379194e-26
244.74611118170293,-6.665289887264832e-26
244.80106091479266,4.990462288859056e-26
244.8560106478824,5.64943045134442e-26
244.91096038097214,3.632641267679823e-26
244.96591011406187,-1.5539189239156718e-26
245.02085984715163,-3.997451775604422e-26
245.07580958024135,1.732692438276052e-27
245.1307593133311,-6.643147944332822e-26
245.18570904642084,-5.047749471367343e-26
245.2406587795106,-6.350987764893219e-26
245.29560851260032,1.1385676436314938e-26
245.35055824569005,1.6581711834503633e-26
245.4055079787798,-5.348171132229808e-27
245.46045771186954,-2.172585660971641e-26
245.5154074449593,-4.1631638412316407e-26
245.57035717804902,1.9826831599601965e-26
245.62530691113878,1.0079474531394232e-26
245.6802566442285,-5.78825938515182e-26
245.73520637731824,-5.561183135057195e-26
245.790156110408,-6.097234548732463e-26
245.84510584349772,-5.988549729449596e-26
245.90005557658748,1.6178850927698245e-26
245.9550053096772,6.093166876465781e-26
246.00995504276693,5.756857750966617e-26
246.0649047758567,-4.9417903940451795e-27
246.11985450894642,-4.66626731136133e-26
246.17480424203617,-5.251624225419841e-26
246.2297539751259,7.11744400596411e-27
246.28470370821566,6.208821349388635e-26
246.3396534413054,6.766989723371174e-26
246.39460317439512,-2.7918433754217144e-26
246.44955290748487,-5.847358532539652e-26
246.5045026405746,2.3282476789213447e-26
246.55945237366436,6.79099111703029e-26
246.61440210675408,7.550550149366961e-27
246.66935183984384,-8.492958688911917e-27
246.72430157293357,5.350098383133148e-26
246.7792513060233,-2.663548925083502e-26
246.83420103911305,-4.2678926568720885e-26
246.88915077220278,6.622921603566655e-26
246.94410050529254,-6.319043495919043e-27
246.99905023838227,1.714674252623266e-26
247.05399997147202,4.3331242178573373e-26
247.10894970456175,-5.58550157633889e-26
247.16389943765148,5.0892205267922834e-26
247.21884917074124,-4.540207729384385e-26
247.27379890383096,-8.699850520539679e-27
247.32874863692072,-5.188642654603341e-26
247.38369837001045,1.5306324235860844e-26
247.43864810310018,2.780623047949531e-26
247.49359783618993,2.4404432273622832e-26
247.54854756927966,1.4210089889982996e-26
247.60349730236942,5.721417959397832e-26
247.65844703545915,-5.478650822274288e-26
247.7133967685489,4.2547601480669745e-26
247.76834650163863,-6.319154957039723e-26
247.82329623472836,-2.7237801157849302e-27
247.87824596781812,-3.0351395077945426e-26
247.93319570090785,-5.262312628159245e-26
247.9881454339976,6.670731766609553e-26
248.04309516708733,-6.584249695991972e-26
248.0980449001771,4.1686500222398e-26
248.15299463326681,4.731190548904981e-26
248.20794436635654,2.358238623087737e-27
248.2628940994463,1.5718157016971052e-26
248.31784383253603,6.346003964348327e-26
248.37279356562578,2.1893948691354577e-26
248.4277432987155,-6.705945125938225e-26
248.48269303180527,2.2696582172914173e-26
248.537642764895,5.603943204961805e-26
248.59259249798473,-3.464933357411301e-26
248.64754223107448,-6.614870056468408e-26
248.7024919641642,-3.7919259943968064e-26
248.75744169725397,-9.729782937042672e-27
248.8123914303437,-1.2636030863741813e-29
248.86734116343345,-7.014297328410073e-27
248.92229089652318,-2.5764693266816156e-26
248.9772406296129,-4.8361265431765765e-26
249.03219036270266,-6.416942235090833e-26
249.0871400957924,-6.515382181145651e-26
249.14208982888215,-5.0918541046392505e-26
249.19703956197188,-2.78604051989232e-26
249.2519892950616,-4.022203284765256e-27
249.30693902815136,1.5149583304433244e-26
249.3618887612411,2.770206098277409e-26
249.41683849433085,3.38208439949042e-26
249.47178822742057,3.4128028014764516e-26
249.52673796051033,2.867381370433051e-26
249.58168769360006,1.6882479877622985e-26
249.6366374266898,-1.5429184848710835e-27
249.69158715977954,-2.4971397278789693e-26
249.74653689286927,-4.8377567676210567e-26
249.80148662595903,-6.389834855348913e-26
249.85643635904876,-6.47240339075737e-26
249.9113860921385,-5.0354233317831006e-26
249.96633582522824,-2.810921914158656e-26
250.02128555831797,-8.592038407576623e-27
250.07623529140773,-4.5487729860836797e-29
250.13118502449746,-7.588044533577556e-27
250.1861347575872,-3.365918746399169e-26
250.24108449067694,-6.383896633435002e-26
250.2960342237667,-4.2446426468251277e-26
250.35098395685642,4.7468899983492e-26
250.40593368994615,3.5133680611174e-26
250.4608834230359,-6.482520035256485e-26
250.51583315612564,8.551451082107493e-27
250.5707828892154,6.499980597518351e-26
250.62573262230512,2.035689329741496e-26
250.68068235539488,7.881808579510541e-28
250.7356320884846,3.976455553776594e-26
250.79058182157434,5.181520225805521e-26
250.8455315546641,-6.559129889510061e-26
250.90048128775382,5.927565321621757e-26
250.95543102084358,-3.891751545832106e-26
251.0103807539333,-3.767549526296664e-26
251.06533048702303,-6.413868700523258e-28
251.1202802201128,-5.544299537648657e-26
251.17522995320252,2.135814052825187e-26
251.23017968629227,-3.438969346967646e-26
251.285129419382,4.2004400846647234e-26
251.34007915247176,2.160874459280732e-26
251.3950288855615,1.5375484131685604e-26
251.44997861865122,4.636984996666119e-26
251.50492835174097,-1.5156255095173715e-26
251.5598780848307,-3.1380666628992246e-26
251.61482781792046,-1.5917975826408903e-26
251.66977755101018,-3.249857987905451e-26
251.72472728409994,2.447313677867355e-26
251.77967701718967,-6.511514065621086e-26
251.8346267502794,5.355061463649904e-26
251.88957648336915,8.09801181551719e-27
251.94452621645888,2.4481667432103776e-26
251.99947594954864,6.167362845594922e-26
252.05442568263837,-5.38417868417871e-26
252.10937541572812,-1.4223717623408964e-26
252.16432514881785,2.231751924313969e-26
252.21927488190758,-4.126549471005712e-26
252.27422461499734,1.6853047704643293e-26
252.32917434808707,5.880143223505741e-26
252.38412408117682,-1.9824985447335986e-26
252.43907381426655,-6.452044279070579e-26
252.49402354735628,-1.3658209985010494e-26
252.54897328044603,5.539918463232894e-26
252.60392301353576,3.6889383871574774e-26
252.65887274662552,9.472612860526081e-28
252.71382247971525,-1.3716263733503604e-26
252.768772212805,-9.249752165661876e-27
252.82372194589473,-2.028009300128235e-28
252.87867167898446,1.9036964847311283e-26
252.93362141207422,3.0788888237299084e-26
252.98857114516395,4.595357425455563e-27
253.0435208782537,-6.232500491823151e-26
253.09847061134343,-6.479602400627285e-26
253.1534203444332,-3.4307902319476954e-26
253.20837007752291,-1.0898496631355353e-26
253.26331981061264,2.4530073245718978e-26
253.3182695437024,5.395629357549016e-26
253.37321927679213,5.396475003658721e-27
253.42816900988188,-6.535097852482563e-27
253.4831187429716,4.747034580939998e-26
253.53806847606137,3.4367621154405183e-26
253.5930182091511,5.1318472893882333e-26
253.64796794224083,-2.818969691397339e-26
253.70291767533058,-2.6168688461150025e-26
253.7578674084203,-4.999784589738361e-26
253.81281714151007,8.869617216469942e-28
253.8677668745998,-6.445677118555277e-26
253.92271660768955,-3.4862767494354294e-26
253.97766634077928,-2.0995675741525237e-26
254.032616073869,6.439648380496911e-26
254.08756580695876,6.436951540086619e-26
254.1425155400485,-3.1607805746516116e-26
254.19746527313825,-4.9356587389913104e-26
254.25241500622798,-2.068401132142653e-26
254.3073647393177,3.2262642305223206e-26
254.36231447240746,4.7347281213319466e-26
254.4172642054972,-2.5065705584113908e-26
254.47221393858695,-5.169017691144382e-26
254.52716367167667,2.718810598991031e-26
254.58211340476643,3.83328811238704e-26
254.63706313785616,-3.905479928008077e-26
254.6920128709459,1.948322864410115e-27
254.74696260403564,5.85074927197854e-26
254.80191233712537,-5.361785717477186e-26
254.85686207021513,-5.583250997801746e-26
254.91181180330486,5.640602616650244e-26
254.9667615363946,-2.872216463218838e-26
255.02171126948434,-1.4200074336325163e-26
255.07666100257407,3.0197389773744233e-26
255.13161073566383,3.295737949372437e-27
255.18656046875356,5.282640621587205e-26
255.2415102018433,-5.61206804933258e-26
255.29645993493304,6.380031478714125e-26
255.3514096680228,-2.757689973202211e-26
255.40635940111252,-4.5072251635114305e-27
255.46130913420225,-5.367468464215414e-26
255.516258867292,4.258760458480658e-26
255.57120860038174,-6.354307302677871e-26
255.6261583334715,4.7072585121877477e-26
255.68110806656122,1.769060050732409e-30
255.73605779965095,4.084300528056611e-26
255.7910075327407,-5.866369537423974e-26
255.84595726583044,2.067828840609361e-26
255.9009069989202,4.4025308221027183e-26
255.95585673200992,-5.522936126711284e-26
256.0108064650997,4.4157269698900614e-26
256.06575619818943,5.916481067861952e-29
256.12070593127913,-4.6506521382287156e-26
256.1756556643689,4.660183843452838e-26
256.23060539745865,1.3252213826790156e-26
256.28555513054835,-5.666886835198723e-26
256.3405048636381,2.763875856467514e-26
256.39545459672786,6.2214720823373e-26
256.4504043298176,-5.445170349061284e-26
256.5053540629073,1.5760429192286897e-27
256.5603037959971,-1.4442603770209164e-26
256.61525352908683,5.623715245913941e-26
256.6702032621765,2.4593118475825334e-26
256.7251529952663,-4.456517506467607e-26
256.78010272835604,-6.186446860246532e-26
256.83505246144574,2.7578300030294285e-26
256.8900021945355,-4.461488095422677e-27
256.94495192762525,6.00037149692814e-26
256.999901660715,5.0771614410595986e-26
257.0548513938047,-2.789300391134287e-26
257.10980112689447,9.337820995333147e-27
257.1647508599842,-4.4755886216295703e-26
257.2197005930739,-5.132822088754975e-26
257.2746503261637,-5.532511199006743e-26
257.32960005925344,-5.175579647996841e-26
257.3845497923432,1.7437105143654973e-27
257.4394995254329,-6.276295666817487e-26
257.49444925852265,-6.123799232515451e-26
257.5493989916124,-4.3379486173266305e-26
257.6043487247021,-5.537415272348792e-26
257.65929845779186,1.2843594414816355e-28
257.7142481908816,-4.7214954452548816e-26
257.7691979239714,-5.2077970748946305e-27
257.8241476570611,-3.815814237052697e-27
257.87909739015083,4.47254741405167e-27
257.9340471232406,5.321723231273671e-26
257.9889968563303,-2.395598438084091e-27
258.04394658942005,2.1836129312898215e-26
258.0988963225098,-6.123705158705053e-26
258.15384605559956,-4.376843668208791e-26
258.20879578868926,-4.385743782530155e-27
258.263745521779,4.239264682309396e-26
258.31869525486877,5.719492429746347e-26
258.37364498795847,-3.951358101540135e-26
258.4285947210482,4.021294930142046e-27
258.483544454138,-5.471842701841877e-27
258.53849418722774,3.801613112624481e-26
258.59344392031744,-6.217703269168157e-26
258.6483936534072,1.6715968848070418e-26
258.70334338649695,5.520943518070405e-26
258.75829311958665,-3.8975327525676255e-26
258.8132428526764,-3.6294344031681376e-26
258.86819258576617,6.064503062477317e-26
258.9231423188559,-2.0747775682159903e-26
258.9780920519456,-2.9605203101366106e-26
259.0330417850354,5.71218251991564e-26
259.08799151812514,-6.164479787135524e-26
259.14294125121484,5.423310923232207e-26
259.1978909843046,-4.3668271869308867e-26
259.25284071739435,3.4215981617620225e-26
259.3077904504841,-2.7237233310781244e-26
259.3627401835738,2.2821701950681053e-26
259.41768991666356,-2.0707353239829006e-26
259.4726396497533,2.0689092141151293e-26
259.527589382843,-2.2763328206950735e-26
259.5825391159328,2.7128180636573254e-26
259.63748884902253,-3.4040272320184196e-26
259.6924385821123,4.3410867544859194e-26
259.747388315202,-5.389800985034466e-26
259.80233804829174,6.12928294551629e-26
259.8572877813815,-5.691813226425771e-26
259.9122375144712,2.979932018205035e-26
259.96718724756096,2.0069529879644933e-26
260.0221369806507,-5.999050450233491e-26
260.0770867137404,3.656218313225661e-26
260.13203644683017,3.7955795508265845e-26
260.1869861799199,-5.499354110885852e-26
260.2419359130097,-1.5761221713066222e-26
260.2968856460994,6.136539481409455e-26
260.35183537918914,-3.789410158716957e-26
260.4067851122789,5.58542610412591e-27
260.4617348453686,-3.7932783075493005e-27
260.51668457845835,3.845815296370811e-26
260.5716343115481,-5.66438086066671e-26
260.62658404463787,-4.071808870317194e-26
260.68153377772757,5.75594011316228e-27
260.7364835108173,4.3945994429384224e-26
260.7914332439071,5.98161706423872e-26
260.8463829769968,-2.1909390221995846e-26
260.90133271008654,2.1608143709124197e-27
260.9562824431763,-5.1545401855310886e-26
261.01123217626605,-2.774127037461432e-27
261.06618190935575,5.621400308377582e-27
261.1211316424455,6.792136213044202e-27
261.17608137553526,4.6707322067220767e-26
261.23103110862496,-7.744784765932524e-29
261.2859808417147,5.333321549835674e-26
261.3409305748045,4.069278085144522e-26
261.39588030789423,5.898986969465237e-26
261.45083004098393,6.086888060687423e-26
261.5057797740737,-1.92565829293033e-27
261.56072950716344,4.943014440602802e-26
261.61567924025314,5.242576254461092e-26
261.6706289733429,5.1061509740115244e-26
261.72557870643266,4.419854397306877e-26
261.7805284395224,-8.451789927042147e-27
261.8354781726121,2.896194800930759e-26
261.89042790570187,-4.727335535372834e-26
261.9453776387916,-5.837365704431975e-26
262.0003273718813,3.865618001628258e-27
262.0552771049711,-2.876200116972857e-26
262.11022683806084,5.883417339986367e-26
262.1651765711506,4.3912491009186213e-26
262.2201263042403,-2.2583870368386848e-26
262.27507603733005,-5.24801075986261e-26
262.3300257704198,1.1073854791065562e-26
262.3849755035095,-1.828834520452125e-27
262.43992523659927,5.339721264809626e-26
262.494874969689,-5.877888410979574e-26
262.5498247027788,-2.7630594086953164e-26
262.6047744358685,5.316763690197497e-26
262.65972416895823,-8.983305859133348e-27
262.714673902048,-4.5696723912106074e-26
262.7696236351377,4.300379755133405e-26
262.82457336822745,3.852396473152726e-27
262.8795231013172,-4.336344337164593e-26
262.93447283440696,5.1362360638934275e-26
262.98942256749666,-3.8784203723136516e-26
263.0443723005864,-2.089819031497589e-26
263.0993220336762,5.672828987787862e-26
263.1542717667659,-4.164169124034436e-26
263.20922149985563,-1.3684903237950058e-29
263.2641712329454,-4.1673789833243816e-26
263.3191209660351,5.978303360140935e-26
263.37407069912484,-3.863513612359531e-26
263.4290204322146,4.8061926791538314e-26
263.48397016530436,4.97215567414118e-27
263.53891989839406,2.2091250246586833e-26
263.5938696314838,-6.002644734565107e-26
263.64881936457357,5.1459979764493103e-26
263.70376909766327,-5.209016495824713e-26
263.758718830753,-2.4938361720452833e-27
263.8136685638428,-3.2640864777498464e-26
263.86861829693254,1.465371975346877e-26
263.92356803002224,2.2688964752837902e-26
263.978517763112,-5.412892110485897e-26
264.03346749620175,5.401502148912097e-26
264.08841722929145,4.7794099630236515e-26
264.1433669623812,-5.331403674243697e-26
264.19831669547096,2.9019350096270887e-27
264.2532664285607,3.447193422545229e-26
264.3082161616504,-3.968444765101208e-26
264.3631658947402,-2.3461267310801706e-26
264.41811562782993,5.1050553883809865e-26
264.47306536091963,2.1460801713194349e-26
264.5280150940094,-4.7445725138397006e-26
264.58296482709915,-2.791804117263597e-26
264.6379145601889,2.413553963022106e-26
264.6928642932786,4.373912368346198e-26
264.74781402636836,2.4850545721699536e-26
264.8027637594581,-5.944065186902071e-26
264.8577134925478,-5.934375915665454e-26
264.9126632256376,2.41924950391692e-26
264.96761295872733,3.438179391584147e-26
265.0225626918171,5.896583822812098e-26
265.0775124249068,-1.2960279857741052e-27
265.13246215799654,4.170787327523487e-26
265.1874118910863,2.196076388136733e-26
265.242361624176,2.0910280577618947e-26
265.29731135726576,-5.001385502947624e-26
265.3522610903555,-3.389209625619515e-26
265.40721082344527,-4.7787430233422717e-26
265.46216055653497,4.832220900387024e-27
265.5171102896247,-1.0933262403986023e-26
265.5720600227145,-5.20292432037135e-26
265.6270097558042,-2.470114331056688e-26
265.68195948889394,2.9298761927274454e-27
265.7369092219837,2.882980496023154e-26
265.79185895507345,5.870366525112104e-26
265.84680868816315,5.44820234958118e-26
265.9017584212529,-3.161685189718409e-27
265.95670815434266,-2.2539834339660387e-26
266.01165788743236,-1.090832003142574e-26
266.0666076205221,2.379438277584272e-29
266.1215573536119,1.9500054747833545e-27
266.17650708670163,5.8305446766338066e-27
266.23145681979133,-4.159068396175029e-28
266.2864065528811,-2.8066650220332024e-26
266.34135628597085,-4.5901672299667194e-26
266.39630601906055,1.0444757666569713e-26
266.4512557521503,5.874919355282515e-26
266.50620548524006,2.5267665468221808e-26
266.56115521832976,-5.0914222433150784e-26
266.6161049514195,-1.747644535873076e-26
266.6710546845093,4.2649156717093573e-26
266.72600441759903,-1.3078549333868505e-26
266.78095415068873,1.0752353772840172e-26
266.8359038837785,5.075771448711991e-26
266.89085361686824,-5.208102158900466e-26
266.94580334995794,-2.819671452336577e-26
267.0007530830477,-5.682151221756363e-27
267.05570281613745,-5.0435464876553144e-26
267.1106525492272,5.850483812863036e-26
267.1656022823169,-1.452803497332416e-26
267.22055201540667,2.604369803228591e-26
267.2755017484964,1.664110029779186e-26
267.3304514815861,2.1403744889810695e-26
267.3854012146759,2.1951356579021832e-26
267.44035094776564,-4.5867471671042675e-26
267.4953006808554,-1.138894384758157e-26
267.5502504139451,-2.2034456860750818e-26
267.60520014703485,-3.141364647786298e-26
267.6601498801246,2.236913691901013e-26
267.7150996132143,-1.1010054735608853e-26
267.77004934630406,4.628357596017183e-26
267.8249990793938,1.6635570477714974e-28
267.8799488124836,3.663751127710699e-26
267.9348985455733,2.794838274106444e-26
267.98984827866303,-4.7577345642687936e-26
268.0447980117528,5.624779155276118e-26
268.0997477448425,-4.981910374688014e-26
268.15469747793225,-3.161373965442724e-26
268.209647211022,-2.2276835714989716e-28
268.26459694411176,-2.0905107910983055e-26
268.31954667720146,-5.789652558276986e-26
268.3744964102912,1.0135707863634712e-27
268.42944614338097,5.417382275638856e-26
268.48439587647067,-3.8762726865793964e-26
268.5393456095604,-3.4584585762780776e-26
268.5942953426502,4.2883662714262424e-26
268.64924507573994,5.390604996310466e-26
268.70419480882964,2.5896104194142503e-26
268.7591445419194,4.814427736209009e-27
268.81409427500915,3.413683789436169e-28
268.86904400809885,9.72337821086161e-27
268.9239937411886,2.80366983582453e-26
268.97894347427837,4.718472024755844e-26
269.0338932073681,5.739543405819455e-26
269.0888429404578,5.295615057315653e-26
269.1437926735476,3.580377928205355e-26
269.19874240663734,1.3087250109835615e-26
269.25369213972704,-8.074708189176926e-27
269.3086418728168,-2.3798628372852373e-26
269.36359160590655,-3.338799272675473e-26
269.4185413389963,-3.7675031251083106e-26
269.473491072086,-3.7454757195030875e-26
269.52844080517576,-3.268781245628339e-26
269.5833905382655,-2.2541082122086403e-26
269.6383402713552,-6.265025195072899e-27
269.693290004445,1.5193886187588706e-26
269.74823973753473,3.761364036799086e-26
269.80318947062443,5.371774164973279e-26
269.8581392037142,5.668157217239327e-26
269.91308893680394,4.53118033440244e-26
269.9680386698937,2.592732330015896e-26
270.0229884029834,8.294707473253529e-27
270.07793813607316,1.0955800981834973e-28
270.1328878691629,6.020032873672915e-27
270.1878376022526,2.831201043590946e-26
270.24278733534237,5.491795295439795e-26
270.2977370684321,3.728451623967735e-26
270.3526868015219,-4.081908208465784e-26
270.4076365346116,-3.0110953191569453e-26
270.46258626770134,5.621377760610893e-26
270.5175360007911,-8.738861951169982e-27
270.5724857338808,-5.592647408794185e-26
270.62743546697055,-1.6752229362697338e-26
270.6823852000603,-9.155358986191274e-28
270.73733493315007,-3.5841558494242283e-26
270.79228466623977,-4.241631865716983e-26
270.8472343993295,5.697659230006322e-26
270.9021841324193,-5.356336018621648e-26
270.957133865509,3.779187497194032e-26
271.01208359859874,2.9987634219164364e-26
271.0670333316885,1.0886972748929333e-27
271.12198306477825,5.0321839289760165e-26
271.17693279786795,-2.6125746744720837e-26
271.2318825309577,3.763704015279597e-26
271.28683226404746,-4.2251830461941826e-26
271.34178199713716,-1.540430076402197e-26
271.3967317302269,-1.6567757532840508e-26
271.4516814633167,-3.2550317688660445e-26
271.50663119640643,1.4900374766590556e-28
271.56158092949613,3.622986721984729e-26
271.6165306625859,1.0154967283883432e-26
271.67148039567564,3.3336237850753046e-26
271.72643012876534,-3.350057449236139e-26
271.7813798618551,5.259979813530644e-26
271.83632959494486,-4.082793305048466e-26
271.8912793280346,-1.0832385250165043e-26
271.9462290611243,-6.4222150583507e-27
272.00117879421407,-5.649558067667002e-26
272.0561285273038,4.026226784311966e-26
272.1110782603935,1.7868212978794615e-26
272.1660279934833,-3.5530832626263174e-26
272.22097772657304,1.8934845263395882e-26
272.2759274596628,-9.100387064237872e-27
272.3308771927525,-5.514466823979912e-26
272.38582692584225,-5.711060979090067e-27
272.440776658932,5.195944791099014e-26
272.4957263920217,1.8618030720185507e-26
272.55067612511147,-5.580376441655989e-26
272.6056258582012,-4.603611594878526e-26
272.660575591291,-3.575200355057294e-27
272.7155253243807,3.3736963982319625e-26
272.77047505747043,2.935601246945073e-26
272.8254247905602,2.1801653459024526e-27
272.8803745236499,-3.88005050989112e-26
272.93532425673965,-4.4232286634230513e-26
272.9902739898294,-9.674098341974958e-27
273.04522372291916,5.43678689014295e-26
273.10017345600886,5.325081911422942e-26
273.1551231890986,4.0774979475830557e-26
273.2100729221884,3.80488143635331e-26
273.2650226552781,-1.1685797887683027e-26
273.31997238836783,-2.7472454233398863e-26
273.3749221214576,2.3671637405037774e-26
273.4298718545473,1.3466028668809644e-26
273.48482158763704,-1.0606079609375699e-26
273.5397713207268,-1.779993161732867e-26
273.59472105381656,-2.1440697459142832e-26
273.64967078690626,4.6353740536388195e-26
273.704620519996,3.5753234881436287e-26
273.75957025308577,5.578127122623256e-26
273.81451998617547,-3.6722066788866134e-28
273.8694697192652,4.347634764778392e-26
273.924419452355,1.6877794626046202e-26
273.97936918544474,-1.6717059451490663e-26
274.03431891853444,-5.0019211598528836e-26
274.0892686516242,-4.755002083856987e-26
274.14421838471395,4.986315753214666e-26
274.19916811780365,5.377635040399498e-26
274.2541178508934,-1.9459658791266212e-26
274.30906758398316,-4.333080426996431e-26
274.3640173170729,-5.0724115546146275e-27
274.4189670501626,3.751020907567082e-26
274.4739167832524,9.541100481237058e-27
274.52886651634213,-3.985274093580383e-26
274.58381624943183,6.829353786223631e-27
274.6387659825216,4.928742701476573e-26
274.69371571561135,-3.814242838237099e-26
